26-03-31 10:55:40.952 [background-preinit] INFO  o.h.validator.internal.util.Version - HV000001: Hibernate Validator 8.0.3.Final
26-03-31 10:55:41.074 [Test worker] INFO  c.s.m.d.r.UserRepositoryTest - Starting UserRepositoryTest using Java 17.0.15 with PID 12164 (started by ASUS in C:\Users\ASUS\Desktop\dev\web\codeit_sprint_bootcamp\sprint-mission\9-sprint-mission\discodeit)
26-03-31 10:55:41.076 [Test worker] INFO  c.s.m.d.r.UserRepositoryTest - The following 1 profile is active: "test"
26-03-31 10:55:42.180 [Test worker] INFO  o.s.d.r.c.RepositoryConfigurationDelegate - Bootstrapping Spring Data JPA repositories in DEFAULT mode.
26-03-31 10:55:42.354 [Test worker] INFO  o.s.d.r.c.RepositoryConfigurationDelegate - Finished Spring Data repository scanning in 152 ms. Found 6 JPA repository interfaces.
26-03-31 10:55:42.468 [Test worker] INFO  o.s.b.t.a.j.TestDatabaseAutoConfiguration$EmbeddedDataSourceBeanFactoryPostProcessor - Replacing 'dataSource' DataSource bean with embedded version
26-03-31 10:55:42.726 [Test worker] INFO  o.s.j.d.e.EmbeddedDatabaseFactory - Starting embedded database: url='jdbc:h2:mem:0b5e6db4-0ec4-4779-aa94-92ae8845d37a;DB_CLOSE_DELAY=-1;DB_CLOSE_ON_EXIT=false', username='sa'
26-03-31 10:55:43.360 [Test worker] INFO  o.h.jpa.internal.util.LogHelper - HHH000204: Processing PersistenceUnitInfo [name: default]
26-03-31 10:55:43.604 [Test worker] INFO  org.hibernate.Version - HHH000412: Hibernate ORM core version 6.6.41.Final
26-03-31 10:55:43.696 [Test worker] INFO  o.h.c.i.RegionFactoryInitiator - HHH000026: Second-level cache disabled
26-03-31 10:55:44.280 [Test worker] INFO  o.s.o.j.p.SpringPersistenceUnitInfo - No LoadTimeWeaver setup: ignoring JPA class transformer
26-03-31 10:55:44.414 [Test worker] WARN  org.hibernate.orm.deprecation - HHH90000025: H2Dialect does not need to be specified explicitly using 'hibernate.dialect' (remove the property setting and it will be selected by default)
26-03-31 10:55:44.461 [Test worker] INFO  o.hibernate.orm.connections.pooling - HHH10001005: Database info:
	Database JDBC URL [Connecting through datasource 'org.springframework.jdbc.datasource.embedded.EmbeddedDatabaseFactory$EmbeddedDataSourceProxy@54234569']
	Database driver: undefined/unknown
	Database version: 2.3.232
	Autocommit mode: undefined/unknown
	Isolation level: undefined/unknown
	Minimum pool size: undefined/unknown
	Maximum pool size: undefined/unknown
26-03-31 10:55:46.515 [Test worker] INFO  o.h.e.t.j.p.i.JtaPlatformInitiator - HHH000489: No JTA platform available (set 'hibernate.transaction.jta.platform' to enable JTA platform integration)
26-03-31 10:55:46.555 [Test worker] DEBUG org.hibernate.SQL - 
    [34mdrop[0m [34mtable[0m [34mif[0m [34mexists[0m binary_contents [34mcascade[0m 
26-03-31 10:55:46.562 [Test worker] DEBUG org.hibernate.SQL - 
    [34mdrop[0m [34mtable[0m [34mif[0m [34mexists[0m channels [34mcascade[0m 
26-03-31 10:55:46.563 [Test worker] DEBUG org.hibernate.SQL - 
    [34mdrop[0m [34mtable[0m [34mif[0m [34mexists[0m message_attachments [34mcascade[0m 
26-03-31 10:55:46.564 [Test worker] DEBUG org.hibernate.SQL - 
    [34mdrop[0m [34mtable[0m [34mif[0m [34mexists[0m messages [34mcascade[0m 
26-03-31 10:55:46.565 [Test worker] DEBUG org.hibernate.SQL - 
    [34mdrop[0m [34mtable[0m [34mif[0m [34mexists[0m read_statuses [34mcascade[0m 
26-03-31 10:55:46.566 [Test worker] DEBUG org.hibernate.SQL - 
    [34mdrop[0m [34mtable[0m [34mif[0m [34mexists[0m user_statuses [34mcascade[0m 
26-03-31 10:55:46.567 [Test worker] DEBUG org.hibernate.SQL - 
    [34mdrop[0m [34mtable[0m [34mif[0m [34mexists[0m users [34mcascade[0m 
26-03-31 10:55:46.579 [Test worker] DEBUG org.hibernate.SQL - 
    [34mcreate[0m [34mtable[0m binary_contents (
        created_at [34mtimestamp[0m [34mwith[0m [34mtime[0m zone [34mnot[0m [34mnull[0m,
        size [34mbigint[0m [34mnot[0m [34mnull[0m,
        id uuid [34mnot[0m [34mnull[0m,
        content_type [34mvarchar[0m(100) [34mnot[0m [34mnull[0m,
        file_name [34mvarchar[0m(255) [34mnot[0m [34mnull[0m,
        [34mprimary[0m [34mkey[0m (id)
    )
26-03-31 10:55:46.598 [Test worker] DEBUG org.hibernate.SQL - 
    [34mcreate[0m [34mtable[0m channels (
        created_at [34mtimestamp[0m [34mwith[0m [34mtime[0m zone [34mnot[0m [34mnull[0m,
        updated_at [34mtimestamp[0m [34mwith[0m [34mtime[0m zone,
        id uuid [34mnot[0m [34mnull[0m,
        name [34mvarchar[0m(100),
        description [34mvarchar[0m(500),
        type enum ([36m'PRIVATE'[0m,[36m'PUBLIC'[0m) [34mnot[0m [34mnull[0m,
        [34mprimary[0m [34mkey[0m (id)
    )
26-03-31 10:55:46.603 [Test worker] DEBUG org.hibernate.SQL - 
    [34mcreate[0m [34mtable[0m message_attachments (
        attachment_id uuid [34mnot[0m [34mnull[0m,
        message_id uuid [34mnot[0m [34mnull[0m
    )
26-03-31 10:55:46.605 [Test worker] DEBUG org.hibernate.SQL - 
    [34mcreate[0m [34mtable[0m messages (
        created_at [34mtimestamp[0m [34mwith[0m [34mtime[0m zone [34mnot[0m [34mnull[0m,
        updated_at [34mtimestamp[0m [34mwith[0m [34mtime[0m zone,
        author_id uuid [34mnot[0m [34mnull[0m,
        channel_id uuid [34mnot[0m [34mnull[0m,
        id uuid [34mnot[0m [34mnull[0m,
        content TEXT,
        [34mprimary[0m [34mkey[0m (id)
    )
26-03-31 10:55:46.610 [Test worker] DEBUG org.hibernate.SQL - 
    [34mcreate[0m [34mtable[0m read_statuses (
        created_at [34mtimestamp[0m [34mwith[0m [34mtime[0m zone [34mnot[0m [34mnull[0m,
        last_read_at [34mtimestamp[0m(6) [34mwith[0m [34mtime[0m zone [34mnot[0m [34mnull[0m,
        updated_at [34mtimestamp[0m [34mwith[0m [34mtime[0m zone,
        channel_id uuid [34mnot[0m [34mnull[0m,
        id uuid [34mnot[0m [34mnull[0m,
        user_id uuid [34mnot[0m [34mnull[0m,
        [34mprimary[0m [34mkey[0m (id),
        [34mconstraint[0m uk_user_channel [34munique[0m (user_id, channel_id)
    )
26-03-31 10:55:46.616 [Test worker] DEBUG org.hibernate.SQL - 
    [34mcreate[0m [34mtable[0m user_statuses (
        created_at [34mtimestamp[0m [34mwith[0m [34mtime[0m zone [34mnot[0m [34mnull[0m,
        last_active_at [34mtimestamp[0m(6) [34mwith[0m [34mtime[0m zone [34mnot[0m [34mnull[0m,
        updated_at [34mtimestamp[0m [34mwith[0m [34mtime[0m zone,
        id uuid [34mnot[0m [34mnull[0m,
        user_id uuid [34munique[0m,
        [34mprimary[0m [34mkey[0m (id)
    )
26-03-31 10:55:46.621 [Test worker] DEBUG org.hibernate.SQL - 
    [34mcreate[0m [34mtable[0m users (
        created_at [34mtimestamp[0m [34mwith[0m [34mtime[0m zone [34mnot[0m [34mnull[0m,
        updated_at [34mtimestamp[0m [34mwith[0m [34mtime[0m zone,
        id uuid [34mnot[0m [34mnull[0m,
        profile_id uuid [34munique[0m,
        username [34mvarchar[0m(50) [34mnot[0m [34mnull[0m [34munique[0m,
        password [34mvarchar[0m(60) [34mnot[0m [34mnull[0m,
        email [34mvarchar[0m(100) [34mnot[0m [34mnull[0m [34munique[0m,
        [34mprimary[0m [34mkey[0m (id)
    )
26-03-31 10:55:46.630 [Test worker] DEBUG org.hibernate.SQL - 
    [34malter[0m [34mtable[0m [34mif[0m [34mexists[0m message_attachments 
       [34madd[0m [34mconstraint[0m FKsd1m8rb8jcpbcnb7rpdue7ctc 
       [34mforeign[0m [34mkey[0m (attachment_id) 
       [34mreferences[0m binary_contents
26-03-31 10:55:46.660 [Test worker] DEBUG org.hibernate.SQL - 
    [34malter[0m [34mtable[0m [34mif[0m [34mexists[0m message_attachments 
       [34madd[0m [34mconstraint[0m FKj7twd218e2gqw9cmlhwvo1rth 
       [34mforeign[0m [34mkey[0m (message_id) 
       [34mreferences[0m messages
26-03-31 10:55:46.668 [Test worker] DEBUG org.hibernate.SQL - 
    [34malter[0m [34mtable[0m [34mif[0m [34mexists[0m messages 
       [34madd[0m [34mconstraint[0m FKowtlim26svclkatusptbgi7u1 
       [34mforeign[0m [34mkey[0m (author_id) 
       [34mreferences[0m users
26-03-31 10:55:46.672 [Test worker] DEBUG org.hibernate.SQL - 
    [34malter[0m [34mtable[0m [34mif[0m [34mexists[0m messages 
       [34madd[0m [34mconstraint[0m FK3u3ckbhwq9se1cmopk2pq05b2 
       [34mforeign[0m [34mkey[0m (channel_id) 
       [34mreferences[0m channels
26-03-31 10:55:46.676 [Test worker] DEBUG org.hibernate.SQL - 
    [34malter[0m [34mtable[0m [34mif[0m [34mexists[0m read_statuses 
       [34madd[0m [34mconstraint[0m FKa38ri44ml4gfdpklx4ahqr8gd 
       [34mforeign[0m [34mkey[0m (channel_id) 
       [34mreferences[0m channels
26-03-31 10:55:46.681 [Test worker] DEBUG org.hibernate.SQL - 
    [34malter[0m [34mtable[0m [34mif[0m [34mexists[0m read_statuses 
       [34madd[0m [34mconstraint[0m FKml3k4wr9sj5yxrmj6d0aoib2e 
       [34mforeign[0m [34mkey[0m (user_id) 
       [34mreferences[0m users
26-03-31 10:55:46.685 [Test worker] DEBUG org.hibernate.SQL - 
    [34malter[0m [34mtable[0m [34mif[0m [34mexists[0m user_statuses 
       [34madd[0m [34mconstraint[0m FK4lfl3ei2ubchgcxrrpo3pw4mm 
       [34mforeign[0m [34mkey[0m (user_id) 
       [34mreferences[0m users
26-03-31 10:55:46.689 [Test worker] DEBUG org.hibernate.SQL - 
    [34malter[0m [34mtable[0m [34mif[0m [34mexists[0m users 
       [34madd[0m [34mconstraint[0m FKtbudycgrip49xdptogmhfqnso 
       [34mforeign[0m [34mkey[0m (profile_id) 
       [34mreferences[0m binary_contents
26-03-31 10:55:46.700 [Test worker] INFO  o.s.o.j.LocalContainerEntityManagerFactoryBean - Initialized JPA EntityManagerFactory for persistence unit 'default'
26-03-31 10:55:47.808 [Test worker] INFO  o.s.d.j.r.query.QueryEnhancerFactory - Hibernate is in classpath; If applicable, HQL parser will be used.
26-03-31 10:55:49.528 [Test worker] WARN  o.s.c.a.AnnotationConfigApplicationContext - Exception encountered during context initialization - cancelling refresh attempt: org.springframework.beans.factory.BeanCreationException: Error creating bean with name 'dataSourceScriptDatabaseInitializer' defined in class path resource [org/springframework/boot/autoconfigure/sql/init/DataSourceInitializationConfiguration.class]: Failed to execute SQL script statement #1 of file [C:\Users\ASUS\Desktop\dev\web\codeit_sprint_bootcamp\sprint-mission\9-sprint-mission\discodeit\build\resources\main\schema.sql]: CREATE TABLE binary_contents ( id uuid PRIMARY KEY, created_at timestamp with time zone NOT NULL, file_name varchar(255) NOT NULL, size bigint NOT NULL, content_type varchar(100) NOT NULL )
26-03-31 10:55:49.529 [Test worker] INFO  o.s.o.j.LocalContainerEntityManagerFactoryBean - Closing JPA EntityManagerFactory for persistence unit 'default'
26-03-31 10:55:49.533 [Test worker] DEBUG org.hibernate.SQL - 
    [34mdrop[0m [34mtable[0m [34mif[0m [34mexists[0m binary_contents [34mcascade[0m 
26-03-31 10:55:49.540 [Test worker] DEBUG org.hibernate.SQL - 
    [34mdrop[0m [34mtable[0m [34mif[0m [34mexists[0m channels [34mcascade[0m 
26-03-31 10:55:49.542 [Test worker] DEBUG org.hibernate.SQL - 
    [34mdrop[0m [34mtable[0m [34mif[0m [34mexists[0m message_attachments [34mcascade[0m 
26-03-31 10:55:49.544 [Test worker] DEBUG org.hibernate.SQL - 
    [34mdrop[0m [34mtable[0m [34mif[0m [34mexists[0m messages [34mcascade[0m 
26-03-31 10:55:49.546 [Test worker] DEBUG org.hibernate.SQL - 
    [34mdrop[0m [34mtable[0m [34mif[0m [34mexists[0m read_statuses [34mcascade[0m 
26-03-31 10:55:49.552 [Test worker] DEBUG org.hibernate.SQL - 
    [34mdrop[0m [34mtable[0m [34mif[0m [34mexists[0m user_statuses [34mcascade[0m 
26-03-31 10:55:49.554 [Test worker] DEBUG org.hibernate.SQL - 
    [34mdrop[0m [34mtable[0m [34mif[0m [34mexists[0m users [34mcascade[0m 
26-03-31 10:55:49.621 [Test worker] INFO  o.s.b.a.l.ConditionEvaluationReportLogger - 

Error starting ApplicationContext. To display the condition evaluation report re-run your application with 'debug' enabled.
26-03-31 10:55:49.715 [Test worker] ERROR o.s.boot.SpringApplication - Application run failed
org.springframework.beans.factory.BeanCreationException: Error creating bean with name 'dataSourceScriptDatabaseInitializer' defined in class path resource [org/springframework/boot/autoconfigure/sql/init/DataSourceInitializationConfiguration.class]: Failed to execute SQL script statement #1 of file [C:\Users\ASUS\Desktop\dev\web\codeit_sprint_bootcamp\sprint-mission\9-sprint-mission\discodeit\build\resources\main\schema.sql]: CREATE TABLE binary_contents ( id uuid PRIMARY KEY, created_at timestamp with time zone NOT NULL, file_name varchar(255) NOT NULL, size bigint NOT NULL, content_type varchar(100) NOT NULL )
	at org.springframework.beans.factory.support.AbstractAutowireCapableBeanFactory.initializeBean(AbstractAutowireCapableBeanFactory.java:1826)
	at org.springframework.beans.factory.support.AbstractAutowireCapableBeanFactory.doCreateBean(AbstractAutowireCapableBeanFactory.java:607)
	at org.springframework.beans.factory.support.AbstractAutowireCapableBeanFactory.createBean(AbstractAutowireCapableBeanFactory.java:529)
	at org.springframework.beans.factory.support.AbstractBeanFactory.lambda$doGetBean$0(AbstractBeanFactory.java:339)
	at org.springframework.beans.factory.support.DefaultSingletonBeanRegistry.getSingleton(DefaultSingletonBeanRegistry.java:373)
	at org.springframework.beans.factory.support.AbstractBeanFactory.doGetBean(AbstractBeanFactory.java:337)
	at org.springframework.beans.factory.support.AbstractBeanFactory.getBean(AbstractBeanFactory.java:202)
	at org.springframework.beans.factory.support.AbstractBeanFactory.doGetBean(AbstractBeanFactory.java:315)
	at org.springframework.beans.factory.support.AbstractBeanFactory.getBean(AbstractBeanFactory.java:202)
	at org.springframework.beans.factory.support.DefaultListableBeanFactory.instantiateSingleton(DefaultListableBeanFactory.java:1228)
	at org.springframework.beans.factory.support.DefaultListableBeanFactory.preInstantiateSingleton(DefaultListableBeanFactory.java:1194)
	at org.springframework.beans.factory.support.DefaultListableBeanFactory.preInstantiateSingletons(DefaultListableBeanFactory.java:1130)
	at org.springframework.context.support.AbstractApplicationContext.finishBeanFactoryInitialization(AbstractApplicationContext.java:990)
	at org.springframework.context.support.AbstractApplicationContext.refresh(AbstractApplicationContext.java:627)
	at org.springframework.boot.SpringApplication.refresh(SpringApplication.java:752)
	at org.springframework.boot.SpringApplication.refreshContext(SpringApplication.java:439)
	at org.springframework.boot.SpringApplication.run(SpringApplication.java:318)
	at org.springframework.boot.test.context.SpringBootContextLoader.lambda$loadContext$3(SpringBootContextLoader.java:152)
	at org.springframework.util.function.ThrowingSupplier.get(ThrowingSupplier.java:58)
	at org.springframework.util.function.ThrowingSupplier.get(ThrowingSupplier.java:46)
	at org.springframework.boot.SpringApplication.withHook(SpringApplication.java:1461)
	at org.springframework.boot.test.context.SpringBootContextLoader$ContextLoaderHook.run(SpringBootContextLoader.java:595)
	at org.springframework.boot.test.context.SpringBootContextLoader.loadContext(SpringBootContextLoader.java:152)
	at org.springframework.boot.test.context.SpringBootContextLoader.loadContext(SpringBootContextLoader.java:111)
	at org.springframework.test.context.cache.DefaultCacheAwareContextLoaderDelegate.loadContextInternal(DefaultCacheAwareContextLoaderDelegate.java:225)
	at org.springframework.test.context.cache.DefaultCacheAwareContextLoaderDelegate.loadContext(DefaultCacheAwareContextLoaderDelegate.java:152)
	at org.springframework.test.context.support.DefaultTestContext.getApplicationContext(DefaultTestContext.java:130)
	at org.springframework.test.context.support.DependencyInjectionTestExecutionListener.injectDependencies(DependencyInjectionTestExecutionListener.java:155)
	at org.springframework.test.context.support.DependencyInjectionTestExecutionListener.prepareTestInstance(DependencyInjectionTestExecutionListener.java:111)
	at org.springframework.test.context.TestContextManager.prepareTestInstance(TestContextManager.java:260)
	at org.springframework.test.context.junit.jupiter.SpringExtension.postProcessTestInstance(SpringExtension.java:159)
	at org.junit.jupiter.engine.descriptor.ClassBasedTestDescriptor.lambda$invokeTestInstancePostProcessors$10(ClassBasedTestDescriptor.java:383)
	at org.junit.jupiter.engine.descriptor.ClassBasedTestDescriptor.executeAndMaskThrowable(ClassBasedTestDescriptor.java:388)
	at org.junit.jupiter.engine.descriptor.ClassBasedTestDescriptor.lambda$invokeTestInstancePostProcessors$11(ClassBasedTestDescriptor.java:382)
	at java.base/java.util.stream.ForEachOps$ForEachOp$OfRef.accept(ForEachOps.java:183)
	at java.base/java.util.stream.ReferencePipeline$3$1.accept(ReferencePipeline.java:197)
	at java.base/java.util.stream.ReferencePipeline$2$1.accept(ReferencePipeline.java:179)
	at java.base/java.util.stream.ReferencePipeline$3$1.accept(ReferencePipeline.java:197)
	at java.base/java.util.ArrayList$ArrayListSpliterator.forEachRemaining(ArrayList.java:1625)
	at java.base/java.util.stream.AbstractPipeline.copyInto(AbstractPipeline.java:509)
	at java.base/java.util.stream.AbstractPipeline.wrapAndCopyInto(AbstractPipeline.java:499)
	at java.base/java.util.stream.ForEachOps$ForEachOp.evaluateSequential(ForEachOps.java:150)
	at java.base/java.util.stream.ForEachOps$ForEachOp$OfRef.evaluateSequential(ForEachOps.java:173)
	at java.base/java.util.stream.AbstractPipeline.evaluate(AbstractPipeline.java:234)
	at java.base/java.util.stream.ReferencePipeline.forEach(ReferencePipeline.java:596)
	at org.junit.jupiter.engine.descriptor.ClassBasedTestDescriptor.invokeTestInstancePostProcessors(ClassBasedTestDescriptor.java:382)
	at org.junit.jupiter.engine.descriptor.ClassBasedTestDescriptor.lambda$instantiateAndPostProcessTestInstance$6(ClassBasedTestDescriptor.java:293)
	at org.junit.platform.engine.support.hierarchical.ThrowableCollector.execute(ThrowableCollector.java:73)
	at org.junit.jupiter.engine.descriptor.ClassBasedTestDescriptor.instantiateAndPostProcessTestInstance(ClassBasedTestDescriptor.java:292)
	at org.junit.jupiter.engine.descriptor.ClassBasedTestDescriptor.lambda$testInstancesProvider$4(ClassBasedTestDescriptor.java:281)
	at java.base/java.util.Optional.orElseGet(Optional.java:364)
	at org.junit.jupiter.engine.descriptor.ClassBasedTestDescriptor.lambda$testInstancesProvider$5(ClassBasedTestDescriptor.java:280)
	at org.junit.jupiter.engine.execution.TestInstancesProvider.getTestInstances(TestInstancesProvider.java:27)
	at org.junit.jupiter.engine.descriptor.TestMethodTestDescriptor.lambda$prepare$0(TestMethodTestDescriptor.java:112)
	at org.junit.platform.engine.support.hierarchical.ThrowableCollector.execute(ThrowableCollector.java:73)
	at org.junit.jupiter.engine.descriptor.TestMethodTestDescriptor.prepare(TestMethodTestDescriptor.java:111)
	at org.junit.jupiter.engine.descriptor.TestMethodTestDescriptor.prepare(TestMethodTestDescriptor.java:69)
	at org.junit.platform.engine.support.hierarchical.NodeTestTask.lambda$prepare$2(NodeTestTask.java:128)
	at org.junit.platform.engine.support.hierarchical.ThrowableCollector.execute(ThrowableCollector.java:73)
	at org.junit.platform.engine.support.hierarchical.NodeTestTask.prepare(NodeTestTask.java:128)
	at org.junit.platform.engine.support.hierarchical.NodeTestTask.execute(NodeTestTask.java:95)
	at java.base/java.util.ArrayList.forEach(ArrayList.java:1511)
	at org.junit.platform.engine.support.hierarchical.SameThreadHierarchicalTestExecutorService.invokeAll(SameThreadHierarchicalTestExecutorService.java:41)
	at org.junit.platform.engine.support.hierarchical.NodeTestTask.lambda$executeRecursively$6(NodeTestTask.java:160)
	at org.junit.platform.engine.support.hierarchical.ThrowableCollector.execute(ThrowableCollector.java:73)
	at org.junit.platform.engine.support.hierarchical.NodeTestTask.lambda$executeRecursively$8(NodeTestTask.java:146)
	at org.junit.platform.engine.support.hierarchical.Node.around(Node.java:137)
	at org.junit.platform.engine.support.hierarchical.NodeTestTask.lambda$executeRecursively$9(NodeTestTask.java:144)
	at org.junit.platform.engine.support.hierarchical.ThrowableCollector.execute(ThrowableCollector.java:73)
	at org.junit.platform.engine.support.hierarchical.NodeTestTask.executeRecursively(NodeTestTask.java:143)
	at org.junit.platform.engine.support.hierarchical.NodeTestTask.execute(NodeTestTask.java:100)
	at java.base/java.util.ArrayList.forEach(ArrayList.java:1511)
	at org.junit.platform.engine.support.hierarchical.SameThreadHierarchicalTestExecutorService.invokeAll(SameThreadHierarchicalTestExecutorService.java:41)
	at org.junit.platform.engine.support.hierarchical.NodeTestTask.lambda$executeRecursively$6(NodeTestTask.java:160)
	at org.junit.platform.engine.support.hierarchical.ThrowableCollector.execute(ThrowableCollector.java:73)
	at org.junit.platform.engine.support.hierarchical.NodeTestTask.lambda$executeRecursively$8(NodeTestTask.java:146)
	at org.junit.platform.engine.support.hierarchical.Node.around(Node.java:137)
	at org.junit.platform.engine.support.hierarchical.NodeTestTask.lambda$executeRecursively$9(NodeTestTask.java:144)
	at org.junit.platform.engine.support.hierarchical.ThrowableCollector.execute(ThrowableCollector.java:73)
	at org.junit.platform.engine.support.hierarchical.NodeTestTask.executeRecursively(NodeTestTask.java:143)
	at org.junit.platform.engine.support.hierarchical.NodeTestTask.execute(NodeTestTask.java:100)
	at org.junit.platform.engine.support.hierarchical.SameThreadHierarchicalTestExecutorService.submit(SameThreadHierarchicalTestExecutorService.java:35)
	at org.junit.platform.engine.support.hierarchical.HierarchicalTestExecutor.execute(HierarchicalTestExecutor.java:57)
	at org.junit.platform.engine.support.hierarchical.HierarchicalTestEngine.execute(HierarchicalTestEngine.java:54)
	at org.junit.platform.launcher.core.EngineExecutionOrchestrator.execute(EngineExecutionOrchestrator.java:201)
	at org.junit.platform.launcher.core.EngineExecutionOrchestrator.execute(EngineExecutionOrchestrator.java:170)
	at org.junit.platform.launcher.core.EngineExecutionOrchestrator.execute(EngineExecutionOrchestrator.java:94)
	at org.junit.platform.launcher.core.EngineExecutionOrchestrator.lambda$execute$0(EngineExecutionOrchestrator.java:59)
	at org.junit.platform.launcher.core.EngineExecutionOrchestrator.withInterceptedStreams(EngineExecutionOrchestrator.java:142)
	at org.junit.platform.launcher.core.EngineExecutionOrchestrator.execute(EngineExecutionOrchestrator.java:58)
	at org.junit.platform.launcher.core.DefaultLauncher.execute(DefaultLauncher.java:103)
	at org.junit.platform.launcher.core.DefaultLauncher.execute(DefaultLauncher.java:85)
	at org.junit.platform.launcher.core.DelegatingLauncher.execute(DelegatingLauncher.java:47)
	at org.junit.platform.launcher.core.InterceptingLauncher.lambda$execute$1(InterceptingLauncher.java:39)
	at org.junit.platform.launcher.core.ClasspathAlignmentCheckingLauncherInterceptor.intercept(ClasspathAlignmentCheckingLauncherInterceptor.java:25)
	at org.junit.platform.launcher.core.InterceptingLauncher.execute(InterceptingLauncher.java:38)
	at org.junit.platform.launcher.core.DelegatingLauncher.execute(DelegatingLauncher.java:47)
	at org.gradle.api.internal.tasks.testing.junitplatform.JUnitPlatformTestClassProcessor$CollectAllTestClassesExecutor.processAllTestClasses(JUnitPlatformTestClassProcessor.java:124)
	at org.gradle.api.internal.tasks.testing.junitplatform.JUnitPlatformTestClassProcessor$CollectAllTestClassesExecutor.access$000(JUnitPlatformTestClassProcessor.java:99)
	at org.gradle.api.internal.tasks.testing.junitplatform.JUnitPlatformTestClassProcessor.stop(JUnitPlatformTestClassProcessor.java:94)
	at org.gradle.api.internal.tasks.testing.SuiteTestClassProcessor.stop(SuiteTestClassProcessor.java:63)
	at java.base/jdk.internal.reflect.NativeMethodAccessorImpl.invoke0(Native Method)
	at java.base/jdk.internal.reflect.NativeMethodAccessorImpl.invoke(NativeMethodAccessorImpl.java:77)
	at java.base/jdk.internal.reflect.DelegatingMethodAccessorImpl.invoke(DelegatingMethodAccessorImpl.java:43)
	at java.base/java.lang.reflect.Method.invoke(Method.java:569)
	at org.gradle.internal.dispatch.ReflectionDispatch.dispatch(ReflectionDispatch.java:36)
	at org.gradle.internal.dispatch.ReflectionDispatch.dispatch(ReflectionDispatch.java:24)
	at org.gradle.internal.dispatch.ContextClassLoaderDispatch.dispatch(ContextClassLoaderDispatch.java:33)
	at org.gradle.internal.dispatch.ProxyDispatchAdapter$DispatchingInvocationHandler.invoke(ProxyDispatchAdapter.java:92)
	at jdk.proxy1/jdk.proxy1.$Proxy4.stop(Unknown Source)
	at org.gradle.api.internal.tasks.testing.worker.TestWorker$3.run(TestWorker.java:200)
	at org.gradle.api.internal.tasks.testing.worker.TestWorker.executeAndMaintainThreadName(TestWorker.java:132)
	at org.gradle.api.internal.tasks.testing.worker.TestWorker.execute(TestWorker.java:103)
	at org.gradle.api.internal.tasks.testing.worker.TestWorker.execute(TestWorker.java:63)
	at org.gradle.process.internal.worker.child.ActionExecutionWorker.execute(ActionExecutionWorker.java:56)
	at org.gradle.process.internal.worker.child.SystemApplicationClassLoaderWorker.call(SystemApplicationClassLoaderWorker.java:122)
	at org.gradle.process.internal.worker.child.SystemApplicationClassLoaderWorker.call(SystemApplicationClassLoaderWorker.java:72)
	at worker.org.gradle.process.internal.worker.GradleWorkerMain.run(GradleWorkerMain.java:69)
	at worker.org.gradle.process.internal.worker.GradleWorkerMain.main(GradleWorkerMain.java:74)
Caused by: org.springframework.jdbc.datasource.init.ScriptStatementFailedException: Failed to execute SQL script statement #1 of file [C:\Users\ASUS\Desktop\dev\web\codeit_sprint_bootcamp\sprint-mission\9-sprint-mission\discodeit\build\resources\main\schema.sql]: CREATE TABLE binary_contents ( id uuid PRIMARY KEY, created_at timestamp with time zone NOT NULL, file_name varchar(255) NOT NULL, size bigint NOT NULL, content_type varchar(100) NOT NULL )
	at org.springframework.jdbc.datasource.init.ScriptUtils.executeSqlScript(ScriptUtils.java:293)
	at org.springframework.jdbc.datasource.init.ResourceDatabasePopulator.populate(ResourceDatabasePopulator.java:254)
	at org.springframework.jdbc.datasource.init.DatabasePopulatorUtils.execute(DatabasePopulatorUtils.java:54)
	at org.springframework.boot.jdbc.init.DataSourceScriptDatabaseInitializer.runScripts(DataSourceScriptDatabaseInitializer.java:87)
	at org.springframework.boot.sql.init.AbstractScriptDatabaseInitializer.runScripts(AbstractScriptDatabaseInitializer.java:146)
	at org.springframework.boot.sql.init.AbstractScriptDatabaseInitializer.applyScripts(AbstractScriptDatabaseInitializer.java:108)
	at org.springframework.boot.sql.init.AbstractScriptDatabaseInitializer.applySchemaScripts(AbstractScriptDatabaseInitializer.java:98)
	at org.springframework.boot.sql.init.AbstractScriptDatabaseInitializer.initializeDatabase(AbstractScriptDatabaseInitializer.java:76)
	at org.springframework.boot.sql.init.AbstractScriptDatabaseInitializer.afterPropertiesSet(AbstractScriptDatabaseInitializer.java:66)
	at org.springframework.beans.factory.support.AbstractAutowireCapableBeanFactory.invokeInitMethods(AbstractAutowireCapableBeanFactory.java:1873)
	at org.springframework.beans.factory.support.AbstractAutowireCapableBeanFactory.initializeBean(AbstractAutowireCapableBeanFactory.java:1822)
	... 118 common frames omitted
Caused by: org.h2.jdbc.JdbcSQLSyntaxErrorException: Table "BINARY_CONTENTS" already exists; SQL statement:
CREATE TABLE binary_contents ( id uuid PRIMARY KEY, created_at timestamp with time zone NOT NULL, file_name varchar(255) NOT NULL, size bigint NOT NULL, content_type varchar(100) NOT NULL ) [42101-232]
	at org.h2.message.DbException.getJdbcSQLException(DbException.java:514)
	at org.h2.message.DbException.getJdbcSQLException(DbException.java:489)
	at org.h2.message.DbException.get(DbException.java:223)
	at org.h2.message.DbException.get(DbException.java:199)
	at org.h2.command.ddl.CreateTable.update(CreateTable.java:91)
	at org.h2.command.CommandContainer.update(CommandContainer.java:139)
	at org.h2.command.Command.executeUpdate(Command.java:304)
	at org.h2.command.Command.executeUpdate(Command.java:248)
	at org.h2.jdbc.JdbcStatement.executeInternal(JdbcStatement.java:262)
	at org.h2.jdbc.JdbcStatement.execute(JdbcStatement.java:231)
	at org.springframework.jdbc.datasource.init.ScriptUtils.executeSqlScript(ScriptUtils.java:261)
	... 128 common frames omitted
26-03-31 10:55:49.738 [Test worker] WARN  o.s.test.context.TestContextManager - Caught exception while allowing TestExecutionListener [org.springframework.test.context.support.DependencyInjectionTestExecutionListener] to prepare test instance [com.sprint.mission.discodeit.repository.UserRepositoryTest@282c3aa0]
java.lang.IllegalStateException: Failed to load ApplicationContext for [MergedContextConfiguration@12bb0322 testClass = com.sprint.mission.discodeit.repository.UserRepositoryTest, locations = [], classes = [com.sprint.mission.discodeit.DiscodeitApplication], contextInitializerClasses = [], activeProfiles = ["test"], propertySourceDescriptors = [], propertySourceProperties = ["org.springframework.boot.test.autoconfigure.orm.jpa.DataJpaTestContextBootstrapper=true"], contextCustomizers = [org.springframework.boot.test.autoconfigure.OnFailureConditionReportContextCustomizerFactory$OnFailureConditionReportContextCustomizer@295eaa7c, org.springframework.boot.test.autoconfigure.OverrideAutoConfigurationContextCustomizerFactory$DisableAutoConfigurationContextCustomizer@64dafeed, org.springframework.boot.test.autoconfigure.actuate.observability.ObservabilityContextCustomizerFactory$DisableObservabilityContextCustomizer@1f, org.springframework.boot.test.autoconfigure.filter.TypeExcludeFiltersContextCustomizer@34be3d80, org.springframework.boot.test.autoconfigure.properties.PropertyMappingContextCustomizer@db85b086, org.springframework.boot.test.autoconfigure.web.servlet.WebDriverContextCustomizer@3f363cf5, [ImportsContextCustomizer@466fb9be key = [@org.springframework.boot.test.autoconfigure.orm.jpa.AutoConfigureDataJpa(), @org.springframework.boot.test.autoconfigure.orm.jpa.AutoConfigureTestEntityManager(), @org.springframework.boot.test.autoconfigure.core.AutoConfigureCache(cacheProvider=NONE), @org.springframework.boot.test.autoconfigure.jdbc.AutoConfigureTestDatabase(connection=NONE, replace=NON_TEST), @org.springframework.test.context.BootstrapWith(value=org.springframework.boot.test.autoconfigure.orm.jpa.DataJpaTestContextBootstrapper.class), @org.springframework.boot.test.autoconfigure.orm.jpa.DataJpaTest(bootstrapMode=DEFAULT, excludeAutoConfiguration={}, excludeFilters={}, includeFilters={}, properties={}, showSql=true, useDefaultFilters=true), @org.springframework.boot.test.autoconfigure.filter.TypeExcludeFilters(value={org.springframework.boot.test.autoconfigure.orm.jpa.DataJpaTypeExcludeFilter.class}), @org.springframework.boot.test.autoconfigure.properties.PropertyMapping(skip=NO, value="spring.test.database"), @org.springframework.transaction.annotation.Transactional(isolation=DEFAULT, label={}, noRollbackFor={}, noRollbackForClassName={}, propagation=REQUIRED, readOnly=false, rollbackFor={}, rollbackForClassName={}, timeout=-1, timeoutString="", transactionManager="", value=""), @org.springframework.data.jpa.repository.config.EnableJpaAuditing(auditorAwareRef="", setDates=true, modifyOnCreate=true, dateTimeProviderRef=""), @org.springframework.boot.autoconfigure.ImportAutoConfiguration(classes={}, exclude={}, value={}), @org.springframework.context.annotation.Import(value={org.springframework.boot.autoconfigure.ImportAutoConfigurationImportSelector.class}), @org.springframework.context.annotation.Import(value={org.springframework.data.jpa.repository.config.JpaAuditingRegistrar.class}), @org.springframework.boot.test.autoconfigure.OverrideAutoConfiguration(enabled=false), @org.springframework.test.context.ActiveProfiles(inheritProfiles=true, profiles={"test"}, resolver=org.springframework.test.context.ActiveProfilesResolver.class, value={"test"}), @org.springframework.aot.hint.annotation.Reflective(processors={org.springframework.aot.hint.annotation.SimpleReflectiveProcessor.class}, value={org.springframework.aot.hint.annotation.SimpleReflectiveProcessor.class})]], org.springframework.boot.test.context.filter.ExcludeFilterContextCustomizer@4763c727, org.springframework.boot.test.json.DuplicateJsonObjectContextCustomizerFactory$DuplicateJsonObjectContextCustomizer@1c80e49b, org.springframework.boot.test.mock.mockito.MockitoContextCustomizer@0, org.springframework.boot.test.web.reactor.netty.DisableReactorResourceFactoryGlobalResourcesContextCustomizerFactory$DisableReactorResourceFactoryGlobalResourcesContextCustomizerCustomizer@277f7dd3, org.springframework.test.context.support.DynamicPropertiesContextCustomizer@0, org.springframework.boot.test.context.SpringBootTestAnnotation@947fb9b9], contextLoader = org.springframework.boot.test.context.SpringBootContextLoader, parent = null]
	at org.springframework.test.context.cache.DefaultCacheAwareContextLoaderDelegate.loadContext(DefaultCacheAwareContextLoaderDelegate.java:180)
	at org.springframework.test.context.support.DefaultTestContext.getApplicationContext(DefaultTestContext.java:130)
	at org.springframework.test.context.support.DependencyInjectionTestExecutionListener.injectDependencies(DependencyInjectionTestExecutionListener.java:155)
	at org.springframework.test.context.support.DependencyInjectionTestExecutionListener.prepareTestInstance(DependencyInjectionTestExecutionListener.java:111)
	at org.springframework.test.context.TestContextManager.prepareTestInstance(TestContextManager.java:260)
	at org.springframework.test.context.junit.jupiter.SpringExtension.postProcessTestInstance(SpringExtension.java:159)
	at org.junit.jupiter.engine.descriptor.ClassBasedTestDescriptor.lambda$invokeTestInstancePostProcessors$10(ClassBasedTestDescriptor.java:383)
	at org.junit.jupiter.engine.descriptor.ClassBasedTestDescriptor.executeAndMaskThrowable(ClassBasedTestDescriptor.java:388)
	at org.junit.jupiter.engine.descriptor.ClassBasedTestDescriptor.lambda$invokeTestInstancePostProcessors$11(ClassBasedTestDescriptor.java:382)
	at java.base/java.util.stream.ForEachOps$ForEachOp$OfRef.accept(ForEachOps.java:183)
	at java.base/java.util.stream.ReferencePipeline$3$1.accept(ReferencePipeline.java:197)
	at java.base/java.util.stream.ReferencePipeline$2$1.accept(ReferencePipeline.java:179)
	at java.base/java.util.stream.ReferencePipeline$3$1.accept(ReferencePipeline.java:197)
	at java.base/java.util.ArrayList$ArrayListSpliterator.forEachRemaining(ArrayList.java:1625)
	at java.base/java.util.stream.AbstractPipeline.copyInto(AbstractPipeline.java:509)
	at java.base/java.util.stream.AbstractPipeline.wrapAndCopyInto(AbstractPipeline.java:499)
	at java.base/java.util.stream.ForEachOps$ForEachOp.evaluateSequential(ForEachOps.java:150)
	at java.base/java.util.stream.ForEachOps$ForEachOp$OfRef.evaluateSequential(ForEachOps.java:173)
	at java.base/java.util.stream.AbstractPipeline.evaluate(AbstractPipeline.java:234)
	at java.base/java.util.stream.ReferencePipeline.forEach(ReferencePipeline.java:596)
	at org.junit.jupiter.engine.descriptor.ClassBasedTestDescriptor.invokeTestInstancePostProcessors(ClassBasedTestDescriptor.java:382)
	at org.junit.jupiter.engine.descriptor.ClassBasedTestDescriptor.lambda$instantiateAndPostProcessTestInstance$6(ClassBasedTestDescriptor.java:293)
	at org.junit.platform.engine.support.hierarchical.ThrowableCollector.execute(ThrowableCollector.java:73)
	at org.junit.jupiter.engine.descriptor.ClassBasedTestDescriptor.instantiateAndPostProcessTestInstance(ClassBasedTestDescriptor.java:292)
	at org.junit.jupiter.engine.descriptor.ClassBasedTestDescriptor.lambda$testInstancesProvider$4(ClassBasedTestDescriptor.java:281)
	at java.base/java.util.Optional.orElseGet(Optional.java:364)
	at org.junit.jupiter.engine.descriptor.ClassBasedTestDescriptor.lambda$testInstancesProvider$5(ClassBasedTestDescriptor.java:280)
	at org.junit.jupiter.engine.execution.TestInstancesProvider.getTestInstances(TestInstancesProvider.java:27)
	at org.junit.jupiter.engine.descriptor.TestMethodTestDescriptor.lambda$prepare$0(TestMethodTestDescriptor.java:112)
	at org.junit.platform.engine.support.hierarchical.ThrowableCollector.execute(ThrowableCollector.java:73)
	at org.junit.jupiter.engine.descriptor.TestMethodTestDescriptor.prepare(TestMethodTestDescriptor.java:111)
	at org.junit.jupiter.engine.descriptor.TestMethodTestDescriptor.prepare(TestMethodTestDescriptor.java:69)
	at org.junit.platform.engine.support.hierarchical.NodeTestTask.lambda$prepare$2(NodeTestTask.java:128)
	at org.junit.platform.engine.support.hierarchical.ThrowableCollector.execute(ThrowableCollector.java:73)
	at org.junit.platform.engine.support.hierarchical.NodeTestTask.prepare(NodeTestTask.java:128)
	at org.junit.platform.engine.support.hierarchical.NodeTestTask.execute(NodeTestTask.java:95)
	at java.base/java.util.ArrayList.forEach(ArrayList.java:1511)
	at org.junit.platform.engine.support.hierarchical.SameThreadHierarchicalTestExecutorService.invokeAll(SameThreadHierarchicalTestExecutorService.java:41)
	at org.junit.platform.engine.support.hierarchical.NodeTestTask.lambda$executeRecursively$6(NodeTestTask.java:160)
	at org.junit.platform.engine.support.hierarchical.ThrowableCollector.execute(ThrowableCollector.java:73)
	at org.junit.platform.engine.support.hierarchical.NodeTestTask.lambda$executeRecursively$8(NodeTestTask.java:146)
	at org.junit.platform.engine.support.hierarchical.Node.around(Node.java:137)
	at org.junit.platform.engine.support.hierarchical.NodeTestTask.lambda$executeRecursively$9(NodeTestTask.java:144)
	at org.junit.platform.engine.support.hierarchical.ThrowableCollector.execute(ThrowableCollector.java:73)
	at org.junit.platform.engine.support.hierarchical.NodeTestTask.executeRecursively(NodeTestTask.java:143)
	at org.junit.platform.engine.support.hierarchical.NodeTestTask.execute(NodeTestTask.java:100)
	at java.base/java.util.ArrayList.forEach(ArrayList.java:1511)
	at org.junit.platform.engine.support.hierarchical.SameThreadHierarchicalTestExecutorService.invokeAll(SameThreadHierarchicalTestExecutorService.java:41)
	at org.junit.platform.engine.support.hierarchical.NodeTestTask.lambda$executeRecursively$6(NodeTestTask.java:160)
	at org.junit.platform.engine.support.hierarchical.ThrowableCollector.execute(ThrowableCollector.java:73)
	at org.junit.platform.engine.support.hierarchical.NodeTestTask.lambda$executeRecursively$8(NodeTestTask.java:146)
	at org.junit.platform.engine.support.hierarchical.Node.around(Node.java:137)
	at org.junit.platform.engine.support.hierarchical.NodeTestTask.lambda$executeRecursively$9(NodeTestTask.java:144)
	at org.junit.platform.engine.support.hierarchical.ThrowableCollector.execute(ThrowableCollector.java:73)
	at org.junit.platform.engine.support.hierarchical.NodeTestTask.executeRecursively(NodeTestTask.java:143)
	at org.junit.platform.engine.support.hierarchical.NodeTestTask.execute(NodeTestTask.java:100)
	at org.junit.platform.engine.support.hierarchical.SameThreadHierarchicalTestExecutorService.submit(SameThreadHierarchicalTestExecutorService.java:35)
	at org.junit.platform.engine.support.hierarchical.HierarchicalTestExecutor.execute(HierarchicalTestExecutor.java:57)
	at org.junit.platform.engine.support.hierarchical.HierarchicalTestEngine.execute(HierarchicalTestEngine.java:54)
	at org.junit.platform.launcher.core.EngineExecutionOrchestrator.execute(EngineExecutionOrchestrator.java:201)
	at org.junit.platform.launcher.core.EngineExecutionOrchestrator.execute(EngineExecutionOrchestrator.java:170)
	at org.junit.platform.launcher.core.EngineExecutionOrchestrator.execute(EngineExecutionOrchestrator.java:94)
	at org.junit.platform.launcher.core.EngineExecutionOrchestrator.lambda$execute$0(EngineExecutionOrchestrator.java:59)
	at org.junit.platform.launcher.core.EngineExecutionOrchestrator.withInterceptedStreams(EngineExecutionOrchestrator.java:142)
	at org.junit.platform.launcher.core.EngineExecutionOrchestrator.execute(EngineExecutionOrchestrator.java:58)
	at org.junit.platform.launcher.core.DefaultLauncher.execute(DefaultLauncher.java:103)
	at org.junit.platform.launcher.core.DefaultLauncher.execute(DefaultLauncher.java:85)
	at org.junit.platform.launcher.core.DelegatingLauncher.execute(DelegatingLauncher.java:47)
	at org.junit.platform.launcher.core.InterceptingLauncher.lambda$execute$1(InterceptingLauncher.java:39)
	at org.junit.platform.launcher.core.ClasspathAlignmentCheckingLauncherInterceptor.intercept(ClasspathAlignmentCheckingLauncherInterceptor.java:25)
	at org.junit.platform.launcher.core.InterceptingLauncher.execute(InterceptingLauncher.java:38)
	at org.junit.platform.launcher.core.DelegatingLauncher.execute(DelegatingLauncher.java:47)
	at org.gradle.api.internal.tasks.testing.junitplatform.JUnitPlatformTestClassProcessor$CollectAllTestClassesExecutor.processAllTestClasses(JUnitPlatformTestClassProcessor.java:124)
	at org.gradle.api.internal.tasks.testing.junitplatform.JUnitPlatformTestClassProcessor$CollectAllTestClassesExecutor.access$000(JUnitPlatformTestClassProcessor.java:99)
	at org.gradle.api.internal.tasks.testing.junitplatform.JUnitPlatformTestClassProcessor.stop(JUnitPlatformTestClassProcessor.java:94)
	at org.gradle.api.internal.tasks.testing.SuiteTestClassProcessor.stop(SuiteTestClassProcessor.java:63)
	at java.base/jdk.internal.reflect.NativeMethodAccessorImpl.invoke0(Native Method)
	at java.base/jdk.internal.reflect.NativeMethodAccessorImpl.invoke(NativeMethodAccessorImpl.java:77)
	at java.base/jdk.internal.reflect.DelegatingMethodAccessorImpl.invoke(DelegatingMethodAccessorImpl.java:43)
	at java.base/java.lang.reflect.Method.invoke(Method.java:569)
	at org.gradle.internal.dispatch.ReflectionDispatch.dispatch(ReflectionDispatch.java:36)
	at org.gradle.internal.dispatch.ReflectionDispatch.dispatch(ReflectionDispatch.java:24)
	at org.gradle.internal.dispatch.ContextClassLoaderDispatch.dispatch(ContextClassLoaderDispatch.java:33)
	at org.gradle.internal.dispatch.ProxyDispatchAdapter$DispatchingInvocationHandler.invoke(ProxyDispatchAdapter.java:92)
	at jdk.proxy1/jdk.proxy1.$Proxy4.stop(Unknown Source)
	at org.gradle.api.internal.tasks.testing.worker.TestWorker$3.run(TestWorker.java:200)
	at org.gradle.api.internal.tasks.testing.worker.TestWorker.executeAndMaintainThreadName(TestWorker.java:132)
	at org.gradle.api.internal.tasks.testing.worker.TestWorker.execute(TestWorker.java:103)
	at org.gradle.api.internal.tasks.testing.worker.TestWorker.execute(TestWorker.java:63)
	at org.gradle.process.internal.worker.child.ActionExecutionWorker.execute(ActionExecutionWorker.java:56)
	at org.gradle.process.internal.worker.child.SystemApplicationClassLoaderWorker.call(SystemApplicationClassLoaderWorker.java:122)
	at org.gradle.process.internal.worker.child.SystemApplicationClassLoaderWorker.call(SystemApplicationClassLoaderWorker.java:72)
	at worker.org.gradle.process.internal.worker.GradleWorkerMain.run(GradleWorkerMain.java:69)
	at worker.org.gradle.process.internal.worker.GradleWorkerMain.main(GradleWorkerMain.java:74)
Caused by: org.springframework.beans.factory.BeanCreationException: Error creating bean with name 'dataSourceScriptDatabaseInitializer' defined in class path resource [org/springframework/boot/autoconfigure/sql/init/DataSourceInitializationConfiguration.class]: Failed to execute SQL script statement #1 of file [C:\Users\ASUS\Desktop\dev\web\codeit_sprint_bootcamp\sprint-mission\9-sprint-mission\discodeit\build\resources\main\schema.sql]: CREATE TABLE binary_contents ( id uuid PRIMARY KEY, created_at timestamp with time zone NOT NULL, file_name varchar(255) NOT NULL, size bigint NOT NULL, content_type varchar(100) NOT NULL )
	at org.springframework.beans.factory.support.AbstractAutowireCapableBeanFactory.initializeBean(AbstractAutowireCapableBeanFactory.java:1826)
	at org.springframework.beans.factory.support.AbstractAutowireCapableBeanFactory.doCreateBean(AbstractAutowireCapableBeanFactory.java:607)
	at org.springframework.beans.factory.support.AbstractAutowireCapableBeanFactory.createBean(AbstractAutowireCapableBeanFactory.java:529)
	at org.springframework.beans.factory.support.AbstractBeanFactory.lambda$doGetBean$0(AbstractBeanFactory.java:339)
	at org.springframework.beans.factory.support.DefaultSingletonBeanRegistry.getSingleton(DefaultSingletonBeanRegistry.java:373)
	at org.springframework.beans.factory.support.AbstractBeanFactory.doGetBean(AbstractBeanFactory.java:337)
	at org.springframework.beans.factory.support.AbstractBeanFactory.getBean(AbstractBeanFactory.java:202)
	at org.springframework.beans.factory.support.AbstractBeanFactory.doGetBean(AbstractBeanFactory.java:315)
	at org.springframework.beans.factory.support.AbstractBeanFactory.getBean(AbstractBeanFactory.java:202)
	at org.springframework.beans.factory.support.DefaultListableBeanFactory.instantiateSingleton(DefaultListableBeanFactory.java:1228)
	at org.springframework.beans.factory.support.DefaultListableBeanFactory.preInstantiateSingleton(DefaultListableBeanFactory.java:1194)
	at org.springframework.beans.factory.support.DefaultListableBeanFactory.preInstantiateSingletons(DefaultListableBeanFactory.java:1130)
	at org.springframework.context.support.AbstractApplicationContext.finishBeanFactoryInitialization(AbstractApplicationContext.java:990)
	at org.springframework.context.support.AbstractApplicationContext.refresh(AbstractApplicationContext.java:627)
	at org.springframework.boot.SpringApplication.refresh(SpringApplication.java:752)
	at org.springframework.boot.SpringApplication.refreshContext(SpringApplication.java:439)
	at org.springframework.boot.SpringApplication.run(SpringApplication.java:318)
	at org.springframework.boot.test.context.SpringBootContextLoader.lambda$loadContext$3(SpringBootContextLoader.java:152)
	at org.springframework.util.function.ThrowingSupplier.get(ThrowingSupplier.java:58)
	at org.springframework.util.function.ThrowingSupplier.get(ThrowingSupplier.java:46)
	at org.springframework.boot.SpringApplication.withHook(SpringApplication.java:1461)
	at org.springframework.boot.test.context.SpringBootContextLoader$ContextLoaderHook.run(SpringBootContextLoader.java:595)
	at org.springframework.boot.test.context.SpringBootContextLoader.loadContext(SpringBootContextLoader.java:152)
	at org.springframework.boot.test.context.SpringBootContextLoader.loadContext(SpringBootContextLoader.java:111)
	at org.springframework.test.context.cache.DefaultCacheAwareContextLoaderDelegate.loadContextInternal(DefaultCacheAwareContextLoaderDelegate.java:225)
	at org.springframework.test.context.cache.DefaultCacheAwareContextLoaderDelegate.loadContext(DefaultCacheAwareContextLoaderDelegate.java:152)
	... 93 common frames omitted
Caused by: org.springframework.jdbc.datasource.init.ScriptStatementFailedException: Failed to execute SQL script statement #1 of file [C:\Users\ASUS\Desktop\dev\web\codeit_sprint_bootcamp\sprint-mission\9-sprint-mission\discodeit\build\resources\main\schema.sql]: CREATE TABLE binary_contents ( id uuid PRIMARY KEY, created_at timestamp with time zone NOT NULL, file_name varchar(255) NOT NULL, size bigint NOT NULL, content_type varchar(100) NOT NULL )
	at org.springframework.jdbc.datasource.init.ScriptUtils.executeSqlScript(ScriptUtils.java:293)
	at org.springframework.jdbc.datasource.init.ResourceDatabasePopulator.populate(ResourceDatabasePopulator.java:254)
	at org.springframework.jdbc.datasource.init.DatabasePopulatorUtils.execute(DatabasePopulatorUtils.java:54)
	at org.springframework.boot.jdbc.init.DataSourceScriptDatabaseInitializer.runScripts(DataSourceScriptDatabaseInitializer.java:87)
	at org.springframework.boot.sql.init.AbstractScriptDatabaseInitializer.runScripts(AbstractScriptDatabaseInitializer.java:146)
	at org.springframework.boot.sql.init.AbstractScriptDatabaseInitializer.applyScripts(AbstractScriptDatabaseInitializer.java:108)
	at org.springframework.boot.sql.init.AbstractScriptDatabaseInitializer.applySchemaScripts(AbstractScriptDatabaseInitializer.java:98)
	at org.springframework.boot.sql.init.AbstractScriptDatabaseInitializer.initializeDatabase(AbstractScriptDatabaseInitializer.java:76)
	at org.springframework.boot.sql.init.AbstractScriptDatabaseInitializer.afterPropertiesSet(AbstractScriptDatabaseInitializer.java:66)
	at org.springframework.beans.factory.support.AbstractAutowireCapableBeanFactory.invokeInitMethods(AbstractAutowireCapableBeanFactory.java:1873)
	at org.springframework.beans.factory.support.AbstractAutowireCapableBeanFactory.initializeBean(AbstractAutowireCapableBeanFactory.java:1822)
	... 118 common frames omitted
Caused by: org.h2.jdbc.JdbcSQLSyntaxErrorException: Table "BINARY_CONTENTS" already exists; SQL statement:
CREATE TABLE binary_contents ( id uuid PRIMARY KEY, created_at timestamp with time zone NOT NULL, file_name varchar(255) NOT NULL, size bigint NOT NULL, content_type varchar(100) NOT NULL ) [42101-232]
	at org.h2.message.DbException.getJdbcSQLException(DbException.java:514)
	at org.h2.message.DbException.getJdbcSQLException(DbException.java:489)
	at org.h2.message.DbException.get(DbException.java:223)
	at org.h2.message.DbException.get(DbException.java:199)
	at org.h2.command.ddl.CreateTable.update(CreateTable.java:91)
	at org.h2.command.CommandContainer.update(CommandContainer.java:139)
	at org.h2.command.Command.executeUpdate(Command.java:304)
	at org.h2.command.Command.executeUpdate(Command.java:248)
	at org.h2.jdbc.JdbcStatement.executeInternal(JdbcStatement.java:262)
	at org.h2.jdbc.JdbcStatement.execute(JdbcStatement.java:231)
	at org.springframework.jdbc.datasource.init.ScriptUtils.executeSqlScript(ScriptUtils.java:261)
	... 128 common frames omitted
26-03-31 10:58:19.328 [background-preinit] INFO  o.h.validator.internal.util.Version - HV000001: Hibernate Validator 8.0.3.Final
26-03-31 10:58:19.430 [Test worker] INFO  c.s.m.d.r.UserRepositoryTest - Starting UserRepositoryTest using Java 17.0.15 with PID 2988 (started by ASUS in C:\Users\ASUS\Desktop\dev\web\codeit_sprint_bootcamp\sprint-mission\9-sprint-mission\discodeit)
26-03-31 10:58:19.432 [Test worker] INFO  c.s.m.d.r.UserRepositoryTest - The following 1 profile is active: "test"
26-03-31 10:58:20.542 [Test worker] INFO  o.s.d.r.c.RepositoryConfigurationDelegate - Bootstrapping Spring Data JPA repositories in DEFAULT mode.
26-03-31 10:58:20.771 [Test worker] INFO  o.s.d.r.c.RepositoryConfigurationDelegate - Finished Spring Data repository scanning in 189 ms. Found 6 JPA repository interfaces.
26-03-31 10:58:20.893 [Test worker] INFO  o.s.b.t.a.j.TestDatabaseAutoConfiguration$EmbeddedDataSourceBeanFactoryPostProcessor - Replacing 'dataSource' DataSource bean with embedded version
26-03-31 10:58:21.187 [Test worker] INFO  o.s.j.d.e.EmbeddedDatabaseFactory - Starting embedded database: url='jdbc:h2:mem:4ad8876e-1168-43eb-ab7c-7ca9c795bf4c;DB_CLOSE_DELAY=-1;DB_CLOSE_ON_EXIT=false', username='sa'
26-03-31 10:58:21.827 [Test worker] INFO  o.h.jpa.internal.util.LogHelper - HHH000204: Processing PersistenceUnitInfo [name: default]
26-03-31 10:58:22.024 [Test worker] INFO  org.hibernate.Version - HHH000412: Hibernate ORM core version 6.6.41.Final
26-03-31 10:58:22.096 [Test worker] INFO  o.h.c.i.RegionFactoryInitiator - HHH000026: Second-level cache disabled
26-03-31 10:58:22.708 [Test worker] INFO  o.s.o.j.p.SpringPersistenceUnitInfo - No LoadTimeWeaver setup: ignoring JPA class transformer
26-03-31 10:58:22.795 [Test worker] WARN  org.hibernate.orm.deprecation - HHH90000025: H2Dialect does not need to be specified explicitly using 'hibernate.dialect' (remove the property setting and it will be selected by default)
26-03-31 10:58:22.833 [Test worker] INFO  o.hibernate.orm.connections.pooling - HHH10001005: Database info:
	Database JDBC URL [Connecting through datasource 'org.springframework.jdbc.datasource.embedded.EmbeddedDatabaseFactory$EmbeddedDataSourceProxy@5b0e9e0c']
	Database driver: undefined/unknown
	Database version: 2.3.232
	Autocommit mode: undefined/unknown
	Isolation level: undefined/unknown
	Minimum pool size: undefined/unknown
	Maximum pool size: undefined/unknown
26-03-31 10:58:24.559 [Test worker] INFO  o.h.e.t.j.p.i.JtaPlatformInitiator - HHH000489: No JTA platform available (set 'hibernate.transaction.jta.platform' to enable JTA platform integration)
26-03-31 10:58:24.592 [Test worker] DEBUG org.hibernate.SQL - 
    [34mdrop[0m [34mtable[0m [34mif[0m [34mexists[0m binary_contents [34mcascade[0m 
26-03-31 10:58:24.596 [Test worker] DEBUG org.hibernate.SQL - 
    [34mdrop[0m [34mtable[0m [34mif[0m [34mexists[0m channels [34mcascade[0m 
26-03-31 10:58:24.598 [Test worker] DEBUG org.hibernate.SQL - 
    [34mdrop[0m [34mtable[0m [34mif[0m [34mexists[0m message_attachments [34mcascade[0m 
26-03-31 10:58:24.599 [Test worker] DEBUG org.hibernate.SQL - 
    [34mdrop[0m [34mtable[0m [34mif[0m [34mexists[0m messages [34mcascade[0m 
26-03-31 10:58:24.599 [Test worker] DEBUG org.hibernate.SQL - 
    [34mdrop[0m [34mtable[0m [34mif[0m [34mexists[0m read_statuses [34mcascade[0m 
26-03-31 10:58:24.600 [Test worker] DEBUG org.hibernate.SQL - 
    [34mdrop[0m [34mtable[0m [34mif[0m [34mexists[0m user_statuses [34mcascade[0m 
26-03-31 10:58:24.601 [Test worker] DEBUG org.hibernate.SQL - 
    [34mdrop[0m [34mtable[0m [34mif[0m [34mexists[0m users [34mcascade[0m 
26-03-31 10:58:24.609 [Test worker] DEBUG org.hibernate.SQL - 
    [34mcreate[0m [34mtable[0m binary_contents (
        created_at [34mtimestamp[0m [34mwith[0m [34mtime[0m zone [34mnot[0m [34mnull[0m,
        size [34mbigint[0m [34mnot[0m [34mnull[0m,
        id uuid [34mnot[0m [34mnull[0m,
        content_type [34mvarchar[0m(100) [34mnot[0m [34mnull[0m,
        file_name [34mvarchar[0m(255) [34mnot[0m [34mnull[0m,
        [34mprimary[0m [34mkey[0m (id)
    )
26-03-31 10:58:24.622 [Test worker] DEBUG org.hibernate.SQL - 
    [34mcreate[0m [34mtable[0m channels (
        created_at [34mtimestamp[0m [34mwith[0m [34mtime[0m zone [34mnot[0m [34mnull[0m,
        updated_at [34mtimestamp[0m [34mwith[0m [34mtime[0m zone,
        id uuid [34mnot[0m [34mnull[0m,
        name [34mvarchar[0m(100),
        description [34mvarchar[0m(500),
        type enum ([36m'PRIVATE'[0m,[36m'PUBLIC'[0m) [34mnot[0m [34mnull[0m,
        [34mprimary[0m [34mkey[0m (id)
    )
26-03-31 10:58:24.626 [Test worker] DEBUG org.hibernate.SQL - 
    [34mcreate[0m [34mtable[0m message_attachments (
        attachment_id uuid [34mnot[0m [34mnull[0m,
        message_id uuid [34mnot[0m [34mnull[0m
    )
26-03-31 10:58:24.628 [Test worker] DEBUG org.hibernate.SQL - 
    [34mcreate[0m [34mtable[0m messages (
        created_at [34mtimestamp[0m [34mwith[0m [34mtime[0m zone [34mnot[0m [34mnull[0m,
        updated_at [34mtimestamp[0m [34mwith[0m [34mtime[0m zone,
        author_id uuid [34mnot[0m [34mnull[0m,
        channel_id uuid [34mnot[0m [34mnull[0m,
        id uuid [34mnot[0m [34mnull[0m,
        content TEXT,
        [34mprimary[0m [34mkey[0m (id)
    )
26-03-31 10:58:24.632 [Test worker] DEBUG org.hibernate.SQL - 
    [34mcreate[0m [34mtable[0m read_statuses (
        created_at [34mtimestamp[0m [34mwith[0m [34mtime[0m zone [34mnot[0m [34mnull[0m,
        last_read_at [34mtimestamp[0m(6) [34mwith[0m [34mtime[0m zone [34mnot[0m [34mnull[0m,
        updated_at [34mtimestamp[0m [34mwith[0m [34mtime[0m zone,
        channel_id uuid [34mnot[0m [34mnull[0m,
        id uuid [34mnot[0m [34mnull[0m,
        user_id uuid [34mnot[0m [34mnull[0m,
        [34mprimary[0m [34mkey[0m (id),
        [34mconstraint[0m uk_user_channel [34munique[0m (user_id, channel_id)
    )
26-03-31 10:58:24.636 [Test worker] DEBUG org.hibernate.SQL - 
    [34mcreate[0m [34mtable[0m user_statuses (
        created_at [34mtimestamp[0m [34mwith[0m [34mtime[0m zone [34mnot[0m [34mnull[0m,
        last_active_at [34mtimestamp[0m(6) [34mwith[0m [34mtime[0m zone [34mnot[0m [34mnull[0m,
        updated_at [34mtimestamp[0m [34mwith[0m [34mtime[0m zone,
        id uuid [34mnot[0m [34mnull[0m,
        user_id uuid [34munique[0m,
        [34mprimary[0m [34mkey[0m (id)
    )
26-03-31 10:58:24.640 [Test worker] DEBUG org.hibernate.SQL - 
    [34mcreate[0m [34mtable[0m users (
        created_at [34mtimestamp[0m [34mwith[0m [34mtime[0m zone [34mnot[0m [34mnull[0m,
        updated_at [34mtimestamp[0m [34mwith[0m [34mtime[0m zone,
        id uuid [34mnot[0m [34mnull[0m,
        profile_id uuid [34munique[0m,
        username [34mvarchar[0m(50) [34mnot[0m [34mnull[0m [34munique[0m,
        password [34mvarchar[0m(60) [34mnot[0m [34mnull[0m,
        email [34mvarchar[0m(100) [34mnot[0m [34mnull[0m [34munique[0m,
        [34mprimary[0m [34mkey[0m (id)
    )
26-03-31 10:58:24.647 [Test worker] DEBUG org.hibernate.SQL - 
    [34malter[0m [34mtable[0m [34mif[0m [34mexists[0m message_attachments 
       [34madd[0m [34mconstraint[0m FKsd1m8rb8jcpbcnb7rpdue7ctc 
       [34mforeign[0m [34mkey[0m (attachment_id) 
       [34mreferences[0m binary_contents
26-03-31 10:58:24.667 [Test worker] DEBUG org.hibernate.SQL - 
    [34malter[0m [34mtable[0m [34mif[0m [34mexists[0m message_attachments 
       [34madd[0m [34mconstraint[0m FKj7twd218e2gqw9cmlhwvo1rth 
       [34mforeign[0m [34mkey[0m (message_id) 
       [34mreferences[0m messages
26-03-31 10:58:24.671 [Test worker] DEBUG org.hibernate.SQL - 
    [34malter[0m [34mtable[0m [34mif[0m [34mexists[0m messages 
       [34madd[0m [34mconstraint[0m FKowtlim26svclkatusptbgi7u1 
       [34mforeign[0m [34mkey[0m (author_id) 
       [34mreferences[0m users
26-03-31 10:58:24.674 [Test worker] DEBUG org.hibernate.SQL - 
    [34malter[0m [34mtable[0m [34mif[0m [34mexists[0m messages 
       [34madd[0m [34mconstraint[0m FK3u3ckbhwq9se1cmopk2pq05b2 
       [34mforeign[0m [34mkey[0m (channel_id) 
       [34mreferences[0m channels
26-03-31 10:58:24.677 [Test worker] DEBUG org.hibernate.SQL - 
    [34malter[0m [34mtable[0m [34mif[0m [34mexists[0m read_statuses 
       [34madd[0m [34mconstraint[0m FKa38ri44ml4gfdpklx4ahqr8gd 
       [34mforeign[0m [34mkey[0m (channel_id) 
       [34mreferences[0m channels
26-03-31 10:58:24.680 [Test worker] DEBUG org.hibernate.SQL - 
    [34malter[0m [34mtable[0m [34mif[0m [34mexists[0m read_statuses 
       [34madd[0m [34mconstraint[0m FKml3k4wr9sj5yxrmj6d0aoib2e 
       [34mforeign[0m [34mkey[0m (user_id) 
       [34mreferences[0m users
26-03-31 10:58:24.683 [Test worker] DEBUG org.hibernate.SQL - 
    [34malter[0m [34mtable[0m [34mif[0m [34mexists[0m user_statuses 
       [34madd[0m [34mconstraint[0m FK4lfl3ei2ubchgcxrrpo3pw4mm 
       [34mforeign[0m [34mkey[0m (user_id) 
       [34mreferences[0m users
26-03-31 10:58:24.686 [Test worker] DEBUG org.hibernate.SQL - 
    [34malter[0m [34mtable[0m [34mif[0m [34mexists[0m users 
       [34madd[0m [34mconstraint[0m FKtbudycgrip49xdptogmhfqnso 
       [34mforeign[0m [34mkey[0m (profile_id) 
       [34mreferences[0m binary_contents
26-03-31 10:58:24.695 [Test worker] INFO  o.s.o.j.LocalContainerEntityManagerFactoryBean - Initialized JPA EntityManagerFactory for persistence unit 'default'
26-03-31 10:58:25.496 [Test worker] INFO  o.s.d.j.r.query.QueryEnhancerFactory - Hibernate is in classpath; If applicable, HQL parser will be used.
26-03-31 10:58:26.507 [Test worker] WARN  o.s.c.a.AnnotationConfigApplicationContext - Exception encountered during context initialization - cancelling refresh attempt: org.springframework.beans.factory.BeanCreationException: Error creating bean with name 'dataSourceScriptDatabaseInitializer' defined in class path resource [org/springframework/boot/autoconfigure/sql/init/DataSourceInitializationConfiguration.class]: Failed to execute SQL script statement #1 of class path resource [schema.sql]: CREATE TABLE binary_contents ( id uuid PRIMARY KEY, created_at timestamp with time zone NOT NULL, file_name varchar(255) NOT NULL, size bigint NOT NULL, content_type varchar(100) NOT NULL )
26-03-31 10:58:26.509 [Test worker] INFO  o.s.o.j.LocalContainerEntityManagerFactoryBean - Closing JPA EntityManagerFactory for persistence unit 'default'
26-03-31 10:58:26.511 [Test worker] DEBUG org.hibernate.SQL - 
    [34mdrop[0m [34mtable[0m [34mif[0m [34mexists[0m binary_contents [34mcascade[0m 
26-03-31 10:58:26.516 [Test worker] DEBUG org.hibernate.SQL - 
    [34mdrop[0m [34mtable[0m [34mif[0m [34mexists[0m channels [34mcascade[0m 
26-03-31 10:58:26.517 [Test worker] DEBUG org.hibernate.SQL - 
    [34mdrop[0m [34mtable[0m [34mif[0m [34mexists[0m message_attachments [34mcascade[0m 
26-03-31 10:58:26.518 [Test worker] DEBUG org.hibernate.SQL - 
    [34mdrop[0m [34mtable[0m [34mif[0m [34mexists[0m messages [34mcascade[0m 
26-03-31 10:58:26.520 [Test worker] DEBUG org.hibernate.SQL - 
    [34mdrop[0m [34mtable[0m [34mif[0m [34mexists[0m read_statuses [34mcascade[0m 
26-03-31 10:58:26.521 [Test worker] DEBUG org.hibernate.SQL - 
    [34mdrop[0m [34mtable[0m [34mif[0m [34mexists[0m user_statuses [34mcascade[0m 
26-03-31 10:58:26.522 [Test worker] DEBUG org.hibernate.SQL - 
    [34mdrop[0m [34mtable[0m [34mif[0m [34mexists[0m users [34mcascade[0m 
26-03-31 10:58:26.571 [Test worker] INFO  o.s.b.a.l.ConditionEvaluationReportLogger - 

Error starting ApplicationContext. To display the condition evaluation report re-run your application with 'debug' enabled.
26-03-31 10:58:26.657 [Test worker] ERROR o.s.boot.SpringApplication - Application run failed
org.springframework.beans.factory.BeanCreationException: Error creating bean with name 'dataSourceScriptDatabaseInitializer' defined in class path resource [org/springframework/boot/autoconfigure/sql/init/DataSourceInitializationConfiguration.class]: Failed to execute SQL script statement #1 of class path resource [schema.sql]: CREATE TABLE binary_contents ( id uuid PRIMARY KEY, created_at timestamp with time zone NOT NULL, file_name varchar(255) NOT NULL, size bigint NOT NULL, content_type varchar(100) NOT NULL )
	at org.springframework.beans.factory.support.AbstractAutowireCapableBeanFactory.initializeBean(AbstractAutowireCapableBeanFactory.java:1826)
	at org.springframework.beans.factory.support.AbstractAutowireCapableBeanFactory.doCreateBean(AbstractAutowireCapableBeanFactory.java:607)
	at org.springframework.beans.factory.support.AbstractAutowireCapableBeanFactory.createBean(AbstractAutowireCapableBeanFactory.java:529)
	at org.springframework.beans.factory.support.AbstractBeanFactory.lambda$doGetBean$0(AbstractBeanFactory.java:339)
	at org.springframework.beans.factory.support.DefaultSingletonBeanRegistry.getSingleton(DefaultSingletonBeanRegistry.java:373)
	at org.springframework.beans.factory.support.AbstractBeanFactory.doGetBean(AbstractBeanFactory.java:337)
	at org.springframework.beans.factory.support.AbstractBeanFactory.getBean(AbstractBeanFactory.java:202)
	at org.springframework.beans.factory.support.AbstractBeanFactory.doGetBean(AbstractBeanFactory.java:315)
	at org.springframework.beans.factory.support.AbstractBeanFactory.getBean(AbstractBeanFactory.java:202)
	at org.springframework.beans.factory.support.DefaultListableBeanFactory.instantiateSingleton(DefaultListableBeanFactory.java:1228)
	at org.springframework.beans.factory.support.DefaultListableBeanFactory.preInstantiateSingleton(DefaultListableBeanFactory.java:1194)
	at org.springframework.beans.factory.support.DefaultListableBeanFactory.preInstantiateSingletons(DefaultListableBeanFactory.java:1130)
	at org.springframework.context.support.AbstractApplicationContext.finishBeanFactoryInitialization(AbstractApplicationContext.java:990)
	at org.springframework.context.support.AbstractApplicationContext.refresh(AbstractApplicationContext.java:627)
	at org.springframework.boot.SpringApplication.refresh(SpringApplication.java:752)
	at org.springframework.boot.SpringApplication.refreshContext(SpringApplication.java:439)
	at org.springframework.boot.SpringApplication.run(SpringApplication.java:318)
	at org.springframework.boot.test.context.SpringBootContextLoader.lambda$loadContext$3(SpringBootContextLoader.java:152)
	at org.springframework.util.function.ThrowingSupplier.get(ThrowingSupplier.java:58)
	at org.springframework.util.function.ThrowingSupplier.get(ThrowingSupplier.java:46)
	at org.springframework.boot.SpringApplication.withHook(SpringApplication.java:1461)
	at org.springframework.boot.test.context.SpringBootContextLoader$ContextLoaderHook.run(SpringBootContextLoader.java:595)
	at org.springframework.boot.test.context.SpringBootContextLoader.loadContext(SpringBootContextLoader.java:152)
	at org.springframework.boot.test.context.SpringBootContextLoader.loadContext(SpringBootContextLoader.java:111)
	at org.springframework.test.context.cache.DefaultCacheAwareContextLoaderDelegate.loadContextInternal(DefaultCacheAwareContextLoaderDelegate.java:225)
	at org.springframework.test.context.cache.DefaultCacheAwareContextLoaderDelegate.loadContext(DefaultCacheAwareContextLoaderDelegate.java:152)
	at org.springframework.test.context.support.DefaultTestContext.getApplicationContext(DefaultTestContext.java:130)
	at org.springframework.test.context.support.DependencyInjectionTestExecutionListener.injectDependencies(DependencyInjectionTestExecutionListener.java:155)
	at org.springframework.test.context.support.DependencyInjectionTestExecutionListener.prepareTestInstance(DependencyInjectionTestExecutionListener.java:111)
	at org.springframework.test.context.TestContextManager.prepareTestInstance(TestContextManager.java:260)
	at org.springframework.test.context.junit.jupiter.SpringExtension.postProcessTestInstance(SpringExtension.java:159)
	at org.junit.jupiter.engine.descriptor.ClassBasedTestDescriptor.lambda$invokeTestInstancePostProcessors$10(ClassBasedTestDescriptor.java:383)
	at org.junit.jupiter.engine.descriptor.ClassBasedTestDescriptor.executeAndMaskThrowable(ClassBasedTestDescriptor.java:388)
	at org.junit.jupiter.engine.descriptor.ClassBasedTestDescriptor.lambda$invokeTestInstancePostProcessors$11(ClassBasedTestDescriptor.java:382)
	at java.base/java.util.stream.ForEachOps$ForEachOp$OfRef.accept(ForEachOps.java:183)
	at java.base/java.util.stream.ReferencePipeline$3$1.accept(ReferencePipeline.java:197)
	at java.base/java.util.stream.ReferencePipeline$2$1.accept(ReferencePipeline.java:179)
	at java.base/java.util.stream.ReferencePipeline$3$1.accept(ReferencePipeline.java:197)
	at java.base/java.util.ArrayList$ArrayListSpliterator.forEachRemaining(ArrayList.java:1625)
	at java.base/java.util.stream.AbstractPipeline.copyInto(AbstractPipeline.java:509)
	at java.base/java.util.stream.AbstractPipeline.wrapAndCopyInto(AbstractPipeline.java:499)
	at java.base/java.util.stream.ForEachOps$ForEachOp.evaluateSequential(ForEachOps.java:150)
	at java.base/java.util.stream.ForEachOps$ForEachOp$OfRef.evaluateSequential(ForEachOps.java:173)
	at java.base/java.util.stream.AbstractPipeline.evaluate(AbstractPipeline.java:234)
	at java.base/java.util.stream.ReferencePipeline.forEach(ReferencePipeline.java:596)
	at org.junit.jupiter.engine.descriptor.ClassBasedTestDescriptor.invokeTestInstancePostProcessors(ClassBasedTestDescriptor.java:382)
	at org.junit.jupiter.engine.descriptor.ClassBasedTestDescriptor.lambda$instantiateAndPostProcessTestInstance$6(ClassBasedTestDescriptor.java:293)
	at org.junit.platform.engine.support.hierarchical.ThrowableCollector.execute(ThrowableCollector.java:73)
	at org.junit.jupiter.engine.descriptor.ClassBasedTestDescriptor.instantiateAndPostProcessTestInstance(ClassBasedTestDescriptor.java:292)
	at org.junit.jupiter.engine.descriptor.ClassBasedTestDescriptor.lambda$testInstancesProvider$4(ClassBasedTestDescriptor.java:281)
	at java.base/java.util.Optional.orElseGet(Optional.java:364)
	at org.junit.jupiter.engine.descriptor.ClassBasedTestDescriptor.lambda$testInstancesProvider$5(ClassBasedTestDescriptor.java:280)
	at org.junit.jupiter.engine.execution.TestInstancesProvider.getTestInstances(TestInstancesProvider.java:27)
	at org.junit.jupiter.engine.descriptor.TestMethodTestDescriptor.lambda$prepare$0(TestMethodTestDescriptor.java:112)
	at org.junit.platform.engine.support.hierarchical.ThrowableCollector.execute(ThrowableCollector.java:73)
	at org.junit.jupiter.engine.descriptor.TestMethodTestDescriptor.prepare(TestMethodTestDescriptor.java:111)
	at org.junit.jupiter.engine.descriptor.TestMethodTestDescriptor.prepare(TestMethodTestDescriptor.java:69)
	at org.junit.platform.engine.support.hierarchical.NodeTestTask.lambda$prepare$2(NodeTestTask.java:128)
	at org.junit.platform.engine.support.hierarchical.ThrowableCollector.execute(ThrowableCollector.java:73)
	at org.junit.platform.engine.support.hierarchical.NodeTestTask.prepare(NodeTestTask.java:128)
	at org.junit.platform.engine.support.hierarchical.NodeTestTask.execute(NodeTestTask.java:95)
	at java.base/java.util.ArrayList.forEach(ArrayList.java:1511)
	at org.junit.platform.engine.support.hierarchical.SameThreadHierarchicalTestExecutorService.invokeAll(SameThreadHierarchicalTestExecutorService.java:41)
	at org.junit.platform.engine.support.hierarchical.NodeTestTask.lambda$executeRecursively$6(NodeTestTask.java:160)
	at org.junit.platform.engine.support.hierarchical.ThrowableCollector.execute(ThrowableCollector.java:73)
	at org.junit.platform.engine.support.hierarchical.NodeTestTask.lambda$executeRecursively$8(NodeTestTask.java:146)
	at org.junit.platform.engine.support.hierarchical.Node.around(Node.java:137)
	at org.junit.platform.engine.support.hierarchical.NodeTestTask.lambda$executeRecursively$9(NodeTestTask.java:144)
	at org.junit.platform.engine.support.hierarchical.ThrowableCollector.execute(ThrowableCollector.java:73)
	at org.junit.platform.engine.support.hierarchical.NodeTestTask.executeRecursively(NodeTestTask.java:143)
	at org.junit.platform.engine.support.hierarchical.NodeTestTask.execute(NodeTestTask.java:100)
	at java.base/java.util.ArrayList.forEach(ArrayList.java:1511)
	at org.junit.platform.engine.support.hierarchical.SameThreadHierarchicalTestExecutorService.invokeAll(SameThreadHierarchicalTestExecutorService.java:41)
	at org.junit.platform.engine.support.hierarchical.NodeTestTask.lambda$executeRecursively$6(NodeTestTask.java:160)
	at org.junit.platform.engine.support.hierarchical.ThrowableCollector.execute(ThrowableCollector.java:73)
	at org.junit.platform.engine.support.hierarchical.NodeTestTask.lambda$executeRecursively$8(NodeTestTask.java:146)
	at org.junit.platform.engine.support.hierarchical.Node.around(Node.java:137)
	at org.junit.platform.engine.support.hierarchical.NodeTestTask.lambda$executeRecursively$9(NodeTestTask.java:144)
	at org.junit.platform.engine.support.hierarchical.ThrowableCollector.execute(ThrowableCollector.java:73)
	at org.junit.platform.engine.support.hierarchical.NodeTestTask.executeRecursively(NodeTestTask.java:143)
	at org.junit.platform.engine.support.hierarchical.NodeTestTask.execute(NodeTestTask.java:100)
	at org.junit.platform.engine.support.hierarchical.SameThreadHierarchicalTestExecutorService.submit(SameThreadHierarchicalTestExecutorService.java:35)
	at org.junit.platform.engine.support.hierarchical.HierarchicalTestExecutor.execute(HierarchicalTestExecutor.java:57)
	at org.junit.platform.engine.support.hierarchical.HierarchicalTestEngine.execute(HierarchicalTestEngine.java:54)
	at org.junit.platform.launcher.core.EngineExecutionOrchestrator.execute(EngineExecutionOrchestrator.java:201)
	at org.junit.platform.launcher.core.EngineExecutionOrchestrator.execute(EngineExecutionOrchestrator.java:170)
	at org.junit.platform.launcher.core.EngineExecutionOrchestrator.execute(EngineExecutionOrchestrator.java:94)
	at org.junit.platform.launcher.core.EngineExecutionOrchestrator.lambda$execute$0(EngineExecutionOrchestrator.java:59)
	at org.junit.platform.launcher.core.EngineExecutionOrchestrator.withInterceptedStreams(EngineExecutionOrchestrator.java:142)
	at org.junit.platform.launcher.core.EngineExecutionOrchestrator.execute(EngineExecutionOrchestrator.java:58)
	at org.junit.platform.launcher.core.DefaultLauncher.execute(DefaultLauncher.java:103)
	at org.junit.platform.launcher.core.DefaultLauncher.execute(DefaultLauncher.java:85)
	at org.junit.platform.launcher.core.DelegatingLauncher.execute(DelegatingLauncher.java:47)
	at org.junit.platform.launcher.core.InterceptingLauncher.lambda$execute$1(InterceptingLauncher.java:39)
	at org.junit.platform.launcher.core.ClasspathAlignmentCheckingLauncherInterceptor.intercept(ClasspathAlignmentCheckingLauncherInterceptor.java:25)
	at org.junit.platform.launcher.core.InterceptingLauncher.execute(InterceptingLauncher.java:38)
	at org.junit.platform.launcher.core.DelegatingLauncher.execute(DelegatingLauncher.java:47)
	at org.gradle.api.internal.tasks.testing.junitplatform.JUnitPlatformTestClassProcessor$CollectAllTestClassesExecutor.processAllTestClasses(JUnitPlatformTestClassProcessor.java:124)
	at org.gradle.api.internal.tasks.testing.junitplatform.JUnitPlatformTestClassProcessor$CollectAllTestClassesExecutor.access$000(JUnitPlatformTestClassProcessor.java:99)
	at org.gradle.api.internal.tasks.testing.junitplatform.JUnitPlatformTestClassProcessor.stop(JUnitPlatformTestClassProcessor.java:94)
	at org.gradle.api.internal.tasks.testing.SuiteTestClassProcessor.stop(SuiteTestClassProcessor.java:63)
	at java.base/jdk.internal.reflect.NativeMethodAccessorImpl.invoke0(Native Method)
	at java.base/jdk.internal.reflect.NativeMethodAccessorImpl.invoke(NativeMethodAccessorImpl.java:77)
	at java.base/jdk.internal.reflect.DelegatingMethodAccessorImpl.invoke(DelegatingMethodAccessorImpl.java:43)
	at java.base/java.lang.reflect.Method.invoke(Method.java:569)
	at org.gradle.internal.dispatch.ReflectionDispatch.dispatch(ReflectionDispatch.java:36)
	at org.gradle.internal.dispatch.ReflectionDispatch.dispatch(ReflectionDispatch.java:24)
	at org.gradle.internal.dispatch.ContextClassLoaderDispatch.dispatch(ContextClassLoaderDispatch.java:33)
	at org.gradle.internal.dispatch.ProxyDispatchAdapter$DispatchingInvocationHandler.invoke(ProxyDispatchAdapter.java:92)
	at jdk.proxy1/jdk.proxy1.$Proxy4.stop(Unknown Source)
	at org.gradle.api.internal.tasks.testing.worker.TestWorker$3.run(TestWorker.java:200)
	at org.gradle.api.internal.tasks.testing.worker.TestWorker.executeAndMaintainThreadName(TestWorker.java:132)
	at org.gradle.api.internal.tasks.testing.worker.TestWorker.execute(TestWorker.java:103)
	at org.gradle.api.internal.tasks.testing.worker.TestWorker.execute(TestWorker.java:63)
	at org.gradle.process.internal.worker.child.ActionExecutionWorker.execute(ActionExecutionWorker.java:56)
	at org.gradle.process.internal.worker.child.SystemApplicationClassLoaderWorker.call(SystemApplicationClassLoaderWorker.java:122)
	at org.gradle.process.internal.worker.child.SystemApplicationClassLoaderWorker.call(SystemApplicationClassLoaderWorker.java:72)
	at worker.org.gradle.process.internal.worker.GradleWorkerMain.run(GradleWorkerMain.java:69)
	at worker.org.gradle.process.internal.worker.GradleWorkerMain.main(GradleWorkerMain.java:74)
Caused by: org.springframework.jdbc.datasource.init.ScriptStatementFailedException: Failed to execute SQL script statement #1 of class path resource [schema.sql]: CREATE TABLE binary_contents ( id uuid PRIMARY KEY, created_at timestamp with time zone NOT NULL, file_name varchar(255) NOT NULL, size bigint NOT NULL, content_type varchar(100) NOT NULL )
	at org.springframework.jdbc.datasource.init.ScriptUtils.executeSqlScript(ScriptUtils.java:293)
	at org.springframework.jdbc.datasource.init.ResourceDatabasePopulator.populate(ResourceDatabasePopulator.java:254)
	at org.springframework.jdbc.datasource.init.DatabasePopulatorUtils.execute(DatabasePopulatorUtils.java:54)
	at org.springframework.boot.jdbc.init.DataSourceScriptDatabaseInitializer.runScripts(DataSourceScriptDatabaseInitializer.java:87)
	at org.springframework.boot.sql.init.AbstractScriptDatabaseInitializer.runScripts(AbstractScriptDatabaseInitializer.java:146)
	at org.springframework.boot.sql.init.AbstractScriptDatabaseInitializer.applyScripts(AbstractScriptDatabaseInitializer.java:108)
	at org.springframework.boot.sql.init.AbstractScriptDatabaseInitializer.applySchemaScripts(AbstractScriptDatabaseInitializer.java:98)
	at org.springframework.boot.sql.init.AbstractScriptDatabaseInitializer.initializeDatabase(AbstractScriptDatabaseInitializer.java:76)
	at org.springframework.boot.sql.init.AbstractScriptDatabaseInitializer.afterPropertiesSet(AbstractScriptDatabaseInitializer.java:66)
	at org.springframework.beans.factory.support.AbstractAutowireCapableBeanFactory.invokeInitMethods(AbstractAutowireCapableBeanFactory.java:1873)
	at org.springframework.beans.factory.support.AbstractAutowireCapableBeanFactory.initializeBean(AbstractAutowireCapableBeanFactory.java:1822)
	... 118 common frames omitted
Caused by: org.h2.jdbc.JdbcSQLSyntaxErrorException: Table "BINARY_CONTENTS" already exists; SQL statement:
CREATE TABLE binary_contents ( id uuid PRIMARY KEY, created_at timestamp with time zone NOT NULL, file_name varchar(255) NOT NULL, size bigint NOT NULL, content_type varchar(100) NOT NULL ) [42101-232]
	at org.h2.message.DbException.getJdbcSQLException(DbException.java:514)
	at org.h2.message.DbException.getJdbcSQLException(DbException.java:489)
	at org.h2.message.DbException.get(DbException.java:223)
	at org.h2.message.DbException.get(DbException.java:199)
	at org.h2.command.ddl.CreateTable.update(CreateTable.java:91)
	at org.h2.command.CommandContainer.update(CommandContainer.java:139)
	at org.h2.command.Command.executeUpdate(Command.java:304)
	at org.h2.command.Command.executeUpdate(Command.java:248)
	at org.h2.jdbc.JdbcStatement.executeInternal(JdbcStatement.java:262)
	at org.h2.jdbc.JdbcStatement.execute(JdbcStatement.java:231)
	at org.springframework.jdbc.datasource.init.ScriptUtils.executeSqlScript(ScriptUtils.java:261)
	... 128 common frames omitted
26-03-31 10:58:26.676 [Test worker] WARN  o.s.test.context.TestContextManager - Caught exception while allowing TestExecutionListener [org.springframework.test.context.support.DependencyInjectionTestExecutionListener] to prepare test instance [com.sprint.mission.discodeit.repository.UserRepositoryTest@282c3aa0]
java.lang.IllegalStateException: Failed to load ApplicationContext for [MergedContextConfiguration@12bb0322 testClass = com.sprint.mission.discodeit.repository.UserRepositoryTest, locations = [], classes = [com.sprint.mission.discodeit.DiscodeitApplication], contextInitializerClasses = [], activeProfiles = ["test"], propertySourceDescriptors = [], propertySourceProperties = ["org.springframework.boot.test.autoconfigure.orm.jpa.DataJpaTestContextBootstrapper=true"], contextCustomizers = [org.springframework.boot.test.autoconfigure.OnFailureConditionReportContextCustomizerFactory$OnFailureConditionReportContextCustomizer@295eaa7c, org.springframework.boot.test.autoconfigure.OverrideAutoConfigurationContextCustomizerFactory$DisableAutoConfigurationContextCustomizer@64dafeed, org.springframework.boot.test.autoconfigure.actuate.observability.ObservabilityContextCustomizerFactory$DisableObservabilityContextCustomizer@1f, org.springframework.boot.test.autoconfigure.filter.TypeExcludeFiltersContextCustomizer@34be3d80, org.springframework.boot.test.autoconfigure.properties.PropertyMappingContextCustomizer@db85b086, org.springframework.boot.test.autoconfigure.web.servlet.WebDriverContextCustomizer@3f363cf5, [ImportsContextCustomizer@466fb9be key = [@org.springframework.boot.test.autoconfigure.orm.jpa.AutoConfigureDataJpa(), @org.springframework.boot.test.autoconfigure.orm.jpa.AutoConfigureTestEntityManager(), @org.springframework.boot.test.autoconfigure.core.AutoConfigureCache(cacheProvider=NONE), @org.springframework.boot.test.autoconfigure.jdbc.AutoConfigureTestDatabase(connection=NONE, replace=NON_TEST), @org.springframework.test.context.BootstrapWith(value=org.springframework.boot.test.autoconfigure.orm.jpa.DataJpaTestContextBootstrapper.class), @org.springframework.boot.test.autoconfigure.orm.jpa.DataJpaTest(bootstrapMode=DEFAULT, excludeAutoConfiguration={}, excludeFilters={}, includeFilters={}, properties={}, showSql=true, useDefaultFilters=true), @org.springframework.boot.test.autoconfigure.filter.TypeExcludeFilters(value={org.springframework.boot.test.autoconfigure.orm.jpa.DataJpaTypeExcludeFilter.class}), @org.springframework.boot.test.autoconfigure.properties.PropertyMapping(skip=NO, value="spring.test.database"), @org.springframework.transaction.annotation.Transactional(isolation=DEFAULT, label={}, noRollbackFor={}, noRollbackForClassName={}, propagation=REQUIRED, readOnly=false, rollbackFor={}, rollbackForClassName={}, timeout=-1, timeoutString="", transactionManager="", value=""), @org.springframework.data.jpa.repository.config.EnableJpaAuditing(auditorAwareRef="", setDates=true, dateTimeProviderRef="", modifyOnCreate=true), @org.springframework.boot.autoconfigure.ImportAutoConfiguration(classes={}, exclude={}, value={}), @org.springframework.context.annotation.Import(value={org.springframework.boot.autoconfigure.ImportAutoConfigurationImportSelector.class}), @org.springframework.context.annotation.Import(value={org.springframework.data.jpa.repository.config.JpaAuditingRegistrar.class}), @org.springframework.boot.test.autoconfigure.OverrideAutoConfiguration(enabled=false), @org.springframework.test.context.ActiveProfiles(inheritProfiles=true, profiles={"test"}, resolver=org.springframework.test.context.ActiveProfilesResolver.class, value={"test"}), @org.springframework.aot.hint.annotation.Reflective(processors={org.springframework.aot.hint.annotation.SimpleReflectiveProcessor.class}, value={org.springframework.aot.hint.annotation.SimpleReflectiveProcessor.class})]], org.springframework.boot.test.context.filter.ExcludeFilterContextCustomizer@4763c727, org.springframework.boot.test.json.DuplicateJsonObjectContextCustomizerFactory$DuplicateJsonObjectContextCustomizer@1c80e49b, org.springframework.boot.test.mock.mockito.MockitoContextCustomizer@0, org.springframework.boot.test.web.reactor.netty.DisableReactorResourceFactoryGlobalResourcesContextCustomizerFactory$DisableReactorResourceFactoryGlobalResourcesContextCustomizerCustomizer@277f7dd3, org.springframework.test.context.support.DynamicPropertiesContextCustomizer@0, org.springframework.boot.test.context.SpringBootTestAnnotation@947fb9b9], contextLoader = org.springframework.boot.test.context.SpringBootContextLoader, parent = null]
	at org.springframework.test.context.cache.DefaultCacheAwareContextLoaderDelegate.loadContext(DefaultCacheAwareContextLoaderDelegate.java:180)
	at org.springframework.test.context.support.DefaultTestContext.getApplicationContext(DefaultTestContext.java:130)
	at org.springframework.test.context.support.DependencyInjectionTestExecutionListener.injectDependencies(DependencyInjectionTestExecutionListener.java:155)
	at org.springframework.test.context.support.DependencyInjectionTestExecutionListener.prepareTestInstance(DependencyInjectionTestExecutionListener.java:111)
	at org.springframework.test.context.TestContextManager.prepareTestInstance(TestContextManager.java:260)
	at org.springframework.test.context.junit.jupiter.SpringExtension.postProcessTestInstance(SpringExtension.java:159)
	at org.junit.jupiter.engine.descriptor.ClassBasedTestDescriptor.lambda$invokeTestInstancePostProcessors$10(ClassBasedTestDescriptor.java:383)
	at org.junit.jupiter.engine.descriptor.ClassBasedTestDescriptor.executeAndMaskThrowable(ClassBasedTestDescriptor.java:388)
	at org.junit.jupiter.engine.descriptor.ClassBasedTestDescriptor.lambda$invokeTestInstancePostProcessors$11(ClassBasedTestDescriptor.java:382)
	at java.base/java.util.stream.ForEachOps$ForEachOp$OfRef.accept(ForEachOps.java:183)
	at java.base/java.util.stream.ReferencePipeline$3$1.accept(ReferencePipeline.java:197)
	at java.base/java.util.stream.ReferencePipeline$2$1.accept(ReferencePipeline.java:179)
	at java.base/java.util.stream.ReferencePipeline$3$1.accept(ReferencePipeline.java:197)
	at java.base/java.util.ArrayList$ArrayListSpliterator.forEachRemaining(ArrayList.java:1625)
	at java.base/java.util.stream.AbstractPipeline.copyInto(AbstractPipeline.java:509)
	at java.base/java.util.stream.AbstractPipeline.wrapAndCopyInto(AbstractPipeline.java:499)
	at java.base/java.util.stream.ForEachOps$ForEachOp.evaluateSequential(ForEachOps.java:150)
	at java.base/java.util.stream.ForEachOps$ForEachOp$OfRef.evaluateSequential(ForEachOps.java:173)
	at java.base/java.util.stream.AbstractPipeline.evaluate(AbstractPipeline.java:234)
	at java.base/java.util.stream.ReferencePipeline.forEach(ReferencePipeline.java:596)
	at org.junit.jupiter.engine.descriptor.ClassBasedTestDescriptor.invokeTestInstancePostProcessors(ClassBasedTestDescriptor.java:382)
	at org.junit.jupiter.engine.descriptor.ClassBasedTestDescriptor.lambda$instantiateAndPostProcessTestInstance$6(ClassBasedTestDescriptor.java:293)
	at org.junit.platform.engine.support.hierarchical.ThrowableCollector.execute(ThrowableCollector.java:73)
	at org.junit.jupiter.engine.descriptor.ClassBasedTestDescriptor.instantiateAndPostProcessTestInstance(ClassBasedTestDescriptor.java:292)
	at org.junit.jupiter.engine.descriptor.ClassBasedTestDescriptor.lambda$testInstancesProvider$4(ClassBasedTestDescriptor.java:281)
	at java.base/java.util.Optional.orElseGet(Optional.java:364)
	at org.junit.jupiter.engine.descriptor.ClassBasedTestDescriptor.lambda$testInstancesProvider$5(ClassBasedTestDescriptor.java:280)
	at org.junit.jupiter.engine.execution.TestInstancesProvider.getTestInstances(TestInstancesProvider.java:27)
	at org.junit.jupiter.engine.descriptor.TestMethodTestDescriptor.lambda$prepare$0(TestMethodTestDescriptor.java:112)
	at org.junit.platform.engine.support.hierarchical.ThrowableCollector.execute(ThrowableCollector.java:73)
	at org.junit.jupiter.engine.descriptor.TestMethodTestDescriptor.prepare(TestMethodTestDescriptor.java:111)
	at org.junit.jupiter.engine.descriptor.TestMethodTestDescriptor.prepare(TestMethodTestDescriptor.java:69)
	at org.junit.platform.engine.support.hierarchical.NodeTestTask.lambda$prepare$2(NodeTestTask.java:128)
	at org.junit.platform.engine.support.hierarchical.ThrowableCollector.execute(ThrowableCollector.java:73)
	at org.junit.platform.engine.support.hierarchical.NodeTestTask.prepare(NodeTestTask.java:128)
	at org.junit.platform.engine.support.hierarchical.NodeTestTask.execute(NodeTestTask.java:95)
	at java.base/java.util.ArrayList.forEach(ArrayList.java:1511)
	at org.junit.platform.engine.support.hierarchical.SameThreadHierarchicalTestExecutorService.invokeAll(SameThreadHierarchicalTestExecutorService.java:41)
	at org.junit.platform.engine.support.hierarchical.NodeTestTask.lambda$executeRecursively$6(NodeTestTask.java:160)
	at org.junit.platform.engine.support.hierarchical.ThrowableCollector.execute(ThrowableCollector.java:73)
	at org.junit.platform.engine.support.hierarchical.NodeTestTask.lambda$executeRecursively$8(NodeTestTask.java:146)
	at org.junit.platform.engine.support.hierarchical.Node.around(Node.java:137)
	at org.junit.platform.engine.support.hierarchical.NodeTestTask.lambda$executeRecursively$9(NodeTestTask.java:144)
	at org.junit.platform.engine.support.hierarchical.ThrowableCollector.execute(ThrowableCollector.java:73)
	at org.junit.platform.engine.support.hierarchical.NodeTestTask.executeRecursively(NodeTestTask.java:143)
	at org.junit.platform.engine.support.hierarchical.NodeTestTask.execute(NodeTestTask.java:100)
	at java.base/java.util.ArrayList.forEach(ArrayList.java:1511)
	at org.junit.platform.engine.support.hierarchical.SameThreadHierarchicalTestExecutorService.invokeAll(SameThreadHierarchicalTestExecutorService.java:41)
	at org.junit.platform.engine.support.hierarchical.NodeTestTask.lambda$executeRecursively$6(NodeTestTask.java:160)
	at org.junit.platform.engine.support.hierarchical.ThrowableCollector.execute(ThrowableCollector.java:73)
	at org.junit.platform.engine.support.hierarchical.NodeTestTask.lambda$executeRecursively$8(NodeTestTask.java:146)
	at org.junit.platform.engine.support.hierarchical.Node.around(Node.java:137)
	at org.junit.platform.engine.support.hierarchical.NodeTestTask.lambda$executeRecursively$9(NodeTestTask.java:144)
	at org.junit.platform.engine.support.hierarchical.ThrowableCollector.execute(ThrowableCollector.java:73)
	at org.junit.platform.engine.support.hierarchical.NodeTestTask.executeRecursively(NodeTestTask.java:143)
	at org.junit.platform.engine.support.hierarchical.NodeTestTask.execute(NodeTestTask.java:100)
	at org.junit.platform.engine.support.hierarchical.SameThreadHierarchicalTestExecutorService.submit(SameThreadHierarchicalTestExecutorService.java:35)
	at org.junit.platform.engine.support.hierarchical.HierarchicalTestExecutor.execute(HierarchicalTestExecutor.java:57)
	at org.junit.platform.engine.support.hierarchical.HierarchicalTestEngine.execute(HierarchicalTestEngine.java:54)
	at org.junit.platform.launcher.core.EngineExecutionOrchestrator.execute(EngineExecutionOrchestrator.java:201)
	at org.junit.platform.launcher.core.EngineExecutionOrchestrator.execute(EngineExecutionOrchestrator.java:170)
	at org.junit.platform.launcher.core.EngineExecutionOrchestrator.execute(EngineExecutionOrchestrator.java:94)
	at org.junit.platform.launcher.core.EngineExecutionOrchestrator.lambda$execute$0(EngineExecutionOrchestrator.java:59)
	at org.junit.platform.launcher.core.EngineExecutionOrchestrator.withInterceptedStreams(EngineExecutionOrchestrator.java:142)
	at org.junit.platform.launcher.core.EngineExecutionOrchestrator.execute(EngineExecutionOrchestrator.java:58)
	at org.junit.platform.launcher.core.DefaultLauncher.execute(DefaultLauncher.java:103)
	at org.junit.platform.launcher.core.DefaultLauncher.execute(DefaultLauncher.java:85)
	at org.junit.platform.launcher.core.DelegatingLauncher.execute(DelegatingLauncher.java:47)
	at org.junit.platform.launcher.core.InterceptingLauncher.lambda$execute$1(InterceptingLauncher.java:39)
	at org.junit.platform.launcher.core.ClasspathAlignmentCheckingLauncherInterceptor.intercept(ClasspathAlignmentCheckingLauncherInterceptor.java:25)
	at org.junit.platform.launcher.core.InterceptingLauncher.execute(InterceptingLauncher.java:38)
	at org.junit.platform.launcher.core.DelegatingLauncher.execute(DelegatingLauncher.java:47)
	at org.gradle.api.internal.tasks.testing.junitplatform.JUnitPlatformTestClassProcessor$CollectAllTestClassesExecutor.processAllTestClasses(JUnitPlatformTestClassProcessor.java:124)
	at org.gradle.api.internal.tasks.testing.junitplatform.JUnitPlatformTestClassProcessor$CollectAllTestClassesExecutor.access$000(JUnitPlatformTestClassProcessor.java:99)
	at org.gradle.api.internal.tasks.testing.junitplatform.JUnitPlatformTestClassProcessor.stop(JUnitPlatformTestClassProcessor.java:94)
	at org.gradle.api.internal.tasks.testing.SuiteTestClassProcessor.stop(SuiteTestClassProcessor.java:63)
	at java.base/jdk.internal.reflect.NativeMethodAccessorImpl.invoke0(Native Method)
	at java.base/jdk.internal.reflect.NativeMethodAccessorImpl.invoke(NativeMethodAccessorImpl.java:77)
	at java.base/jdk.internal.reflect.DelegatingMethodAccessorImpl.invoke(DelegatingMethodAccessorImpl.java:43)
	at java.base/java.lang.reflect.Method.invoke(Method.java:569)
	at org.gradle.internal.dispatch.ReflectionDispatch.dispatch(ReflectionDispatch.java:36)
	at org.gradle.internal.dispatch.ReflectionDispatch.dispatch(ReflectionDispatch.java:24)
	at org.gradle.internal.dispatch.ContextClassLoaderDispatch.dispatch(ContextClassLoaderDispatch.java:33)
	at org.gradle.internal.dispatch.ProxyDispatchAdapter$DispatchingInvocationHandler.invoke(ProxyDispatchAdapter.java:92)
	at jdk.proxy1/jdk.proxy1.$Proxy4.stop(Unknown Source)
	at org.gradle.api.internal.tasks.testing.worker.TestWorker$3.run(TestWorker.java:200)
	at org.gradle.api.internal.tasks.testing.worker.TestWorker.executeAndMaintainThreadName(TestWorker.java:132)
	at org.gradle.api.internal.tasks.testing.worker.TestWorker.execute(TestWorker.java:103)
	at org.gradle.api.internal.tasks.testing.worker.TestWorker.execute(TestWorker.java:63)
	at org.gradle.process.internal.worker.child.ActionExecutionWorker.execute(ActionExecutionWorker.java:56)
	at org.gradle.process.internal.worker.child.SystemApplicationClassLoaderWorker.call(SystemApplicationClassLoaderWorker.java:122)
	at org.gradle.process.internal.worker.child.SystemApplicationClassLoaderWorker.call(SystemApplicationClassLoaderWorker.java:72)
	at worker.org.gradle.process.internal.worker.GradleWorkerMain.run(GradleWorkerMain.java:69)
	at worker.org.gradle.process.internal.worker.GradleWorkerMain.main(GradleWorkerMain.java:74)
Caused by: org.springframework.beans.factory.BeanCreationException: Error creating bean with name 'dataSourceScriptDatabaseInitializer' defined in class path resource [org/springframework/boot/autoconfigure/sql/init/DataSourceInitializationConfiguration.class]: Failed to execute SQL script statement #1 of class path resource [schema.sql]: CREATE TABLE binary_contents ( id uuid PRIMARY KEY, created_at timestamp with time zone NOT NULL, file_name varchar(255) NOT NULL, size bigint NOT NULL, content_type varchar(100) NOT NULL )
	at org.springframework.beans.factory.support.AbstractAutowireCapableBeanFactory.initializeBean(AbstractAutowireCapableBeanFactory.java:1826)
	at org.springframework.beans.factory.support.AbstractAutowireCapableBeanFactory.doCreateBean(AbstractAutowireCapableBeanFactory.java:607)
	at org.springframework.beans.factory.support.AbstractAutowireCapableBeanFactory.createBean(AbstractAutowireCapableBeanFactory.java:529)
	at org.springframework.beans.factory.support.AbstractBeanFactory.lambda$doGetBean$0(AbstractBeanFactory.java:339)
	at org.springframework.beans.factory.support.DefaultSingletonBeanRegistry.getSingleton(DefaultSingletonBeanRegistry.java:373)
	at org.springframework.beans.factory.support.AbstractBeanFactory.doGetBean(AbstractBeanFactory.java:337)
	at org.springframework.beans.factory.support.AbstractBeanFactory.getBean(AbstractBeanFactory.java:202)
	at org.springframework.beans.factory.support.AbstractBeanFactory.doGetBean(AbstractBeanFactory.java:315)
	at org.springframework.beans.factory.support.AbstractBeanFactory.getBean(AbstractBeanFactory.java:202)
	at org.springframework.beans.factory.support.DefaultListableBeanFactory.instantiateSingleton(DefaultListableBeanFactory.java:1228)
	at org.springframework.beans.factory.support.DefaultListableBeanFactory.preInstantiateSingleton(DefaultListableBeanFactory.java:1194)
	at org.springframework.beans.factory.support.DefaultListableBeanFactory.preInstantiateSingletons(DefaultListableBeanFactory.java:1130)
	at org.springframework.context.support.AbstractApplicationContext.finishBeanFactoryInitialization(AbstractApplicationContext.java:990)
	at org.springframework.context.support.AbstractApplicationContext.refresh(AbstractApplicationContext.java:627)
	at org.springframework.boot.SpringApplication.refresh(SpringApplication.java:752)
	at org.springframework.boot.SpringApplication.refreshContext(SpringApplication.java:439)
	at org.springframework.boot.SpringApplication.run(SpringApplication.java:318)
	at org.springframework.boot.test.context.SpringBootContextLoader.lambda$loadContext$3(SpringBootContextLoader.java:152)
	at org.springframework.util.function.ThrowingSupplier.get(ThrowingSupplier.java:58)
	at org.springframework.util.function.ThrowingSupplier.get(ThrowingSupplier.java:46)
	at org.springframework.boot.SpringApplication.withHook(SpringApplication.java:1461)
	at org.springframework.boot.test.context.SpringBootContextLoader$ContextLoaderHook.run(SpringBootContextLoader.java:595)
	at org.springframework.boot.test.context.SpringBootContextLoader.loadContext(SpringBootContextLoader.java:152)
	at org.springframework.boot.test.context.SpringBootContextLoader.loadContext(SpringBootContextLoader.java:111)
	at org.springframework.test.context.cache.DefaultCacheAwareContextLoaderDelegate.loadContextInternal(DefaultCacheAwareContextLoaderDelegate.java:225)
	at org.springframework.test.context.cache.DefaultCacheAwareContextLoaderDelegate.loadContext(DefaultCacheAwareContextLoaderDelegate.java:152)
	... 93 common frames omitted
Caused by: org.springframework.jdbc.datasource.init.ScriptStatementFailedException: Failed to execute SQL script statement #1 of class path resource [schema.sql]: CREATE TABLE binary_contents ( id uuid PRIMARY KEY, created_at timestamp with time zone NOT NULL, file_name varchar(255) NOT NULL, size bigint NOT NULL, content_type varchar(100) NOT NULL )
	at org.springframework.jdbc.datasource.init.ScriptUtils.executeSqlScript(ScriptUtils.java:293)
	at org.springframework.jdbc.datasource.init.ResourceDatabasePopulator.populate(ResourceDatabasePopulator.java:254)
	at org.springframework.jdbc.datasource.init.DatabasePopulatorUtils.execute(DatabasePopulatorUtils.java:54)
	at org.springframework.boot.jdbc.init.DataSourceScriptDatabaseInitializer.runScripts(DataSourceScriptDatabaseInitializer.java:87)
	at org.springframework.boot.sql.init.AbstractScriptDatabaseInitializer.runScripts(AbstractScriptDatabaseInitializer.java:146)
	at org.springframework.boot.sql.init.AbstractScriptDatabaseInitializer.applyScripts(AbstractScriptDatabaseInitializer.java:108)
	at org.springframework.boot.sql.init.AbstractScriptDatabaseInitializer.applySchemaScripts(AbstractScriptDatabaseInitializer.java:98)
	at org.springframework.boot.sql.init.AbstractScriptDatabaseInitializer.initializeDatabase(AbstractScriptDatabaseInitializer.java:76)
	at org.springframework.boot.sql.init.AbstractScriptDatabaseInitializer.afterPropertiesSet(AbstractScriptDatabaseInitializer.java:66)
	at org.springframework.beans.factory.support.AbstractAutowireCapableBeanFactory.invokeInitMethods(AbstractAutowireCapableBeanFactory.java:1873)
	at org.springframework.beans.factory.support.AbstractAutowireCapableBeanFactory.initializeBean(AbstractAutowireCapableBeanFactory.java:1822)
	... 118 common frames omitted
Caused by: org.h2.jdbc.JdbcSQLSyntaxErrorException: Table "BINARY_CONTENTS" already exists; SQL statement:
CREATE TABLE binary_contents ( id uuid PRIMARY KEY, created_at timestamp with time zone NOT NULL, file_name varchar(255) NOT NULL, size bigint NOT NULL, content_type varchar(100) NOT NULL ) [42101-232]
	at org.h2.message.DbException.getJdbcSQLException(DbException.java:514)
	at org.h2.message.DbException.getJdbcSQLException(DbException.java:489)
	at org.h2.message.DbException.get(DbException.java:223)
	at org.h2.message.DbException.get(DbException.java:199)
	at org.h2.command.ddl.CreateTable.update(CreateTable.java:91)
	at org.h2.command.CommandContainer.update(CommandContainer.java:139)
	at org.h2.command.Command.executeUpdate(Command.java:304)
	at org.h2.command.Command.executeUpdate(Command.java:248)
	at org.h2.jdbc.JdbcStatement.executeInternal(JdbcStatement.java:262)
	at org.h2.jdbc.JdbcStatement.execute(JdbcStatement.java:231)
	at org.springframework.jdbc.datasource.init.ScriptUtils.executeSqlScript(ScriptUtils.java:261)
	... 128 common frames omitted
26-03-31 11:00:34.983 [background-preinit] INFO  o.h.validator.internal.util.Version - HV000001: Hibernate Validator 8.0.3.Final
26-03-31 11:00:35.089 [Test worker] INFO  c.s.m.d.r.UserRepositoryTest - Starting UserRepositoryTest using Java 17.0.15 with PID 17516 (started by ASUS in C:\Users\ASUS\Desktop\dev\web\codeit_sprint_bootcamp\sprint-mission\9-sprint-mission\discodeit)
26-03-31 11:00:35.093 [Test worker] INFO  c.s.m.d.r.UserRepositoryTest - The following 1 profile is active: "test"
26-03-31 11:00:36.240 [Test worker] INFO  o.s.d.r.c.RepositoryConfigurationDelegate - Bootstrapping Spring Data JPA repositories in DEFAULT mode.
26-03-31 11:00:36.467 [Test worker] INFO  o.s.d.r.c.RepositoryConfigurationDelegate - Finished Spring Data repository scanning in 198 ms. Found 6 JPA repository interfaces.
26-03-31 11:00:36.570 [Test worker] INFO  o.s.b.t.a.j.TestDatabaseAutoConfiguration$EmbeddedDataSourceBeanFactoryPostProcessor - Replacing 'dataSource' DataSource bean with embedded version
26-03-31 11:00:36.834 [Test worker] INFO  o.s.j.d.e.EmbeddedDatabaseFactory - Starting embedded database: url='jdbc:h2:mem:c353b6c6-5573-4458-8c65-cf5371bbd2a1;DB_CLOSE_DELAY=-1;DB_CLOSE_ON_EXIT=false', username='sa'
26-03-31 11:00:37.368 [Test worker] INFO  o.h.jpa.internal.util.LogHelper - HHH000204: Processing PersistenceUnitInfo [name: default]
26-03-31 11:00:37.543 [Test worker] INFO  org.hibernate.Version - HHH000412: Hibernate ORM core version 6.6.41.Final
26-03-31 11:00:37.619 [Test worker] INFO  o.h.c.i.RegionFactoryInitiator - HHH000026: Second-level cache disabled
26-03-31 11:00:38.254 [Test worker] INFO  o.s.o.j.p.SpringPersistenceUnitInfo - No LoadTimeWeaver setup: ignoring JPA class transformer
26-03-31 11:00:38.348 [Test worker] WARN  org.hibernate.orm.deprecation - HHH90000025: H2Dialect does not need to be specified explicitly using 'hibernate.dialect' (remove the property setting and it will be selected by default)
26-03-31 11:00:38.389 [Test worker] INFO  o.hibernate.orm.connections.pooling - HHH10001005: Database info:
	Database JDBC URL [Connecting through datasource 'org.springframework.jdbc.datasource.embedded.EmbeddedDatabaseFactory$EmbeddedDataSourceProxy@25464154']
	Database driver: undefined/unknown
	Database version: 2.3.232
	Autocommit mode: undefined/unknown
	Isolation level: undefined/unknown
	Minimum pool size: undefined/unknown
	Maximum pool size: undefined/unknown
26-03-31 11:00:40.190 [Test worker] INFO  o.h.e.t.j.p.i.JtaPlatformInitiator - HHH000489: No JTA platform available (set 'hibernate.transaction.jta.platform' to enable JTA platform integration)
26-03-31 11:00:40.225 [Test worker] DEBUG org.hibernate.SQL - 
    [34mdrop[0m [34mtable[0m [34mif[0m [34mexists[0m binary_contents [34mcascade[0m 
26-03-31 11:00:40.231 [Test worker] DEBUG org.hibernate.SQL - 
    [34mdrop[0m [34mtable[0m [34mif[0m [34mexists[0m channels [34mcascade[0m 
26-03-31 11:00:40.232 [Test worker] DEBUG org.hibernate.SQL - 
    [34mdrop[0m [34mtable[0m [34mif[0m [34mexists[0m message_attachments [34mcascade[0m 
26-03-31 11:00:40.233 [Test worker] DEBUG org.hibernate.SQL - 
    [34mdrop[0m [34mtable[0m [34mif[0m [34mexists[0m messages [34mcascade[0m 
26-03-31 11:00:40.234 [Test worker] DEBUG org.hibernate.SQL - 
    [34mdrop[0m [34mtable[0m [34mif[0m [34mexists[0m read_statuses [34mcascade[0m 
26-03-31 11:00:40.234 [Test worker] DEBUG org.hibernate.SQL - 
    [34mdrop[0m [34mtable[0m [34mif[0m [34mexists[0m user_statuses [34mcascade[0m 
26-03-31 11:00:40.235 [Test worker] DEBUG org.hibernate.SQL - 
    [34mdrop[0m [34mtable[0m [34mif[0m [34mexists[0m users [34mcascade[0m 
26-03-31 11:00:40.244 [Test worker] DEBUG org.hibernate.SQL - 
    [34mcreate[0m [34mtable[0m binary_contents (
        created_at [34mtimestamp[0m [34mwith[0m [34mtime[0m zone [34mnot[0m [34mnull[0m,
        size [34mbigint[0m [34mnot[0m [34mnull[0m,
        id uuid [34mnot[0m [34mnull[0m,
        content_type [34mvarchar[0m(100) [34mnot[0m [34mnull[0m,
        file_name [34mvarchar[0m(255) [34mnot[0m [34mnull[0m,
        [34mprimary[0m [34mkey[0m (id)
    )
26-03-31 11:00:40.259 [Test worker] DEBUG org.hibernate.SQL - 
    [34mcreate[0m [34mtable[0m channels (
        created_at [34mtimestamp[0m [34mwith[0m [34mtime[0m zone [34mnot[0m [34mnull[0m,
        updated_at [34mtimestamp[0m [34mwith[0m [34mtime[0m zone,
        id uuid [34mnot[0m [34mnull[0m,
        name [34mvarchar[0m(100),
        description [34mvarchar[0m(500),
        type enum ([36m'PRIVATE'[0m,[36m'PUBLIC'[0m) [34mnot[0m [34mnull[0m,
        [34mprimary[0m [34mkey[0m (id)
    )
26-03-31 11:00:40.263 [Test worker] DEBUG org.hibernate.SQL - 
    [34mcreate[0m [34mtable[0m message_attachments (
        attachment_id uuid [34mnot[0m [34mnull[0m,
        message_id uuid [34mnot[0m [34mnull[0m
    )
26-03-31 11:00:40.265 [Test worker] DEBUG org.hibernate.SQL - 
    [34mcreate[0m [34mtable[0m messages (
        created_at [34mtimestamp[0m [34mwith[0m [34mtime[0m zone [34mnot[0m [34mnull[0m,
        updated_at [34mtimestamp[0m [34mwith[0m [34mtime[0m zone,
        author_id uuid [34mnot[0m [34mnull[0m,
        channel_id uuid [34mnot[0m [34mnull[0m,
        id uuid [34mnot[0m [34mnull[0m,
        content TEXT,
        [34mprimary[0m [34mkey[0m (id)
    )
26-03-31 11:00:40.268 [Test worker] DEBUG org.hibernate.SQL - 
    [34mcreate[0m [34mtable[0m read_statuses (
        created_at [34mtimestamp[0m [34mwith[0m [34mtime[0m zone [34mnot[0m [34mnull[0m,
        last_read_at [34mtimestamp[0m(6) [34mwith[0m [34mtime[0m zone [34mnot[0m [34mnull[0m,
        updated_at [34mtimestamp[0m [34mwith[0m [34mtime[0m zone,
        channel_id uuid [34mnot[0m [34mnull[0m,
        id uuid [34mnot[0m [34mnull[0m,
        user_id uuid [34mnot[0m [34mnull[0m,
        [34mprimary[0m [34mkey[0m (id),
        [34mconstraint[0m uk_user_channel [34munique[0m (user_id, channel_id)
    )
26-03-31 11:00:40.273 [Test worker] DEBUG org.hibernate.SQL - 
    [34mcreate[0m [34mtable[0m user_statuses (
        created_at [34mtimestamp[0m [34mwith[0m [34mtime[0m zone [34mnot[0m [34mnull[0m,
        last_active_at [34mtimestamp[0m(6) [34mwith[0m [34mtime[0m zone [34mnot[0m [34mnull[0m,
        updated_at [34mtimestamp[0m [34mwith[0m [34mtime[0m zone,
        id uuid [34mnot[0m [34mnull[0m,
        user_id uuid [34munique[0m,
        [34mprimary[0m [34mkey[0m (id)
    )
26-03-31 11:00:40.276 [Test worker] DEBUG org.hibernate.SQL - 
    [34mcreate[0m [34mtable[0m users (
        created_at [34mtimestamp[0m [34mwith[0m [34mtime[0m zone [34mnot[0m [34mnull[0m,
        updated_at [34mtimestamp[0m [34mwith[0m [34mtime[0m zone,
        id uuid [34mnot[0m [34mnull[0m,
        profile_id uuid [34munique[0m,
        username [34mvarchar[0m(50) [34mnot[0m [34mnull[0m [34munique[0m,
        password [34mvarchar[0m(60) [34mnot[0m [34mnull[0m,
        email [34mvarchar[0m(100) [34mnot[0m [34mnull[0m [34munique[0m,
        [34mprimary[0m [34mkey[0m (id)
    )
26-03-31 11:00:40.284 [Test worker] DEBUG org.hibernate.SQL - 
    [34malter[0m [34mtable[0m [34mif[0m [34mexists[0m message_attachments 
       [34madd[0m [34mconstraint[0m FKsd1m8rb8jcpbcnb7rpdue7ctc 
       [34mforeign[0m [34mkey[0m (attachment_id) 
       [34mreferences[0m binary_contents
26-03-31 11:00:40.307 [Test worker] DEBUG org.hibernate.SQL - 
    [34malter[0m [34mtable[0m [34mif[0m [34mexists[0m message_attachments 
       [34madd[0m [34mconstraint[0m FKj7twd218e2gqw9cmlhwvo1rth 
       [34mforeign[0m [34mkey[0m (message_id) 
       [34mreferences[0m messages
26-03-31 11:00:40.312 [Test worker] DEBUG org.hibernate.SQL - 
    [34malter[0m [34mtable[0m [34mif[0m [34mexists[0m messages 
       [34madd[0m [34mconstraint[0m FKowtlim26svclkatusptbgi7u1 
       [34mforeign[0m [34mkey[0m (author_id) 
       [34mreferences[0m users
26-03-31 11:00:40.315 [Test worker] DEBUG org.hibernate.SQL - 
    [34malter[0m [34mtable[0m [34mif[0m [34mexists[0m messages 
       [34madd[0m [34mconstraint[0m FK3u3ckbhwq9se1cmopk2pq05b2 
       [34mforeign[0m [34mkey[0m (channel_id) 
       [34mreferences[0m channels
26-03-31 11:00:40.319 [Test worker] DEBUG org.hibernate.SQL - 
    [34malter[0m [34mtable[0m [34mif[0m [34mexists[0m read_statuses 
       [34madd[0m [34mconstraint[0m FKa38ri44ml4gfdpklx4ahqr8gd 
       [34mforeign[0m [34mkey[0m (channel_id) 
       [34mreferences[0m channels
26-03-31 11:00:40.322 [Test worker] DEBUG org.hibernate.SQL - 
    [34malter[0m [34mtable[0m [34mif[0m [34mexists[0m read_statuses 
       [34madd[0m [34mconstraint[0m FKml3k4wr9sj5yxrmj6d0aoib2e 
       [34mforeign[0m [34mkey[0m (user_id) 
       [34mreferences[0m users
26-03-31 11:00:40.326 [Test worker] DEBUG org.hibernate.SQL - 
    [34malter[0m [34mtable[0m [34mif[0m [34mexists[0m user_statuses 
       [34madd[0m [34mconstraint[0m FK4lfl3ei2ubchgcxrrpo3pw4mm 
       [34mforeign[0m [34mkey[0m (user_id) 
       [34mreferences[0m users
26-03-31 11:00:40.329 [Test worker] DEBUG org.hibernate.SQL - 
    [34malter[0m [34mtable[0m [34mif[0m [34mexists[0m users 
       [34madd[0m [34mconstraint[0m FKtbudycgrip49xdptogmhfqnso 
       [34mforeign[0m [34mkey[0m (profile_id) 
       [34mreferences[0m binary_contents
26-03-31 11:00:40.337 [Test worker] INFO  o.s.o.j.LocalContainerEntityManagerFactoryBean - Initialized JPA EntityManagerFactory for persistence unit 'default'
26-03-31 11:00:41.377 [Test worker] INFO  o.s.d.j.r.query.QueryEnhancerFactory - Hibernate is in classpath; If applicable, HQL parser will be used.
26-03-31 11:00:42.901 [Test worker] INFO  c.s.m.d.r.UserRepositoryTest - Started UserRepositoryTest in 8.811 seconds (process running for 11.179)
26-03-31 11:00:43.831 [Test worker] DEBUG org.hibernate.SQL - 
    /* [34minsert[0m [34mfor[0m
        com.sprint.mission.discodeit.entity.[34mUser[0m */[34minsert[0m 
    [34minto[0m
        users (created_at, email, password, profile_id, updated_at, username, id) 
    [34mvalues[0m
        (?, ?, ?, ?, ?, ?, ?)
26-03-31 11:00:43.839 [Test worker] TRACE org.hibernate.orm.jdbc.bind - binding parameter (1:TIMESTAMP_UTC) <- [2026-03-31T02:00:43.711750200Z]
26-03-31 11:00:43.847 [Test worker] TRACE org.hibernate.orm.jdbc.bind - binding parameter (2:VARCHAR) <- [test@test.com]
26-03-31 11:00:43.848 [Test worker] TRACE org.hibernate.orm.jdbc.bind - binding parameter (3:VARCHAR) <- [test]
26-03-31 11:00:43.848 [Test worker] TRACE org.hibernate.orm.jdbc.bind - binding parameter (4:UUID) <- [null]
26-03-31 11:00:43.849 [Test worker] TRACE org.hibernate.orm.jdbc.bind - binding parameter (5:TIMESTAMP_UTC) <- [2026-03-31T02:00:43.711750200Z]
26-03-31 11:00:43.849 [Test worker] TRACE org.hibernate.orm.jdbc.bind - binding parameter (6:VARCHAR) <- [test]
26-03-31 11:00:43.849 [Test worker] TRACE org.hibernate.orm.jdbc.bind - binding parameter (7:UUID) <- [918ce1d6-2f44-4e8c-a7a2-ef11b773eea5]
26-03-31 11:00:44.046 [Test worker] DEBUG org.hibernate.SQL - 
    /* <criteria> */ [34mselect[0m
        u1_0.id,
        u1_0.created_at,
        u1_0.email,
        u1_0.password,
        p1_0.id,
        p1_0.content_type,
        p1_0.created_at,
        p1_0.file_name,
        p1_0.size,
        s1_0.id,
        s1_0.created_at,
        s1_0.last_active_at,
        s1_0.updated_at,
        u1_0.updated_at,
        u1_0.username 
    [34mfrom[0m
        users u1_0 
    [34mleft[0m [34mjoin[0m
        binary_contents p1_0 
            [34mon[0m p1_0.id=u1_0.profile_id 
    [34mleft[0m [34mjoin[0m
        user_statuses s1_0 
            [34mon[0m u1_0.id=s1_0.user_id 
    [34mwhere[0m
        u1_0.id=?
26-03-31 11:00:44.051 [Test worker] TRACE org.hibernate.orm.jdbc.bind - binding parameter (1:UUID) <- [918ce1d6-2f44-4e8c-a7a2-ef11b773eea5]
26-03-31 11:00:44.260 [Test worker] DEBUG org.hibernate.SQL - 
    /* <criteria> */ [34mselect[0m
        u1_0.id 
    [34mfrom[0m
        users u1_0 
    [34mwhere[0m
        u1_0.email=? 
    [34mfetch[0m
        first ? [34mrows[0m [34monly[0m
26-03-31 11:00:44.262 [Test worker] TRACE org.hibernate.orm.jdbc.bind - binding parameter (1:VARCHAR) <- [non-exist@t.com]
26-03-31 11:00:44.262 [Test worker] TRACE org.hibernate.orm.jdbc.bind - binding parameter (2:INTEGER) <- [1]
26-03-31 11:00:44.285 [SpringApplicationShutdownHook] INFO  o.s.o.j.LocalContainerEntityManagerFactoryBean - Closing JPA EntityManagerFactory for persistence unit 'default'
26-03-31 11:00:44.287 [SpringApplicationShutdownHook] DEBUG org.hibernate.SQL - 
    [34mdrop[0m [34mtable[0m [34mif[0m [34mexists[0m binary_contents [34mcascade[0m 
26-03-31 11:00:44.292 [SpringApplicationShutdownHook] DEBUG org.hibernate.SQL - 
    [34mdrop[0m [34mtable[0m [34mif[0m [34mexists[0m channels [34mcascade[0m 
26-03-31 11:00:44.294 [SpringApplicationShutdownHook] DEBUG org.hibernate.SQL - 
    [34mdrop[0m [34mtable[0m [34mif[0m [34mexists[0m message_attachments [34mcascade[0m 
26-03-31 11:00:44.297 [SpringApplicationShutdownHook] DEBUG org.hibernate.SQL - 
    [34mdrop[0m [34mtable[0m [34mif[0m [34mexists[0m messages [34mcascade[0m 
26-03-31 11:00:44.298 [SpringApplicationShutdownHook] DEBUG org.hibernate.SQL - 
    [34mdrop[0m [34mtable[0m [34mif[0m [34mexists[0m read_statuses [34mcascade[0m 
26-03-31 11:00:44.300 [SpringApplicationShutdownHook] DEBUG org.hibernate.SQL - 
    [34mdrop[0m [34mtable[0m [34mif[0m [34mexists[0m user_statuses [34mcascade[0m 
26-03-31 11:00:44.302 [SpringApplicationShutdownHook] DEBUG org.hibernate.SQL - 
    [34mdrop[0m [34mtable[0m [34mif[0m [34mexists[0m users [34mcascade[0m 
26-03-31 11:02:45.694 [background-preinit] INFO  o.h.validator.internal.util.Version - HV000001: Hibernate Validator 8.0.3.Final
26-03-31 11:02:45.894 [Test worker] INFO  c.s.m.d.r.ChannelRepositoryTest - Starting ChannelRepositoryTest using Java 17.0.15 with PID 11188 (started by ASUS in C:\Users\ASUS\Desktop\dev\web\codeit_sprint_bootcamp\sprint-mission\9-sprint-mission\discodeit)
26-03-31 11:02:45.897 [Test worker] INFO  c.s.m.d.r.ChannelRepositoryTest - The following 1 profile is active: "test"
26-03-31 11:02:47.276 [Test worker] INFO  o.s.d.r.c.RepositoryConfigurationDelegate - Bootstrapping Spring Data JPA repositories in DEFAULT mode.
26-03-31 11:02:47.596 [Test worker] INFO  o.s.d.r.c.RepositoryConfigurationDelegate - Finished Spring Data repository scanning in 273 ms. Found 6 JPA repository interfaces.
26-03-31 11:02:47.755 [Test worker] INFO  o.s.b.t.a.j.TestDatabaseAutoConfiguration$EmbeddedDataSourceBeanFactoryPostProcessor - Replacing 'dataSource' DataSource bean with embedded version
26-03-31 11:02:48.111 [Test worker] INFO  o.s.j.d.e.EmbeddedDatabaseFactory - Starting embedded database: url='jdbc:h2:mem:0291c5be-26b7-4baf-b38a-4727220650da;DB_CLOSE_DELAY=-1;DB_CLOSE_ON_EXIT=false', username='sa'
26-03-31 11:02:48.868 [Test worker] INFO  o.h.jpa.internal.util.LogHelper - HHH000204: Processing PersistenceUnitInfo [name: default]
26-03-31 11:02:49.053 [Test worker] INFO  org.hibernate.Version - HHH000412: Hibernate ORM core version 6.6.41.Final
26-03-31 11:02:49.155 [Test worker] INFO  o.h.c.i.RegionFactoryInitiator - HHH000026: Second-level cache disabled
26-03-31 11:02:50.077 [Test worker] INFO  o.s.o.j.p.SpringPersistenceUnitInfo - No LoadTimeWeaver setup: ignoring JPA class transformer
26-03-31 11:02:50.223 [Test worker] WARN  org.hibernate.orm.deprecation - HHH90000025: H2Dialect does not need to be specified explicitly using 'hibernate.dialect' (remove the property setting and it will be selected by default)
26-03-31 11:02:50.283 [Test worker] INFO  o.hibernate.orm.connections.pooling - HHH10001005: Database info:
	Database JDBC URL [Connecting through datasource 'org.springframework.jdbc.datasource.embedded.EmbeddedDatabaseFactory$EmbeddedDataSourceProxy@18513c23']
	Database driver: undefined/unknown
	Database version: 2.3.232
	Autocommit mode: undefined/unknown
	Isolation level: undefined/unknown
	Minimum pool size: undefined/unknown
	Maximum pool size: undefined/unknown
26-03-31 11:02:52.916 [Test worker] INFO  o.h.e.t.j.p.i.JtaPlatformInitiator - HHH000489: No JTA platform available (set 'hibernate.transaction.jta.platform' to enable JTA platform integration)
26-03-31 11:02:52.952 [Test worker] DEBUG org.hibernate.SQL - 
    [34mdrop[0m [34mtable[0m [34mif[0m [34mexists[0m binary_contents [34mcascade[0m 
26-03-31 11:02:52.960 [Test worker] DEBUG org.hibernate.SQL - 
    [34mdrop[0m [34mtable[0m [34mif[0m [34mexists[0m channels [34mcascade[0m 
26-03-31 11:02:52.961 [Test worker] DEBUG org.hibernate.SQL - 
    [34mdrop[0m [34mtable[0m [34mif[0m [34mexists[0m message_attachments [34mcascade[0m 
26-03-31 11:02:52.962 [Test worker] DEBUG org.hibernate.SQL - 
    [34mdrop[0m [34mtable[0m [34mif[0m [34mexists[0m messages [34mcascade[0m 
26-03-31 11:02:52.964 [Test worker] DEBUG org.hibernate.SQL - 
    [34mdrop[0m [34mtable[0m [34mif[0m [34mexists[0m read_statuses [34mcascade[0m 
26-03-31 11:02:52.965 [Test worker] DEBUG org.hibernate.SQL - 
    [34mdrop[0m [34mtable[0m [34mif[0m [34mexists[0m user_statuses [34mcascade[0m 
26-03-31 11:02:52.966 [Test worker] DEBUG org.hibernate.SQL - 
    [34mdrop[0m [34mtable[0m [34mif[0m [34mexists[0m users [34mcascade[0m 
26-03-31 11:02:52.982 [Test worker] DEBUG org.hibernate.SQL - 
    [34mcreate[0m [34mtable[0m binary_contents (
        created_at [34mtimestamp[0m [34mwith[0m [34mtime[0m zone [34mnot[0m [34mnull[0m,
        size [34mbigint[0m [34mnot[0m [34mnull[0m,
        id uuid [34mnot[0m [34mnull[0m,
        content_type [34mvarchar[0m(100) [34mnot[0m [34mnull[0m,
        file_name [34mvarchar[0m(255) [34mnot[0m [34mnull[0m,
        [34mprimary[0m [34mkey[0m (id)
    )
26-03-31 11:02:53.003 [Test worker] DEBUG org.hibernate.SQL - 
    [34mcreate[0m [34mtable[0m channels (
        created_at [34mtimestamp[0m [34mwith[0m [34mtime[0m zone [34mnot[0m [34mnull[0m,
        updated_at [34mtimestamp[0m [34mwith[0m [34mtime[0m zone,
        id uuid [34mnot[0m [34mnull[0m,
        name [34mvarchar[0m(100),
        description [34mvarchar[0m(500),
        type enum ([36m'PRIVATE'[0m,[36m'PUBLIC'[0m) [34mnot[0m [34mnull[0m,
        [34mprimary[0m [34mkey[0m (id)
    )
26-03-31 11:02:53.008 [Test worker] DEBUG org.hibernate.SQL - 
    [34mcreate[0m [34mtable[0m message_attachments (
        attachment_id uuid [34mnot[0m [34mnull[0m,
        message_id uuid [34mnot[0m [34mnull[0m
    )
26-03-31 11:02:53.011 [Test worker] DEBUG org.hibernate.SQL - 
    [34mcreate[0m [34mtable[0m messages (
        created_at [34mtimestamp[0m [34mwith[0m [34mtime[0m zone [34mnot[0m [34mnull[0m,
        updated_at [34mtimestamp[0m [34mwith[0m [34mtime[0m zone,
        author_id uuid [34mnot[0m [34mnull[0m,
        channel_id uuid [34mnot[0m [34mnull[0m,
        id uuid [34mnot[0m [34mnull[0m,
        content TEXT,
        [34mprimary[0m [34mkey[0m (id)
    )
26-03-31 11:02:53.017 [Test worker] DEBUG org.hibernate.SQL - 
    [34mcreate[0m [34mtable[0m read_statuses (
        created_at [34mtimestamp[0m [34mwith[0m [34mtime[0m zone [34mnot[0m [34mnull[0m,
        last_read_at [34mtimestamp[0m(6) [34mwith[0m [34mtime[0m zone [34mnot[0m [34mnull[0m,
        updated_at [34mtimestamp[0m [34mwith[0m [34mtime[0m zone,
        channel_id uuid [34mnot[0m [34mnull[0m,
        id uuid [34mnot[0m [34mnull[0m,
        user_id uuid [34mnot[0m [34mnull[0m,
        [34mprimary[0m [34mkey[0m (id),
        [34mconstraint[0m uk_user_channel [34munique[0m (user_id, channel_id)
    )
26-03-31 11:02:53.026 [Test worker] DEBUG org.hibernate.SQL - 
    [34mcreate[0m [34mtable[0m user_statuses (
        created_at [34mtimestamp[0m [34mwith[0m [34mtime[0m zone [34mnot[0m [34mnull[0m,
        last_active_at [34mtimestamp[0m(6) [34mwith[0m [34mtime[0m zone [34mnot[0m [34mnull[0m,
        updated_at [34mtimestamp[0m [34mwith[0m [34mtime[0m zone,
        id uuid [34mnot[0m [34mnull[0m,
        user_id uuid [34munique[0m,
        [34mprimary[0m [34mkey[0m (id)
    )
26-03-31 11:02:53.032 [Test worker] DEBUG org.hibernate.SQL - 
    [34mcreate[0m [34mtable[0m users (
        created_at [34mtimestamp[0m [34mwith[0m [34mtime[0m zone [34mnot[0m [34mnull[0m,
        updated_at [34mtimestamp[0m [34mwith[0m [34mtime[0m zone,
        id uuid [34mnot[0m [34mnull[0m,
        profile_id uuid [34munique[0m,
        username [34mvarchar[0m(50) [34mnot[0m [34mnull[0m [34munique[0m,
        password [34mvarchar[0m(60) [34mnot[0m [34mnull[0m,
        email [34mvarchar[0m(100) [34mnot[0m [34mnull[0m [34munique[0m,
        [34mprimary[0m [34mkey[0m (id)
    )
26-03-31 11:02:53.041 [Test worker] DEBUG org.hibernate.SQL - 
    [34malter[0m [34mtable[0m [34mif[0m [34mexists[0m message_attachments 
       [34madd[0m [34mconstraint[0m FKsd1m8rb8jcpbcnb7rpdue7ctc 
       [34mforeign[0m [34mkey[0m (attachment_id) 
       [34mreferences[0m binary_contents
26-03-31 11:02:53.259 [Test worker] DEBUG org.hibernate.SQL - 
    [34malter[0m [34mtable[0m [34mif[0m [34mexists[0m message_attachments 
       [34madd[0m [34mconstraint[0m FKj7twd218e2gqw9cmlhwvo1rth 
       [34mforeign[0m [34mkey[0m (message_id) 
       [34mreferences[0m messages
26-03-31 11:02:53.263 [Test worker] DEBUG org.hibernate.SQL - 
    [34malter[0m [34mtable[0m [34mif[0m [34mexists[0m messages 
       [34madd[0m [34mconstraint[0m FKowtlim26svclkatusptbgi7u1 
       [34mforeign[0m [34mkey[0m (author_id) 
       [34mreferences[0m users
26-03-31 11:02:53.268 [Test worker] DEBUG org.hibernate.SQL - 
    [34malter[0m [34mtable[0m [34mif[0m [34mexists[0m messages 
       [34madd[0m [34mconstraint[0m FK3u3ckbhwq9se1cmopk2pq05b2 
       [34mforeign[0m [34mkey[0m (channel_id) 
       [34mreferences[0m channels
26-03-31 11:02:53.273 [Test worker] DEBUG org.hibernate.SQL - 
    [34malter[0m [34mtable[0m [34mif[0m [34mexists[0m read_statuses 
       [34madd[0m [34mconstraint[0m FKa38ri44ml4gfdpklx4ahqr8gd 
       [34mforeign[0m [34mkey[0m (channel_id) 
       [34mreferences[0m channels
26-03-31 11:02:53.278 [Test worker] DEBUG org.hibernate.SQL - 
    [34malter[0m [34mtable[0m [34mif[0m [34mexists[0m read_statuses 
       [34madd[0m [34mconstraint[0m FKml3k4wr9sj5yxrmj6d0aoib2e 
       [34mforeign[0m [34mkey[0m (user_id) 
       [34mreferences[0m users
26-03-31 11:02:53.282 [Test worker] DEBUG org.hibernate.SQL - 
    [34malter[0m [34mtable[0m [34mif[0m [34mexists[0m user_statuses 
       [34madd[0m [34mconstraint[0m FK4lfl3ei2ubchgcxrrpo3pw4mm 
       [34mforeign[0m [34mkey[0m (user_id) 
       [34mreferences[0m users
26-03-31 11:02:53.286 [Test worker] DEBUG org.hibernate.SQL - 
    [34malter[0m [34mtable[0m [34mif[0m [34mexists[0m users 
       [34madd[0m [34mconstraint[0m FKtbudycgrip49xdptogmhfqnso 
       [34mforeign[0m [34mkey[0m (profile_id) 
       [34mreferences[0m binary_contents
26-03-31 11:02:53.299 [Test worker] INFO  o.s.o.j.LocalContainerEntityManagerFactoryBean - Initialized JPA EntityManagerFactory for persistence unit 'default'
26-03-31 11:02:54.240 [Test worker] INFO  o.s.d.j.r.query.QueryEnhancerFactory - Hibernate is in classpath; If applicable, HQL parser will be used.
26-03-31 11:02:56.256 [Test worker] INFO  c.s.m.d.r.ChannelRepositoryTest - Started ChannelRepositoryTest in 11.544 seconds (process running for 13.91)
26-03-31 11:02:58.019 [Test worker] DEBUG org.hibernate.SQL - 
    /* [34minsert[0m [34mfor[0m
        com.sprint.mission.discodeit.entity.Channel */[34minsert[0m 
    [34minto[0m
        channels (created_at, description, name, type, updated_at, id) 
    [34mvalues[0m
        (?, ?, ?, ?, ?, ?)
26-03-31 11:02:58.033 [Test worker] TRACE org.hibernate.orm.jdbc.bind - binding parameter (1:TIMESTAMP_UTC) <- [2026-03-31T02:02:57.769980200Z]
26-03-31 11:02:58.046 [Test worker] TRACE org.hibernate.orm.jdbc.bind - binding parameter (2:VARCHAR) <- [null]
26-03-31 11:02:58.047 [Test worker] TRACE org.hibernate.orm.jdbc.bind - binding parameter (3:VARCHAR) <- [Pub]
26-03-31 11:02:58.047 [Test worker] TRACE org.hibernate.orm.jdbc.bind - binding parameter (4:ENUM) <- [PUBLIC]
26-03-31 11:02:58.047 [Test worker] TRACE org.hibernate.orm.jdbc.bind - binding parameter (5:TIMESTAMP_UTC) <- [2026-03-31T02:02:57.769980200Z]
26-03-31 11:02:58.048 [Test worker] TRACE org.hibernate.orm.jdbc.bind - binding parameter (6:UUID) <- [4fbd5602-962d-4970-8777-bb9384202184]
26-03-31 11:02:58.079 [Test worker] DEBUG org.hibernate.SQL - 
    /* [34minsert[0m [34mfor[0m
        com.sprint.mission.discodeit.entity.Channel */[34minsert[0m 
    [34minto[0m
        channels (created_at, description, name, type, updated_at, id) 
    [34mvalues[0m
        (?, ?, ?, ?, ?, ?)
26-03-31 11:02:58.080 [Test worker] TRACE org.hibernate.orm.jdbc.bind - binding parameter (1:TIMESTAMP_UTC) <- [2026-03-31T02:02:57.854237300Z]
26-03-31 11:02:58.081 [Test worker] TRACE org.hibernate.orm.jdbc.bind - binding parameter (2:VARCHAR) <- [null]
26-03-31 11:02:58.081 [Test worker] TRACE org.hibernate.orm.jdbc.bind - binding parameter (3:VARCHAR) <- [Priv]
26-03-31 11:02:58.081 [Test worker] TRACE org.hibernate.orm.jdbc.bind - binding parameter (4:ENUM) <- [PRIVATE]
26-03-31 11:02:58.082 [Test worker] TRACE org.hibernate.orm.jdbc.bind - binding parameter (5:TIMESTAMP_UTC) <- [2026-03-31T02:02:57.854237300Z]
26-03-31 11:02:58.082 [Test worker] TRACE org.hibernate.orm.jdbc.bind - binding parameter (6:UUID) <- [cf7cb19d-8ee8-47ff-a3e2-a9fdcb863c18]
26-03-31 11:02:58.116 [Test worker] DEBUG org.hibernate.SQL - 
    /* [34mSelect[0m
        c 
    [34mFROM[0m
        Channel c 
    [34mWHERE[0m
        c.type = [36m'PUBLIC'[0m 
        [34mOR[0m c.id [34mIN[0m :subscribedIds */ [34mselect[0m
            c1_0.id,
            c1_0.created_at,
            c1_0.description,
            c1_0.name,
            c1_0.type,
            c1_0.updated_at 
        [34mfrom[0m
            channels c1_0 
        [34mwhere[0m
            c1_0.type=[36m'PUBLIC'[0m 
            [34mor[0m c1_0.id [34min[0m (?)
26-03-31 11:02:58.122 [Test worker] TRACE org.hibernate.orm.jdbc.bind - binding parameter (1:UUID) <- [cf7cb19d-8ee8-47ff-a3e2-a9fdcb863c18]
26-03-31 11:02:58.433 [SpringApplicationShutdownHook] INFO  o.s.o.j.LocalContainerEntityManagerFactoryBean - Closing JPA EntityManagerFactory for persistence unit 'default'
26-03-31 11:02:58.434 [SpringApplicationShutdownHook] DEBUG org.hibernate.SQL - 
    [34mdrop[0m [34mtable[0m [34mif[0m [34mexists[0m binary_contents [34mcascade[0m 
26-03-31 11:02:58.440 [SpringApplicationShutdownHook] DEBUG org.hibernate.SQL - 
    [34mdrop[0m [34mtable[0m [34mif[0m [34mexists[0m channels [34mcascade[0m 
26-03-31 11:02:58.442 [SpringApplicationShutdownHook] DEBUG org.hibernate.SQL - 
    [34mdrop[0m [34mtable[0m [34mif[0m [34mexists[0m message_attachments [34mcascade[0m 
26-03-31 11:02:58.444 [SpringApplicationShutdownHook] DEBUG org.hibernate.SQL - 
    [34mdrop[0m [34mtable[0m [34mif[0m [34mexists[0m messages [34mcascade[0m 
26-03-31 11:02:58.444 [SpringApplicationShutdownHook] DEBUG org.hibernate.SQL - 
    [34mdrop[0m [34mtable[0m [34mif[0m [34mexists[0m read_statuses [34mcascade[0m 
26-03-31 11:02:58.446 [SpringApplicationShutdownHook] DEBUG org.hibernate.SQL - 
    [34mdrop[0m [34mtable[0m [34mif[0m [34mexists[0m user_statuses [34mcascade[0m 
26-03-31 11:02:58.447 [SpringApplicationShutdownHook] DEBUG org.hibernate.SQL - 
    [34mdrop[0m [34mtable[0m [34mif[0m [34mexists[0m users [34mcascade[0m 
26-03-31 11:05:52.422 [background-preinit] INFO  o.h.validator.internal.util.Version - HV000001: Hibernate Validator 8.0.3.Final
26-03-31 11:05:52.531 [Test worker] INFO  c.s.m.d.r.MessageRepositoryTest - Starting MessageRepositoryTest using Java 17.0.15 with PID 12856 (started by ASUS in C:\Users\ASUS\Desktop\dev\web\codeit_sprint_bootcamp\sprint-mission\9-sprint-mission\discodeit)
26-03-31 11:05:52.533 [Test worker] INFO  c.s.m.d.r.MessageRepositoryTest - The following 1 profile is active: "test"
26-03-31 11:05:53.609 [Test worker] INFO  o.s.d.r.c.RepositoryConfigurationDelegate - Bootstrapping Spring Data JPA repositories in DEFAULT mode.
26-03-31 11:05:53.801 [Test worker] INFO  o.s.d.r.c.RepositoryConfigurationDelegate - Finished Spring Data repository scanning in 170 ms. Found 6 JPA repository interfaces.
26-03-31 11:05:53.908 [Test worker] INFO  o.s.b.t.a.j.TestDatabaseAutoConfiguration$EmbeddedDataSourceBeanFactoryPostProcessor - Replacing 'dataSource' DataSource bean with embedded version
26-03-31 11:05:54.169 [Test worker] INFO  o.s.j.d.e.EmbeddedDatabaseFactory - Starting embedded database: url='jdbc:h2:mem:7d220d83-16fd-44ba-a32e-84d7d38f2e54;DB_CLOSE_DELAY=-1;DB_CLOSE_ON_EXIT=false', username='sa'
26-03-31 11:05:54.717 [Test worker] INFO  o.h.jpa.internal.util.LogHelper - HHH000204: Processing PersistenceUnitInfo [name: default]
26-03-31 11:05:54.876 [Test worker] INFO  org.hibernate.Version - HHH000412: Hibernate ORM core version 6.6.41.Final
26-03-31 11:05:54.950 [Test worker] INFO  o.h.c.i.RegionFactoryInitiator - HHH000026: Second-level cache disabled
26-03-31 11:05:55.538 [Test worker] INFO  o.s.o.j.p.SpringPersistenceUnitInfo - No LoadTimeWeaver setup: ignoring JPA class transformer
26-03-31 11:05:55.648 [Test worker] WARN  org.hibernate.orm.deprecation - HHH90000025: H2Dialect does not need to be specified explicitly using 'hibernate.dialect' (remove the property setting and it will be selected by default)
26-03-31 11:05:55.698 [Test worker] INFO  o.hibernate.orm.connections.pooling - HHH10001005: Database info:
	Database JDBC URL [Connecting through datasource 'org.springframework.jdbc.datasource.embedded.EmbeddedDatabaseFactory$EmbeddedDataSourceProxy@460eb276']
	Database driver: undefined/unknown
	Database version: 2.3.232
	Autocommit mode: undefined/unknown
	Isolation level: undefined/unknown
	Minimum pool size: undefined/unknown
	Maximum pool size: undefined/unknown
26-03-31 11:05:57.591 [Test worker] INFO  o.h.e.t.j.p.i.JtaPlatformInitiator - HHH000489: No JTA platform available (set 'hibernate.transaction.jta.platform' to enable JTA platform integration)
26-03-31 11:05:57.620 [Test worker] DEBUG org.hibernate.SQL - 
    [34mdrop[0m [34mtable[0m [34mif[0m [34mexists[0m binary_contents [34mcascade[0m 
26-03-31 11:05:57.626 [Test worker] DEBUG org.hibernate.SQL - 
    [34mdrop[0m [34mtable[0m [34mif[0m [34mexists[0m channels [34mcascade[0m 
26-03-31 11:05:57.627 [Test worker] DEBUG org.hibernate.SQL - 
    [34mdrop[0m [34mtable[0m [34mif[0m [34mexists[0m message_attachments [34mcascade[0m 
26-03-31 11:05:57.628 [Test worker] DEBUG org.hibernate.SQL - 
    [34mdrop[0m [34mtable[0m [34mif[0m [34mexists[0m messages [34mcascade[0m 
26-03-31 11:05:57.629 [Test worker] DEBUG org.hibernate.SQL - 
    [34mdrop[0m [34mtable[0m [34mif[0m [34mexists[0m read_statuses [34mcascade[0m 
26-03-31 11:05:57.630 [Test worker] DEBUG org.hibernate.SQL - 
    [34mdrop[0m [34mtable[0m [34mif[0m [34mexists[0m user_statuses [34mcascade[0m 
26-03-31 11:05:57.631 [Test worker] DEBUG org.hibernate.SQL - 
    [34mdrop[0m [34mtable[0m [34mif[0m [34mexists[0m users [34mcascade[0m 
26-03-31 11:05:57.639 [Test worker] DEBUG org.hibernate.SQL - 
    [34mcreate[0m [34mtable[0m binary_contents (
        created_at [34mtimestamp[0m [34mwith[0m [34mtime[0m zone [34mnot[0m [34mnull[0m,
        size [34mbigint[0m [34mnot[0m [34mnull[0m,
        id uuid [34mnot[0m [34mnull[0m,
        content_type [34mvarchar[0m(100) [34mnot[0m [34mnull[0m,
        file_name [34mvarchar[0m(255) [34mnot[0m [34mnull[0m,
        [34mprimary[0m [34mkey[0m (id)
    )
26-03-31 11:05:57.653 [Test worker] DEBUG org.hibernate.SQL - 
    [34mcreate[0m [34mtable[0m channels (
        created_at [34mtimestamp[0m [34mwith[0m [34mtime[0m zone [34mnot[0m [34mnull[0m,
        updated_at [34mtimestamp[0m [34mwith[0m [34mtime[0m zone,
        id uuid [34mnot[0m [34mnull[0m,
        name [34mvarchar[0m(100),
        description [34mvarchar[0m(500),
        type enum ([36m'PRIVATE'[0m,[36m'PUBLIC'[0m) [34mnot[0m [34mnull[0m,
        [34mprimary[0m [34mkey[0m (id)
    )
26-03-31 11:05:57.657 [Test worker] DEBUG org.hibernate.SQL - 
    [34mcreate[0m [34mtable[0m message_attachments (
        attachment_id uuid [34mnot[0m [34mnull[0m,
        message_id uuid [34mnot[0m [34mnull[0m
    )
26-03-31 11:05:57.659 [Test worker] DEBUG org.hibernate.SQL - 
    [34mcreate[0m [34mtable[0m messages (
        created_at [34mtimestamp[0m [34mwith[0m [34mtime[0m zone [34mnot[0m [34mnull[0m,
        updated_at [34mtimestamp[0m [34mwith[0m [34mtime[0m zone,
        author_id uuid [34mnot[0m [34mnull[0m,
        channel_id uuid [34mnot[0m [34mnull[0m,
        id uuid [34mnot[0m [34mnull[0m,
        content TEXT,
        [34mprimary[0m [34mkey[0m (id)
    )
26-03-31 11:05:57.662 [Test worker] DEBUG org.hibernate.SQL - 
    [34mcreate[0m [34mtable[0m read_statuses (
        created_at [34mtimestamp[0m [34mwith[0m [34mtime[0m zone [34mnot[0m [34mnull[0m,
        last_read_at [34mtimestamp[0m(6) [34mwith[0m [34mtime[0m zone [34mnot[0m [34mnull[0m,
        updated_at [34mtimestamp[0m [34mwith[0m [34mtime[0m zone,
        channel_id uuid [34mnot[0m [34mnull[0m,
        id uuid [34mnot[0m [34mnull[0m,
        user_id uuid [34mnot[0m [34mnull[0m,
        [34mprimary[0m [34mkey[0m (id),
        [34mconstraint[0m uk_user_channel [34munique[0m (user_id, channel_id)
    )
26-03-31 11:05:57.667 [Test worker] DEBUG org.hibernate.SQL - 
    [34mcreate[0m [34mtable[0m user_statuses (
        created_at [34mtimestamp[0m [34mwith[0m [34mtime[0m zone [34mnot[0m [34mnull[0m,
        last_active_at [34mtimestamp[0m(6) [34mwith[0m [34mtime[0m zone [34mnot[0m [34mnull[0m,
        updated_at [34mtimestamp[0m [34mwith[0m [34mtime[0m zone,
        id uuid [34mnot[0m [34mnull[0m,
        user_id uuid [34munique[0m,
        [34mprimary[0m [34mkey[0m (id)
    )
26-03-31 11:05:57.670 [Test worker] DEBUG org.hibernate.SQL - 
    [34mcreate[0m [34mtable[0m users (
        created_at [34mtimestamp[0m [34mwith[0m [34mtime[0m zone [34mnot[0m [34mnull[0m,
        updated_at [34mtimestamp[0m [34mwith[0m [34mtime[0m zone,
        id uuid [34mnot[0m [34mnull[0m,
        profile_id uuid [34munique[0m,
        username [34mvarchar[0m(50) [34mnot[0m [34mnull[0m [34munique[0m,
        password [34mvarchar[0m(60) [34mnot[0m [34mnull[0m,
        email [34mvarchar[0m(100) [34mnot[0m [34mnull[0m [34munique[0m,
        [34mprimary[0m [34mkey[0m (id)
    )
26-03-31 11:05:57.677 [Test worker] DEBUG org.hibernate.SQL - 
    [34malter[0m [34mtable[0m [34mif[0m [34mexists[0m message_attachments 
       [34madd[0m [34mconstraint[0m FKsd1m8rb8jcpbcnb7rpdue7ctc 
       [34mforeign[0m [34mkey[0m (attachment_id) 
       [34mreferences[0m binary_contents
26-03-31 11:05:57.700 [Test worker] DEBUG org.hibernate.SQL - 
    [34malter[0m [34mtable[0m [34mif[0m [34mexists[0m message_attachments 
       [34madd[0m [34mconstraint[0m FKj7twd218e2gqw9cmlhwvo1rth 
       [34mforeign[0m [34mkey[0m (message_id) 
       [34mreferences[0m messages
26-03-31 11:05:57.704 [Test worker] DEBUG org.hibernate.SQL - 
    [34malter[0m [34mtable[0m [34mif[0m [34mexists[0m messages 
       [34madd[0m [34mconstraint[0m FKowtlim26svclkatusptbgi7u1 
       [34mforeign[0m [34mkey[0m (author_id) 
       [34mreferences[0m users
26-03-31 11:05:57.709 [Test worker] DEBUG org.hibernate.SQL - 
    [34malter[0m [34mtable[0m [34mif[0m [34mexists[0m messages 
       [34madd[0m [34mconstraint[0m FK3u3ckbhwq9se1cmopk2pq05b2 
       [34mforeign[0m [34mkey[0m (channel_id) 
       [34mreferences[0m channels
26-03-31 11:05:57.714 [Test worker] DEBUG org.hibernate.SQL - 
    [34malter[0m [34mtable[0m [34mif[0m [34mexists[0m read_statuses 
       [34madd[0m [34mconstraint[0m FKa38ri44ml4gfdpklx4ahqr8gd 
       [34mforeign[0m [34mkey[0m (channel_id) 
       [34mreferences[0m channels
26-03-31 11:05:57.717 [Test worker] DEBUG org.hibernate.SQL - 
    [34malter[0m [34mtable[0m [34mif[0m [34mexists[0m read_statuses 
       [34madd[0m [34mconstraint[0m FKml3k4wr9sj5yxrmj6d0aoib2e 
       [34mforeign[0m [34mkey[0m (user_id) 
       [34mreferences[0m users
26-03-31 11:05:57.722 [Test worker] DEBUG org.hibernate.SQL - 
    [34malter[0m [34mtable[0m [34mif[0m [34mexists[0m user_statuses 
       [34madd[0m [34mconstraint[0m FK4lfl3ei2ubchgcxrrpo3pw4mm 
       [34mforeign[0m [34mkey[0m (user_id) 
       [34mreferences[0m users
26-03-31 11:05:57.726 [Test worker] DEBUG org.hibernate.SQL - 
    [34malter[0m [34mtable[0m [34mif[0m [34mexists[0m users 
       [34madd[0m [34mconstraint[0m FKtbudycgrip49xdptogmhfqnso 
       [34mforeign[0m [34mkey[0m (profile_id) 
       [34mreferences[0m binary_contents
26-03-31 11:05:57.736 [Test worker] INFO  o.s.o.j.LocalContainerEntityManagerFactoryBean - Initialized JPA EntityManagerFactory for persistence unit 'default'
26-03-31 11:05:58.405 [Test worker] INFO  o.s.d.j.r.query.QueryEnhancerFactory - Hibernate is in classpath; If applicable, HQL parser will be used.
26-03-31 11:06:00.011 [Test worker] INFO  c.s.m.d.r.MessageRepositoryTest - Started MessageRepositoryTest in 8.501 seconds (process running for 10.764)
26-03-31 11:06:00.909 [Test worker] DEBUG org.hibernate.SQL - 
    /* [34minsert[0m [34mfor[0m
        com.sprint.mission.discodeit.entity.Channel */[34minsert[0m 
    [34minto[0m
        channels (created_at, description, name, type, updated_at, id) 
    [34mvalues[0m
        (?, ?, ?, ?, ?, ?)
26-03-31 11:06:00.920 [Test worker] TRACE org.hibernate.orm.jdbc.bind - binding parameter (1:TIMESTAMP_UTC) <- [2026-03-31T02:06:00.777010100Z]
26-03-31 11:06:00.930 [Test worker] TRACE org.hibernate.orm.jdbc.bind - binding parameter (2:VARCHAR) <- [null]
26-03-31 11:06:00.930 [Test worker] TRACE org.hibernate.orm.jdbc.bind - binding parameter (3:VARCHAR) <- [test]
26-03-31 11:06:00.930 [Test worker] TRACE org.hibernate.orm.jdbc.bind - binding parameter (4:ENUM) <- [PUBLIC]
26-03-31 11:06:00.931 [Test worker] TRACE org.hibernate.orm.jdbc.bind - binding parameter (5:TIMESTAMP_UTC) <- [2026-03-31T02:06:00.777010100Z]
26-03-31 11:06:00.931 [Test worker] TRACE org.hibernate.orm.jdbc.bind - binding parameter (6:UUID) <- [27dfab9b-266f-4086-a6f9-7d4fd417eb50]
26-03-31 11:06:00.953 [Test worker] DEBUG org.hibernate.SQL - 
    /* [34minsert[0m [34mfor[0m
        com.sprint.mission.discodeit.entity.Message */[34minsert[0m 
    [34minto[0m
        messages (author_id, channel_id, content, created_at, updated_at, id) 
    [34mvalues[0m
        (?, ?, ?, ?, ?, ?)
26-03-31 11:06:00.954 [Test worker] TRACE org.hibernate.orm.jdbc.bind - binding parameter (1:UUID) <- [null]
26-03-31 11:06:00.955 [Test worker] TRACE org.hibernate.orm.jdbc.bind - binding parameter (2:UUID) <- [27dfab9b-266f-4086-a6f9-7d4fd417eb50]
26-03-31 11:06:00.955 [Test worker] TRACE org.hibernate.orm.jdbc.bind - binding parameter (3:VARCHAR) <- [old]
26-03-31 11:06:00.955 [Test worker] TRACE org.hibernate.orm.jdbc.bind - binding parameter (4:TIMESTAMP_UTC) <- [2026-03-31T02:06:00.860453400Z]
26-03-31 11:06:00.955 [Test worker] TRACE org.hibernate.orm.jdbc.bind - binding parameter (5:TIMESTAMP_UTC) <- [2026-03-31T02:06:00.860453400Z]
26-03-31 11:06:00.955 [Test worker] TRACE org.hibernate.orm.jdbc.bind - binding parameter (6:UUID) <- [fc09d84c-d0e3-479b-bbbe-57b727af8fac]
26-03-31 11:06:00.958 [Test worker] WARN  o.h.e.jdbc.spi.SqlExceptionHelper - SQL Error: 23502, SQLState: 23502
26-03-31 11:06:00.959 [Test worker] ERROR o.h.e.jdbc.spi.SqlExceptionHelper - NULL not allowed for column "AUTHOR_ID"; SQL statement:
/* insert for com.sprint.mission.discodeit.entity.Message */insert into messages (author_id,chann [23502-232]
26-03-31 11:06:01.064 [SpringApplicationShutdownHook] INFO  o.s.o.j.LocalContainerEntityManagerFactoryBean - Closing JPA EntityManagerFactory for persistence unit 'default'
26-03-31 11:06:01.065 [SpringApplicationShutdownHook] DEBUG org.hibernate.SQL - 
    [34mdrop[0m [34mtable[0m [34mif[0m [34mexists[0m binary_contents [34mcascade[0m 
26-03-31 11:06:01.071 [SpringApplicationShutdownHook] DEBUG org.hibernate.SQL - 
    [34mdrop[0m [34mtable[0m [34mif[0m [34mexists[0m channels [34mcascade[0m 
26-03-31 11:06:01.074 [SpringApplicationShutdownHook] DEBUG org.hibernate.SQL - 
    [34mdrop[0m [34mtable[0m [34mif[0m [34mexists[0m message_attachments [34mcascade[0m 
26-03-31 11:06:01.075 [SpringApplicationShutdownHook] DEBUG org.hibernate.SQL - 
    [34mdrop[0m [34mtable[0m [34mif[0m [34mexists[0m messages [34mcascade[0m 
26-03-31 11:06:01.079 [SpringApplicationShutdownHook] DEBUG org.hibernate.SQL - 
    [34mdrop[0m [34mtable[0m [34mif[0m [34mexists[0m read_statuses [34mcascade[0m 
26-03-31 11:06:01.081 [SpringApplicationShutdownHook] DEBUG org.hibernate.SQL - 
    [34mdrop[0m [34mtable[0m [34mif[0m [34mexists[0m user_statuses [34mcascade[0m 
26-03-31 11:06:01.082 [SpringApplicationShutdownHook] DEBUG org.hibernate.SQL - 
    [34mdrop[0m [34mtable[0m [34mif[0m [34mexists[0m users [34mcascade[0m 
26-03-31 11:08:19.535 [background-preinit] INFO  o.h.validator.internal.util.Version - HV000001: Hibernate Validator 8.0.3.Final
26-03-31 11:08:19.665 [Test worker] INFO  c.s.m.d.r.MessageRepositoryTest - Starting MessageRepositoryTest using Java 17.0.15 with PID 3720 (started by ASUS in C:\Users\ASUS\Desktop\dev\web\codeit_sprint_bootcamp\sprint-mission\9-sprint-mission\discodeit)
26-03-31 11:08:19.667 [Test worker] INFO  c.s.m.d.r.MessageRepositoryTest - The following 1 profile is active: "test"
26-03-31 11:08:21.106 [Test worker] INFO  o.s.d.r.c.RepositoryConfigurationDelegate - Bootstrapping Spring Data JPA repositories in DEFAULT mode.
26-03-31 11:08:21.395 [Test worker] INFO  o.s.d.r.c.RepositoryConfigurationDelegate - Finished Spring Data repository scanning in 256 ms. Found 6 JPA repository interfaces.
26-03-31 11:08:21.534 [Test worker] INFO  o.s.b.t.a.j.TestDatabaseAutoConfiguration$EmbeddedDataSourceBeanFactoryPostProcessor - Replacing 'dataSource' DataSource bean with embedded version
26-03-31 11:08:21.819 [Test worker] INFO  o.s.j.d.e.EmbeddedDatabaseFactory - Starting embedded database: url='jdbc:h2:mem:af0a0f92-0506-4492-9f58-9c9c9c736018;DB_CLOSE_DELAY=-1;DB_CLOSE_ON_EXIT=false', username='sa'
26-03-31 11:08:22.546 [Test worker] INFO  o.h.jpa.internal.util.LogHelper - HHH000204: Processing PersistenceUnitInfo [name: default]
26-03-31 11:08:22.808 [Test worker] INFO  org.hibernate.Version - HHH000412: Hibernate ORM core version 6.6.41.Final
26-03-31 11:08:22.906 [Test worker] INFO  o.h.c.i.RegionFactoryInitiator - HHH000026: Second-level cache disabled
26-03-31 11:08:23.742 [Test worker] INFO  o.s.o.j.p.SpringPersistenceUnitInfo - No LoadTimeWeaver setup: ignoring JPA class transformer
26-03-31 11:08:23.906 [Test worker] WARN  org.hibernate.orm.deprecation - HHH90000025: H2Dialect does not need to be specified explicitly using 'hibernate.dialect' (remove the property setting and it will be selected by default)
26-03-31 11:08:23.958 [Test worker] INFO  o.hibernate.orm.connections.pooling - HHH10001005: Database info:
	Database JDBC URL [Connecting through datasource 'org.springframework.jdbc.datasource.embedded.EmbeddedDatabaseFactory$EmbeddedDataSourceProxy@25464154']
	Database driver: undefined/unknown
	Database version: 2.3.232
	Autocommit mode: undefined/unknown
	Isolation level: undefined/unknown
	Minimum pool size: undefined/unknown
	Maximum pool size: undefined/unknown
26-03-31 11:08:25.944 [Test worker] INFO  o.h.e.t.j.p.i.JtaPlatformInitiator - HHH000489: No JTA platform available (set 'hibernate.transaction.jta.platform' to enable JTA platform integration)
26-03-31 11:08:25.978 [Test worker] DEBUG org.hibernate.SQL - 
    [34mdrop[0m [34mtable[0m [34mif[0m [34mexists[0m binary_contents [34mcascade[0m 
26-03-31 11:08:25.985 [Test worker] DEBUG org.hibernate.SQL - 
    [34mdrop[0m [34mtable[0m [34mif[0m [34mexists[0m channels [34mcascade[0m 
26-03-31 11:08:25.986 [Test worker] DEBUG org.hibernate.SQL - 
    [34mdrop[0m [34mtable[0m [34mif[0m [34mexists[0m message_attachments [34mcascade[0m 
26-03-31 11:08:25.987 [Test worker] DEBUG org.hibernate.SQL - 
    [34mdrop[0m [34mtable[0m [34mif[0m [34mexists[0m messages [34mcascade[0m 
26-03-31 11:08:25.988 [Test worker] DEBUG org.hibernate.SQL - 
    [34mdrop[0m [34mtable[0m [34mif[0m [34mexists[0m read_statuses [34mcascade[0m 
26-03-31 11:08:25.989 [Test worker] DEBUG org.hibernate.SQL - 
    [34mdrop[0m [34mtable[0m [34mif[0m [34mexists[0m user_statuses [34mcascade[0m 
26-03-31 11:08:25.991 [Test worker] DEBUG org.hibernate.SQL - 
    [34mdrop[0m [34mtable[0m [34mif[0m [34mexists[0m users [34mcascade[0m 
26-03-31 11:08:26.000 [Test worker] DEBUG org.hibernate.SQL - 
    [34mcreate[0m [34mtable[0m binary_contents (
        created_at [34mtimestamp[0m [34mwith[0m [34mtime[0m zone [34mnot[0m [34mnull[0m,
        size [34mbigint[0m [34mnot[0m [34mnull[0m,
        id uuid [34mnot[0m [34mnull[0m,
        content_type [34mvarchar[0m(100) [34mnot[0m [34mnull[0m,
        file_name [34mvarchar[0m(255) [34mnot[0m [34mnull[0m,
        [34mprimary[0m [34mkey[0m (id)
    )
26-03-31 11:08:26.017 [Test worker] DEBUG org.hibernate.SQL - 
    [34mcreate[0m [34mtable[0m channels (
        created_at [34mtimestamp[0m [34mwith[0m [34mtime[0m zone [34mnot[0m [34mnull[0m,
        updated_at [34mtimestamp[0m [34mwith[0m [34mtime[0m zone,
        id uuid [34mnot[0m [34mnull[0m,
        name [34mvarchar[0m(100),
        description [34mvarchar[0m(500),
        type enum ([36m'PRIVATE'[0m,[36m'PUBLIC'[0m) [34mnot[0m [34mnull[0m,
        [34mprimary[0m [34mkey[0m (id)
    )
26-03-31 11:08:26.022 [Test worker] DEBUG org.hibernate.SQL - 
    [34mcreate[0m [34mtable[0m message_attachments (
        attachment_id uuid [34mnot[0m [34mnull[0m,
        message_id uuid [34mnot[0m [34mnull[0m
    )
26-03-31 11:08:26.024 [Test worker] DEBUG org.hibernate.SQL - 
    [34mcreate[0m [34mtable[0m messages (
        created_at [34mtimestamp[0m [34mwith[0m [34mtime[0m zone [34mnot[0m [34mnull[0m,
        updated_at [34mtimestamp[0m [34mwith[0m [34mtime[0m zone,
        author_id uuid [34mnot[0m [34mnull[0m,
        channel_id uuid [34mnot[0m [34mnull[0m,
        id uuid [34mnot[0m [34mnull[0m,
        content TEXT,
        [34mprimary[0m [34mkey[0m (id)
    )
26-03-31 11:08:26.027 [Test worker] DEBUG org.hibernate.SQL - 
    [34mcreate[0m [34mtable[0m read_statuses (
        created_at [34mtimestamp[0m [34mwith[0m [34mtime[0m zone [34mnot[0m [34mnull[0m,
        last_read_at [34mtimestamp[0m(6) [34mwith[0m [34mtime[0m zone [34mnot[0m [34mnull[0m,
        updated_at [34mtimestamp[0m [34mwith[0m [34mtime[0m zone,
        channel_id uuid [34mnot[0m [34mnull[0m,
        id uuid [34mnot[0m [34mnull[0m,
        user_id uuid [34mnot[0m [34mnull[0m,
        [34mprimary[0m [34mkey[0m (id),
        [34mconstraint[0m uk_user_channel [34munique[0m (user_id, channel_id)
    )
26-03-31 11:08:26.034 [Test worker] DEBUG org.hibernate.SQL - 
    [34mcreate[0m [34mtable[0m user_statuses (
        created_at [34mtimestamp[0m [34mwith[0m [34mtime[0m zone [34mnot[0m [34mnull[0m,
        last_active_at [34mtimestamp[0m(6) [34mwith[0m [34mtime[0m zone [34mnot[0m [34mnull[0m,
        updated_at [34mtimestamp[0m [34mwith[0m [34mtime[0m zone,
        id uuid [34mnot[0m [34mnull[0m,
        user_id uuid [34munique[0m,
        [34mprimary[0m [34mkey[0m (id)
    )
26-03-31 11:08:26.038 [Test worker] DEBUG org.hibernate.SQL - 
    [34mcreate[0m [34mtable[0m users (
        created_at [34mtimestamp[0m [34mwith[0m [34mtime[0m zone [34mnot[0m [34mnull[0m,
        updated_at [34mtimestamp[0m [34mwith[0m [34mtime[0m zone,
        id uuid [34mnot[0m [34mnull[0m,
        profile_id uuid [34munique[0m,
        username [34mvarchar[0m(50) [34mnot[0m [34mnull[0m [34munique[0m,
        password [34mvarchar[0m(60) [34mnot[0m [34mnull[0m,
        email [34mvarchar[0m(100) [34mnot[0m [34mnull[0m [34munique[0m,
        [34mprimary[0m [34mkey[0m (id)
    )
26-03-31 11:08:26.045 [Test worker] DEBUG org.hibernate.SQL - 
    [34malter[0m [34mtable[0m [34mif[0m [34mexists[0m message_attachments 
       [34madd[0m [34mconstraint[0m FKsd1m8rb8jcpbcnb7rpdue7ctc 
       [34mforeign[0m [34mkey[0m (attachment_id) 
       [34mreferences[0m binary_contents
26-03-31 11:08:26.068 [Test worker] DEBUG org.hibernate.SQL - 
    [34malter[0m [34mtable[0m [34mif[0m [34mexists[0m message_attachments 
       [34madd[0m [34mconstraint[0m FKj7twd218e2gqw9cmlhwvo1rth 
       [34mforeign[0m [34mkey[0m (message_id) 
       [34mreferences[0m messages
26-03-31 11:08:26.072 [Test worker] DEBUG org.hibernate.SQL - 
    [34malter[0m [34mtable[0m [34mif[0m [34mexists[0m messages 
       [34madd[0m [34mconstraint[0m FKowtlim26svclkatusptbgi7u1 
       [34mforeign[0m [34mkey[0m (author_id) 
       [34mreferences[0m users
26-03-31 11:08:26.075 [Test worker] DEBUG org.hibernate.SQL - 
    [34malter[0m [34mtable[0m [34mif[0m [34mexists[0m messages 
       [34madd[0m [34mconstraint[0m FK3u3ckbhwq9se1cmopk2pq05b2 
       [34mforeign[0m [34mkey[0m (channel_id) 
       [34mreferences[0m channels
26-03-31 11:08:26.080 [Test worker] DEBUG org.hibernate.SQL - 
    [34malter[0m [34mtable[0m [34mif[0m [34mexists[0m read_statuses 
       [34madd[0m [34mconstraint[0m FKa38ri44ml4gfdpklx4ahqr8gd 
       [34mforeign[0m [34mkey[0m (channel_id) 
       [34mreferences[0m channels
26-03-31 11:08:26.083 [Test worker] DEBUG org.hibernate.SQL - 
    [34malter[0m [34mtable[0m [34mif[0m [34mexists[0m read_statuses 
       [34madd[0m [34mconstraint[0m FKml3k4wr9sj5yxrmj6d0aoib2e 
       [34mforeign[0m [34mkey[0m (user_id) 
       [34mreferences[0m users
26-03-31 11:08:26.086 [Test worker] DEBUG org.hibernate.SQL - 
    [34malter[0m [34mtable[0m [34mif[0m [34mexists[0m user_statuses 
       [34madd[0m [34mconstraint[0m FK4lfl3ei2ubchgcxrrpo3pw4mm 
       [34mforeign[0m [34mkey[0m (user_id) 
       [34mreferences[0m users
26-03-31 11:08:26.090 [Test worker] DEBUG org.hibernate.SQL - 
    [34malter[0m [34mtable[0m [34mif[0m [34mexists[0m users 
       [34madd[0m [34mconstraint[0m FKtbudycgrip49xdptogmhfqnso 
       [34mforeign[0m [34mkey[0m (profile_id) 
       [34mreferences[0m binary_contents
26-03-31 11:08:26.100 [Test worker] INFO  o.s.o.j.LocalContainerEntityManagerFactoryBean - Initialized JPA EntityManagerFactory for persistence unit 'default'
26-03-31 11:08:27.184 [Test worker] INFO  o.s.d.j.r.query.QueryEnhancerFactory - Hibernate is in classpath; If applicable, HQL parser will be used.
26-03-31 11:08:29.078 [Test worker] INFO  c.s.m.d.r.MessageRepositoryTest - Started MessageRepositoryTest in 10.559 seconds (process running for 13.175)
26-03-31 11:08:30.052 [Test worker] DEBUG org.hibernate.SQL - 
    /* [34minsert[0m [34mfor[0m
        com.sprint.mission.discodeit.entity.Channel */[34minsert[0m 
    [34minto[0m
        channels (created_at, description, name, type, updated_at, id) 
    [34mvalues[0m
        (?, ?, ?, ?, ?, ?)
26-03-31 11:08:30.060 [Test worker] TRACE org.hibernate.orm.jdbc.bind - binding parameter (1:TIMESTAMP_UTC) <- [2026-03-31T02:08:29.936670800Z]
26-03-31 11:08:30.067 [Test worker] TRACE org.hibernate.orm.jdbc.bind - binding parameter (2:VARCHAR) <- [null]
26-03-31 11:08:30.068 [Test worker] TRACE org.hibernate.orm.jdbc.bind - binding parameter (3:VARCHAR) <- [test]
26-03-31 11:08:30.068 [Test worker] TRACE org.hibernate.orm.jdbc.bind - binding parameter (4:ENUM) <- [null]
26-03-31 11:08:30.068 [Test worker] TRACE org.hibernate.orm.jdbc.bind - binding parameter (5:TIMESTAMP_UTC) <- [2026-03-31T02:08:29.936670800Z]
26-03-31 11:08:30.069 [Test worker] TRACE org.hibernate.orm.jdbc.bind - binding parameter (6:UUID) <- [bf18d6a7-88d8-43c2-8e89-53961a3249df]
26-03-31 11:08:30.072 [Test worker] WARN  o.h.e.jdbc.spi.SqlExceptionHelper - SQL Error: 23502, SQLState: 23502
26-03-31 11:08:30.072 [Test worker] ERROR o.h.e.jdbc.spi.SqlExceptionHelper - NULL not allowed for column "TYPE"; SQL statement:
/* insert for com.sprint.mission.discodeit.entity.Channel */insert into channels (created_ [23502-232]
26-03-31 11:08:30.155 [Test worker] DEBUG org.hibernate.SQL - 
    /* [34minsert[0m [34mfor[0m
        com.sprint.mission.discodeit.entity.[34mUser[0m */[34minsert[0m 
    [34minto[0m
        users (created_at, email, password, profile_id, updated_at, username, id) 
    [34mvalues[0m
        (?, ?, ?, ?, ?, ?, ?)
26-03-31 11:08:30.157 [Test worker] TRACE org.hibernate.orm.jdbc.bind - binding parameter (1:TIMESTAMP_UTC) <- [2026-03-31T02:08:30.143503600Z]
26-03-31 11:08:30.157 [Test worker] TRACE org.hibernate.orm.jdbc.bind - binding parameter (2:VARCHAR) <- [test@test.com]
26-03-31 11:08:30.157 [Test worker] TRACE org.hibernate.orm.jdbc.bind - binding parameter (3:VARCHAR) <- [test]
26-03-31 11:08:30.157 [Test worker] TRACE org.hibernate.orm.jdbc.bind - binding parameter (4:UUID) <- [null]
26-03-31 11:08:30.158 [Test worker] TRACE org.hibernate.orm.jdbc.bind - binding parameter (5:TIMESTAMP_UTC) <- [2026-03-31T02:08:30.143503600Z]
26-03-31 11:08:30.158 [Test worker] TRACE org.hibernate.orm.jdbc.bind - binding parameter (6:VARCHAR) <- [test]
26-03-31 11:08:30.158 [Test worker] TRACE org.hibernate.orm.jdbc.bind - binding parameter (7:UUID) <- [544e57db-40c8-41c6-a71a-ce6e9817f54d]
26-03-31 11:08:30.171 [Test worker] DEBUG org.hibernate.SQL - 
    /* [34minsert[0m [34mfor[0m
        com.sprint.mission.discodeit.entity.Channel */[34minsert[0m 
    [34minto[0m
        channels (created_at, description, name, type, updated_at, id) 
    [34mvalues[0m
        (?, ?, ?, ?, ?, ?)
26-03-31 11:08:30.173 [Test worker] TRACE org.hibernate.orm.jdbc.bind - binding parameter (1:TIMESTAMP_UTC) <- [2026-03-31T02:08:30.152025300Z]
26-03-31 11:08:30.173 [Test worker] TRACE org.hibernate.orm.jdbc.bind - binding parameter (2:VARCHAR) <- [null]
26-03-31 11:08:30.173 [Test worker] TRACE org.hibernate.orm.jdbc.bind - binding parameter (3:VARCHAR) <- [test]
26-03-31 11:08:30.173 [Test worker] TRACE org.hibernate.orm.jdbc.bind - binding parameter (4:ENUM) <- [PUBLIC]
26-03-31 11:08:30.174 [Test worker] TRACE org.hibernate.orm.jdbc.bind - binding parameter (5:TIMESTAMP_UTC) <- [2026-03-31T02:08:30.152025300Z]
26-03-31 11:08:30.174 [Test worker] TRACE org.hibernate.orm.jdbc.bind - binding parameter (6:UUID) <- [9a527b90-3363-4a2c-a71e-65738d21fd82]
26-03-31 11:08:30.176 [Test worker] DEBUG org.hibernate.SQL - 
    /* [34minsert[0m [34mfor[0m
        com.sprint.mission.discodeit.entity.Message */[34minsert[0m 
    [34minto[0m
        messages (author_id, channel_id, content, created_at, updated_at, id) 
    [34mvalues[0m
        (?, ?, ?, ?, ?, ?)
26-03-31 11:08:30.177 [Test worker] TRACE org.hibernate.orm.jdbc.bind - binding parameter (1:UUID) <- [544e57db-40c8-41c6-a71a-ce6e9817f54d]
26-03-31 11:08:30.177 [Test worker] TRACE org.hibernate.orm.jdbc.bind - binding parameter (2:UUID) <- [9a527b90-3363-4a2c-a71e-65738d21fd82]
26-03-31 11:08:30.177 [Test worker] TRACE org.hibernate.orm.jdbc.bind - binding parameter (3:VARCHAR) <- [old]
26-03-31 11:08:30.177 [Test worker] TRACE org.hibernate.orm.jdbc.bind - binding parameter (4:TIMESTAMP_UTC) <- [2026-03-31T02:08:30.152025300Z]
26-03-31 11:08:30.178 [Test worker] TRACE org.hibernate.orm.jdbc.bind - binding parameter (5:TIMESTAMP_UTC) <- [2026-03-31T02:08:30.152025300Z]
26-03-31 11:08:30.178 [Test worker] TRACE org.hibernate.orm.jdbc.bind - binding parameter (6:UUID) <- [8c0a529a-4f57-4501-a977-fc002d599d33]
26-03-31 11:08:30.179 [Test worker] DEBUG org.hibernate.SQL - 
    /* [34minsert[0m [34mfor[0m
        com.sprint.mission.discodeit.entity.Message */[34minsert[0m 
    [34minto[0m
        messages (author_id, channel_id, content, created_at, updated_at, id) 
    [34mvalues[0m
        (?, ?, ?, ?, ?, ?)
26-03-31 11:08:30.180 [Test worker] TRACE org.hibernate.orm.jdbc.bind - binding parameter (1:UUID) <- [544e57db-40c8-41c6-a71a-ce6e9817f54d]
26-03-31 11:08:30.180 [Test worker] TRACE org.hibernate.orm.jdbc.bind - binding parameter (2:UUID) <- [9a527b90-3363-4a2c-a71e-65738d21fd82]
26-03-31 11:08:30.180 [Test worker] TRACE org.hibernate.orm.jdbc.bind - binding parameter (3:VARCHAR) <- [new]
26-03-31 11:08:30.181 [Test worker] TRACE org.hibernate.orm.jdbc.bind - binding parameter (4:TIMESTAMP_UTC) <- [2026-03-31T02:08:30.153025100Z]
26-03-31 11:08:30.181 [Test worker] TRACE org.hibernate.orm.jdbc.bind - binding parameter (5:TIMESTAMP_UTC) <- [2026-03-31T02:08:30.153025100Z]
26-03-31 11:08:30.181 [Test worker] TRACE org.hibernate.orm.jdbc.bind - binding parameter (6:UUID) <- [d47d1c41-d87b-46d5-862a-225db22bfc7b]
26-03-31 11:08:30.348 [Test worker] DEBUG org.hibernate.SQL - 
    /* [34mSELECT[0m
        m 
    [34mFROM[0m
        Message m 
    [34mWHERE[0m
        m.channel.id = :channelId 
        [34mAND[0m m.createdAt < :cursor 
    [34mORDER[0m [34mBY[0m
        m.createdAt DESC */ [34mselect[0m
            m1_0.id,
            m1_0.author_id,
            m1_0.channel_id,
            m1_0.content,
            m1_0.created_at,
            m1_0.updated_at 
        [34mfrom[0m
            messages m1_0 
        [34mwhere[0m
            m1_0.channel_id=? 
            [34mand[0m m1_0.created_at<? 
        [34morder[0m [34mby[0m
            m1_0.created_at desc 
        [34mfetch[0m
            first ? [34mrows[0m [34monly[0m
26-03-31 11:08:30.352 [Test worker] TRACE org.hibernate.orm.jdbc.bind - binding parameter (1:UUID) <- [9a527b90-3363-4a2c-a71e-65738d21fd82]
26-03-31 11:08:30.353 [Test worker] TRACE org.hibernate.orm.jdbc.bind - binding parameter (2:TIMESTAMP_UTC) <- [2026-03-31T02:08:30.152025300Z]
26-03-31 11:08:30.354 [Test worker] TRACE org.hibernate.orm.jdbc.bind - binding parameter (3:INTEGER) <- [11]
26-03-31 11:08:30.592 [SpringApplicationShutdownHook] INFO  o.s.o.j.LocalContainerEntityManagerFactoryBean - Closing JPA EntityManagerFactory for persistence unit 'default'
26-03-31 11:08:30.593 [SpringApplicationShutdownHook] DEBUG org.hibernate.SQL - 
    [34mdrop[0m [34mtable[0m [34mif[0m [34mexists[0m binary_contents [34mcascade[0m 
26-03-31 11:08:30.597 [SpringApplicationShutdownHook] DEBUG org.hibernate.SQL - 
    [34mdrop[0m [34mtable[0m [34mif[0m [34mexists[0m channels [34mcascade[0m 
26-03-31 11:08:30.599 [SpringApplicationShutdownHook] DEBUG org.hibernate.SQL - 
    [34mdrop[0m [34mtable[0m [34mif[0m [34mexists[0m message_attachments [34mcascade[0m 
26-03-31 11:08:30.601 [SpringApplicationShutdownHook] DEBUG org.hibernate.SQL - 
    [34mdrop[0m [34mtable[0m [34mif[0m [34mexists[0m messages [34mcascade[0m 
26-03-31 11:08:30.602 [SpringApplicationShutdownHook] DEBUG org.hibernate.SQL - 
    [34mdrop[0m [34mtable[0m [34mif[0m [34mexists[0m read_statuses [34mcascade[0m 
26-03-31 11:08:30.604 [SpringApplicationShutdownHook] DEBUG org.hibernate.SQL - 
    [34mdrop[0m [34mtable[0m [34mif[0m [34mexists[0m user_statuses [34mcascade[0m 
26-03-31 11:08:30.605 [SpringApplicationShutdownHook] DEBUG org.hibernate.SQL - 
    [34mdrop[0m [34mtable[0m [34mif[0m [34mexists[0m users [34mcascade[0m 
26-03-31 11:09:57.703 [background-preinit] INFO  o.h.validator.internal.util.Version - HV000001: Hibernate Validator 8.0.3.Final
26-03-31 11:09:57.804 [Test worker] INFO  c.s.m.d.r.MessageRepositoryTest - Starting MessageRepositoryTest using Java 17.0.15 with PID 10176 (started by ASUS in C:\Users\ASUS\Desktop\dev\web\codeit_sprint_bootcamp\sprint-mission\9-sprint-mission\discodeit)
26-03-31 11:09:57.806 [Test worker] INFO  c.s.m.d.r.MessageRepositoryTest - The following 1 profile is active: "test"
26-03-31 11:09:59.015 [Test worker] INFO  o.s.d.r.c.RepositoryConfigurationDelegate - Bootstrapping Spring Data JPA repositories in DEFAULT mode.
26-03-31 11:09:59.257 [Test worker] INFO  o.s.d.r.c.RepositoryConfigurationDelegate - Finished Spring Data repository scanning in 194 ms. Found 6 JPA repository interfaces.
26-03-31 11:09:59.366 [Test worker] INFO  o.s.b.t.a.j.TestDatabaseAutoConfiguration$EmbeddedDataSourceBeanFactoryPostProcessor - Replacing 'dataSource' DataSource bean with embedded version
26-03-31 11:09:59.624 [Test worker] INFO  o.s.j.d.e.EmbeddedDatabaseFactory - Starting embedded database: url='jdbc:h2:mem:cabf9300-bedd-4c26-ac04-3a83355f70e8;DB_CLOSE_DELAY=-1;DB_CLOSE_ON_EXIT=false', username='sa'
26-03-31 11:10:00.328 [Test worker] INFO  o.h.jpa.internal.util.LogHelper - HHH000204: Processing PersistenceUnitInfo [name: default]
26-03-31 11:10:00.528 [Test worker] INFO  org.hibernate.Version - HHH000412: Hibernate ORM core version 6.6.41.Final
26-03-31 11:10:00.596 [Test worker] INFO  o.h.c.i.RegionFactoryInitiator - HHH000026: Second-level cache disabled
26-03-31 11:10:01.231 [Test worker] INFO  o.s.o.j.p.SpringPersistenceUnitInfo - No LoadTimeWeaver setup: ignoring JPA class transformer
26-03-31 11:10:01.317 [Test worker] WARN  org.hibernate.orm.deprecation - HHH90000025: H2Dialect does not need to be specified explicitly using 'hibernate.dialect' (remove the property setting and it will be selected by default)
26-03-31 11:10:01.357 [Test worker] INFO  o.hibernate.orm.connections.pooling - HHH10001005: Database info:
	Database JDBC URL [Connecting through datasource 'org.springframework.jdbc.datasource.embedded.EmbeddedDatabaseFactory$EmbeddedDataSourceProxy@6231f77a']
	Database driver: undefined/unknown
	Database version: 2.3.232
	Autocommit mode: undefined/unknown
	Isolation level: undefined/unknown
	Minimum pool size: undefined/unknown
	Maximum pool size: undefined/unknown
26-03-31 11:10:03.121 [Test worker] INFO  o.h.e.t.j.p.i.JtaPlatformInitiator - HHH000489: No JTA platform available (set 'hibernate.transaction.jta.platform' to enable JTA platform integration)
26-03-31 11:10:03.150 [Test worker] DEBUG org.hibernate.SQL - 
    [34mdrop[0m [34mtable[0m [34mif[0m [34mexists[0m binary_contents [34mcascade[0m 
26-03-31 11:10:03.156 [Test worker] DEBUG org.hibernate.SQL - 
    [34mdrop[0m [34mtable[0m [34mif[0m [34mexists[0m channels [34mcascade[0m 
26-03-31 11:10:03.157 [Test worker] DEBUG org.hibernate.SQL - 
    [34mdrop[0m [34mtable[0m [34mif[0m [34mexists[0m message_attachments [34mcascade[0m 
26-03-31 11:10:03.158 [Test worker] DEBUG org.hibernate.SQL - 
    [34mdrop[0m [34mtable[0m [34mif[0m [34mexists[0m messages [34mcascade[0m 
26-03-31 11:10:03.159 [Test worker] DEBUG org.hibernate.SQL - 
    [34mdrop[0m [34mtable[0m [34mif[0m [34mexists[0m read_statuses [34mcascade[0m 
26-03-31 11:10:03.160 [Test worker] DEBUG org.hibernate.SQL - 
    [34mdrop[0m [34mtable[0m [34mif[0m [34mexists[0m user_statuses [34mcascade[0m 
26-03-31 11:10:03.161 [Test worker] DEBUG org.hibernate.SQL - 
    [34mdrop[0m [34mtable[0m [34mif[0m [34mexists[0m users [34mcascade[0m 
26-03-31 11:10:03.169 [Test worker] DEBUG org.hibernate.SQL - 
    [34mcreate[0m [34mtable[0m binary_contents (
        created_at [34mtimestamp[0m [34mwith[0m [34mtime[0m zone [34mnot[0m [34mnull[0m,
        size [34mbigint[0m [34mnot[0m [34mnull[0m,
        id uuid [34mnot[0m [34mnull[0m,
        content_type [34mvarchar[0m(100) [34mnot[0m [34mnull[0m,
        file_name [34mvarchar[0m(255) [34mnot[0m [34mnull[0m,
        [34mprimary[0m [34mkey[0m (id)
    )
26-03-31 11:10:03.184 [Test worker] DEBUG org.hibernate.SQL - 
    [34mcreate[0m [34mtable[0m channels (
        created_at [34mtimestamp[0m [34mwith[0m [34mtime[0m zone [34mnot[0m [34mnull[0m,
        updated_at [34mtimestamp[0m [34mwith[0m [34mtime[0m zone,
        id uuid [34mnot[0m [34mnull[0m,
        name [34mvarchar[0m(100),
        description [34mvarchar[0m(500),
        type enum ([36m'PRIVATE'[0m,[36m'PUBLIC'[0m) [34mnot[0m [34mnull[0m,
        [34mprimary[0m [34mkey[0m (id)
    )
26-03-31 11:10:03.187 [Test worker] DEBUG org.hibernate.SQL - 
    [34mcreate[0m [34mtable[0m message_attachments (
        attachment_id uuid [34mnot[0m [34mnull[0m,
        message_id uuid [34mnot[0m [34mnull[0m
    )
26-03-31 11:10:03.188 [Test worker] DEBUG org.hibernate.SQL - 
    [34mcreate[0m [34mtable[0m messages (
        created_at [34mtimestamp[0m [34mwith[0m [34mtime[0m zone [34mnot[0m [34mnull[0m,
        updated_at [34mtimestamp[0m [34mwith[0m [34mtime[0m zone,
        author_id uuid [34mnot[0m [34mnull[0m,
        channel_id uuid [34mnot[0m [34mnull[0m,
        id uuid [34mnot[0m [34mnull[0m,
        content TEXT,
        [34mprimary[0m [34mkey[0m (id)
    )
26-03-31 11:10:03.192 [Test worker] DEBUG org.hibernate.SQL - 
    [34mcreate[0m [34mtable[0m read_statuses (
        created_at [34mtimestamp[0m [34mwith[0m [34mtime[0m zone [34mnot[0m [34mnull[0m,
        last_read_at [34mtimestamp[0m(6) [34mwith[0m [34mtime[0m zone [34mnot[0m [34mnull[0m,
        updated_at [34mtimestamp[0m [34mwith[0m [34mtime[0m zone,
        channel_id uuid [34mnot[0m [34mnull[0m,
        id uuid [34mnot[0m [34mnull[0m,
        user_id uuid [34mnot[0m [34mnull[0m,
        [34mprimary[0m [34mkey[0m (id),
        [34mconstraint[0m uk_user_channel [34munique[0m (user_id, channel_id)
    )
26-03-31 11:10:03.197 [Test worker] DEBUG org.hibernate.SQL - 
    [34mcreate[0m [34mtable[0m user_statuses (
        created_at [34mtimestamp[0m [34mwith[0m [34mtime[0m zone [34mnot[0m [34mnull[0m,
        last_active_at [34mtimestamp[0m(6) [34mwith[0m [34mtime[0m zone [34mnot[0m [34mnull[0m,
        updated_at [34mtimestamp[0m [34mwith[0m [34mtime[0m zone,
        id uuid [34mnot[0m [34mnull[0m,
        user_id uuid [34munique[0m,
        [34mprimary[0m [34mkey[0m (id)
    )
26-03-31 11:10:03.201 [Test worker] DEBUG org.hibernate.SQL - 
    [34mcreate[0m [34mtable[0m users (
        created_at [34mtimestamp[0m [34mwith[0m [34mtime[0m zone [34mnot[0m [34mnull[0m,
        updated_at [34mtimestamp[0m [34mwith[0m [34mtime[0m zone,
        id uuid [34mnot[0m [34mnull[0m,
        profile_id uuid [34munique[0m,
        username [34mvarchar[0m(50) [34mnot[0m [34mnull[0m [34munique[0m,
        password [34mvarchar[0m(60) [34mnot[0m [34mnull[0m,
        email [34mvarchar[0m(100) [34mnot[0m [34mnull[0m [34munique[0m,
        [34mprimary[0m [34mkey[0m (id)
    )
26-03-31 11:10:03.208 [Test worker] DEBUG org.hibernate.SQL - 
    [34malter[0m [34mtable[0m [34mif[0m [34mexists[0m message_attachments 
       [34madd[0m [34mconstraint[0m FKsd1m8rb8jcpbcnb7rpdue7ctc 
       [34mforeign[0m [34mkey[0m (attachment_id) 
       [34mreferences[0m binary_contents
26-03-31 11:10:03.230 [Test worker] DEBUG org.hibernate.SQL - 
    [34malter[0m [34mtable[0m [34mif[0m [34mexists[0m message_attachments 
       [34madd[0m [34mconstraint[0m FKj7twd218e2gqw9cmlhwvo1rth 
       [34mforeign[0m [34mkey[0m (message_id) 
       [34mreferences[0m messages
26-03-31 11:10:03.233 [Test worker] DEBUG org.hibernate.SQL - 
    [34malter[0m [34mtable[0m [34mif[0m [34mexists[0m messages 
       [34madd[0m [34mconstraint[0m FKowtlim26svclkatusptbgi7u1 
       [34mforeign[0m [34mkey[0m (author_id) 
       [34mreferences[0m users
26-03-31 11:10:03.236 [Test worker] DEBUG org.hibernate.SQL - 
    [34malter[0m [34mtable[0m [34mif[0m [34mexists[0m messages 
       [34madd[0m [34mconstraint[0m FK3u3ckbhwq9se1cmopk2pq05b2 
       [34mforeign[0m [34mkey[0m (channel_id) 
       [34mreferences[0m channels
26-03-31 11:10:03.241 [Test worker] DEBUG org.hibernate.SQL - 
    [34malter[0m [34mtable[0m [34mif[0m [34mexists[0m read_statuses 
       [34madd[0m [34mconstraint[0m FKa38ri44ml4gfdpklx4ahqr8gd 
       [34mforeign[0m [34mkey[0m (channel_id) 
       [34mreferences[0m channels
26-03-31 11:10:03.244 [Test worker] DEBUG org.hibernate.SQL - 
    [34malter[0m [34mtable[0m [34mif[0m [34mexists[0m read_statuses 
       [34madd[0m [34mconstraint[0m FKml3k4wr9sj5yxrmj6d0aoib2e 
       [34mforeign[0m [34mkey[0m (user_id) 
       [34mreferences[0m users
26-03-31 11:10:03.248 [Test worker] DEBUG org.hibernate.SQL - 
    [34malter[0m [34mtable[0m [34mif[0m [34mexists[0m user_statuses 
       [34madd[0m [34mconstraint[0m FK4lfl3ei2ubchgcxrrpo3pw4mm 
       [34mforeign[0m [34mkey[0m (user_id) 
       [34mreferences[0m users
26-03-31 11:10:03.251 [Test worker] DEBUG org.hibernate.SQL - 
    [34malter[0m [34mtable[0m [34mif[0m [34mexists[0m users 
       [34madd[0m [34mconstraint[0m FKtbudycgrip49xdptogmhfqnso 
       [34mforeign[0m [34mkey[0m (profile_id) 
       [34mreferences[0m binary_contents
26-03-31 11:10:03.261 [Test worker] INFO  o.s.o.j.LocalContainerEntityManagerFactoryBean - Initialized JPA EntityManagerFactory for persistence unit 'default'
26-03-31 11:10:03.940 [Test worker] INFO  o.s.d.j.r.query.QueryEnhancerFactory - Hibernate is in classpath; If applicable, HQL parser will be used.
26-03-31 11:10:05.437 [Test worker] INFO  c.s.m.d.r.MessageRepositoryTest - Started MessageRepositoryTest in 8.62 seconds (process running for 10.887)
26-03-31 11:10:06.226 [Test worker] DEBUG org.hibernate.SQL - 
    /* [34minsert[0m [34mfor[0m
        com.sprint.mission.discodeit.entity.[34mUser[0m */[34minsert[0m 
    [34minto[0m
        users (created_at, email, password, profile_id, updated_at, username, id) 
    [34mvalues[0m
        (?, ?, ?, ?, ?, ?, ?)
26-03-31 11:10:06.232 [Test worker] TRACE org.hibernate.orm.jdbc.bind - binding parameter (1:TIMESTAMP_UTC) <- [2026-03-31T02:10:06.119744600Z]
26-03-31 11:10:06.239 [Test worker] TRACE org.hibernate.orm.jdbc.bind - binding parameter (2:VARCHAR) <- [test@test.com]
26-03-31 11:10:06.240 [Test worker] TRACE org.hibernate.orm.jdbc.bind - binding parameter (3:VARCHAR) <- [test]
26-03-31 11:10:06.240 [Test worker] TRACE org.hibernate.orm.jdbc.bind - binding parameter (4:UUID) <- [null]
26-03-31 11:10:06.240 [Test worker] TRACE org.hibernate.orm.jdbc.bind - binding parameter (5:TIMESTAMP_UTC) <- [2026-03-31T02:10:06.119744600Z]
26-03-31 11:10:06.240 [Test worker] TRACE org.hibernate.orm.jdbc.bind - binding parameter (6:VARCHAR) <- [test]
26-03-31 11:10:06.240 [Test worker] TRACE org.hibernate.orm.jdbc.bind - binding parameter (7:UUID) <- [1599c9f6-de56-40ca-b29b-0745da5f06c6]
26-03-31 11:10:06.260 [Test worker] DEBUG org.hibernate.SQL - 
    /* [34minsert[0m [34mfor[0m
        com.sprint.mission.discodeit.entity.Channel */[34minsert[0m 
    [34minto[0m
        channels (created_at, description, name, type, updated_at, id) 
    [34mvalues[0m
        (?, ?, ?, ?, ?, ?)
26-03-31 11:10:06.261 [Test worker] TRACE org.hibernate.orm.jdbc.bind - binding parameter (1:TIMESTAMP_UTC) <- [2026-03-31T02:10:06.180553900Z]
26-03-31 11:10:06.261 [Test worker] TRACE org.hibernate.orm.jdbc.bind - binding parameter (2:VARCHAR) <- [null]
26-03-31 11:10:06.261 [Test worker] TRACE org.hibernate.orm.jdbc.bind - binding parameter (3:VARCHAR) <- [test]
26-03-31 11:10:06.261 [Test worker] TRACE org.hibernate.orm.jdbc.bind - binding parameter (4:ENUM) <- [PUBLIC]
26-03-31 11:10:06.262 [Test worker] TRACE org.hibernate.orm.jdbc.bind - binding parameter (5:TIMESTAMP_UTC) <- [2026-03-31T02:10:06.180553900Z]
26-03-31 11:10:06.262 [Test worker] TRACE org.hibernate.orm.jdbc.bind - binding parameter (6:UUID) <- [722fdeb7-3710-40e7-a35f-1932f6a13c2c]
26-03-31 11:10:06.264 [Test worker] DEBUG org.hibernate.SQL - 
    /* [34minsert[0m [34mfor[0m
        com.sprint.mission.discodeit.entity.Message */[34minsert[0m 
    [34minto[0m
        messages (author_id, channel_id, content, created_at, updated_at, id) 
    [34mvalues[0m
        (?, ?, ?, ?, ?, ?)
26-03-31 11:10:06.264 [Test worker] TRACE org.hibernate.orm.jdbc.bind - binding parameter (1:UUID) <- [null]
26-03-31 11:10:06.264 [Test worker] TRACE org.hibernate.orm.jdbc.bind - binding parameter (2:UUID) <- [722fdeb7-3710-40e7-a35f-1932f6a13c2c]
26-03-31 11:10:06.264 [Test worker] TRACE org.hibernate.orm.jdbc.bind - binding parameter (3:VARCHAR) <- [1]
26-03-31 11:10:06.265 [Test worker] TRACE org.hibernate.orm.jdbc.bind - binding parameter (4:TIMESTAMP_UTC) <- [2026-03-31T02:10:06.187076500Z]
26-03-31 11:10:06.265 [Test worker] TRACE org.hibernate.orm.jdbc.bind - binding parameter (5:TIMESTAMP_UTC) <- [2026-03-31T02:10:06.187076500Z]
26-03-31 11:10:06.265 [Test worker] TRACE org.hibernate.orm.jdbc.bind - binding parameter (6:UUID) <- [c3933055-6cfa-4c7a-94d5-f8130ff03970]
26-03-31 11:10:06.266 [Test worker] WARN  o.h.e.jdbc.spi.SqlExceptionHelper - SQL Error: 23502, SQLState: 23502
26-03-31 11:10:06.266 [Test worker] ERROR o.h.e.jdbc.spi.SqlExceptionHelper - NULL not allowed for column "AUTHOR_ID"; SQL statement:
/* insert for com.sprint.mission.discodeit.entity.Message */insert into messages (author_id,chann [23502-232]
26-03-31 11:10:06.317 [Test worker] DEBUG org.hibernate.SQL - 
    /* [34minsert[0m [34mfor[0m
        com.sprint.mission.discodeit.entity.[34mUser[0m */[34minsert[0m 
    [34minto[0m
        users (created_at, email, password, profile_id, updated_at, username, id) 
    [34mvalues[0m
        (?, ?, ?, ?, ?, ?, ?)
26-03-31 11:10:06.317 [Test worker] TRACE org.hibernate.orm.jdbc.bind - binding parameter (1:TIMESTAMP_UTC) <- [2026-03-31T02:10:06.313187500Z]
26-03-31 11:10:06.317 [Test worker] TRACE org.hibernate.orm.jdbc.bind - binding parameter (2:VARCHAR) <- [test@test.com]
26-03-31 11:10:06.317 [Test worker] TRACE org.hibernate.orm.jdbc.bind - binding parameter (3:VARCHAR) <- [test]
26-03-31 11:10:06.318 [Test worker] TRACE org.hibernate.orm.jdbc.bind - binding parameter (4:UUID) <- [null]
26-03-31 11:10:06.318 [Test worker] TRACE org.hibernate.orm.jdbc.bind - binding parameter (5:TIMESTAMP_UTC) <- [2026-03-31T02:10:06.313187500Z]
26-03-31 11:10:06.318 [Test worker] TRACE org.hibernate.orm.jdbc.bind - binding parameter (6:VARCHAR) <- [test]
26-03-31 11:10:06.318 [Test worker] TRACE org.hibernate.orm.jdbc.bind - binding parameter (7:UUID) <- [998a07a0-67f6-4ed2-b9af-5f4d4ea41898]
26-03-31 11:10:06.321 [Test worker] DEBUG org.hibernate.SQL - 
    /* [34minsert[0m [34mfor[0m
        com.sprint.mission.discodeit.entity.Channel */[34minsert[0m 
    [34minto[0m
        channels (created_at, description, name, type, updated_at, id) 
    [34mvalues[0m
        (?, ?, ?, ?, ?, ?)
26-03-31 11:10:06.321 [Test worker] TRACE org.hibernate.orm.jdbc.bind - binding parameter (1:TIMESTAMP_UTC) <- [2026-03-31T02:10:06.314187800Z]
26-03-31 11:10:06.321 [Test worker] TRACE org.hibernate.orm.jdbc.bind - binding parameter (2:VARCHAR) <- [null]
26-03-31 11:10:06.321 [Test worker] TRACE org.hibernate.orm.jdbc.bind - binding parameter (3:VARCHAR) <- [test]
26-03-31 11:10:06.322 [Test worker] TRACE org.hibernate.orm.jdbc.bind - binding parameter (4:ENUM) <- [PUBLIC]
26-03-31 11:10:06.322 [Test worker] TRACE org.hibernate.orm.jdbc.bind - binding parameter (5:TIMESTAMP_UTC) <- [2026-03-31T02:10:06.314187800Z]
26-03-31 11:10:06.322 [Test worker] TRACE org.hibernate.orm.jdbc.bind - binding parameter (6:UUID) <- [709b6968-434e-42ef-8108-6e17e3920841]
26-03-31 11:10:06.323 [Test worker] DEBUG org.hibernate.SQL - 
    /* [34minsert[0m [34mfor[0m
        com.sprint.mission.discodeit.entity.Message */[34minsert[0m 
    [34minto[0m
        messages (author_id, channel_id, content, created_at, updated_at, id) 
    [34mvalues[0m
        (?, ?, ?, ?, ?, ?)
26-03-31 11:10:06.323 [Test worker] TRACE org.hibernate.orm.jdbc.bind - binding parameter (1:UUID) <- [998a07a0-67f6-4ed2-b9af-5f4d4ea41898]
26-03-31 11:10:06.323 [Test worker] TRACE org.hibernate.orm.jdbc.bind - binding parameter (2:UUID) <- [709b6968-434e-42ef-8108-6e17e3920841]
26-03-31 11:10:06.323 [Test worker] TRACE org.hibernate.orm.jdbc.bind - binding parameter (3:VARCHAR) <- [old]
26-03-31 11:10:06.324 [Test worker] TRACE org.hibernate.orm.jdbc.bind - binding parameter (4:TIMESTAMP_UTC) <- [2026-03-31T02:10:06.315187200Z]
26-03-31 11:10:06.324 [Test worker] TRACE org.hibernate.orm.jdbc.bind - binding parameter (5:TIMESTAMP_UTC) <- [2026-03-31T02:10:06.315187200Z]
26-03-31 11:10:06.324 [Test worker] TRACE org.hibernate.orm.jdbc.bind - binding parameter (6:UUID) <- [e33a12a3-1462-4989-8ff2-a7c298a36e24]
26-03-31 11:10:06.325 [Test worker] DEBUG org.hibernate.SQL - 
    /* [34minsert[0m [34mfor[0m
        com.sprint.mission.discodeit.entity.Message */[34minsert[0m 
    [34minto[0m
        messages (author_id, channel_id, content, created_at, updated_at, id) 
    [34mvalues[0m
        (?, ?, ?, ?, ?, ?)
26-03-31 11:10:06.325 [Test worker] TRACE org.hibernate.orm.jdbc.bind - binding parameter (1:UUID) <- [998a07a0-67f6-4ed2-b9af-5f4d4ea41898]
26-03-31 11:10:06.325 [Test worker] TRACE org.hibernate.orm.jdbc.bind - binding parameter (2:UUID) <- [709b6968-434e-42ef-8108-6e17e3920841]
26-03-31 11:10:06.325 [Test worker] TRACE org.hibernate.orm.jdbc.bind - binding parameter (3:VARCHAR) <- [new]
26-03-31 11:10:06.326 [Test worker] TRACE org.hibernate.orm.jdbc.bind - binding parameter (4:TIMESTAMP_UTC) <- [2026-03-31T02:10:06.316186400Z]
26-03-31 11:10:06.326 [Test worker] TRACE org.hibernate.orm.jdbc.bind - binding parameter (5:TIMESTAMP_UTC) <- [2026-03-31T02:10:06.316186400Z]
26-03-31 11:10:06.326 [Test worker] TRACE org.hibernate.orm.jdbc.bind - binding parameter (6:UUID) <- [038da7b6-980a-478f-b551-ff11d752d26d]
26-03-31 11:10:06.472 [Test worker] DEBUG org.hibernate.SQL - 
    /* [34mSELECT[0m
        m 
    [34mFROM[0m
        Message m 
    [34mWHERE[0m
        m.channel.id = :channelId 
        [34mAND[0m m.createdAt < :cursor 
    [34mORDER[0m [34mBY[0m
        m.createdAt DESC */ [34mselect[0m
            m1_0.id,
            m1_0.author_id,
            m1_0.channel_id,
            m1_0.content,
            m1_0.created_at,
            m1_0.updated_at 
        [34mfrom[0m
            messages m1_0 
        [34mwhere[0m
            m1_0.channel_id=? 
            [34mand[0m m1_0.created_at<? 
        [34morder[0m [34mby[0m
            m1_0.created_at desc 
        [34mfetch[0m
            first ? [34mrows[0m [34monly[0m
26-03-31 11:10:06.474 [Test worker] TRACE org.hibernate.orm.jdbc.bind - binding parameter (1:UUID) <- [709b6968-434e-42ef-8108-6e17e3920841]
26-03-31 11:10:06.474 [Test worker] TRACE org.hibernate.orm.jdbc.bind - binding parameter (2:TIMESTAMP_UTC) <- [2026-03-31T02:10:06.314187800Z]
26-03-31 11:10:06.475 [Test worker] TRACE org.hibernate.orm.jdbc.bind - binding parameter (3:INTEGER) <- [11]
26-03-31 11:10:06.646 [SpringApplicationShutdownHook] INFO  o.s.o.j.LocalContainerEntityManagerFactoryBean - Closing JPA EntityManagerFactory for persistence unit 'default'
26-03-31 11:10:06.647 [SpringApplicationShutdownHook] DEBUG org.hibernate.SQL - 
    [34mdrop[0m [34mtable[0m [34mif[0m [34mexists[0m binary_contents [34mcascade[0m 
26-03-31 11:10:06.652 [SpringApplicationShutdownHook] DEBUG org.hibernate.SQL - 
    [34mdrop[0m [34mtable[0m [34mif[0m [34mexists[0m channels [34mcascade[0m 
26-03-31 11:10:06.653 [SpringApplicationShutdownHook] DEBUG org.hibernate.SQL - 
    [34mdrop[0m [34mtable[0m [34mif[0m [34mexists[0m message_attachments [34mcascade[0m 
26-03-31 11:10:06.654 [SpringApplicationShutdownHook] DEBUG org.hibernate.SQL - 
    [34mdrop[0m [34mtable[0m [34mif[0m [34mexists[0m messages [34mcascade[0m 
26-03-31 11:10:06.655 [SpringApplicationShutdownHook] DEBUG org.hibernate.SQL - 
    [34mdrop[0m [34mtable[0m [34mif[0m [34mexists[0m read_statuses [34mcascade[0m 
26-03-31 11:10:06.657 [SpringApplicationShutdownHook] DEBUG org.hibernate.SQL - 
    [34mdrop[0m [34mtable[0m [34mif[0m [34mexists[0m user_statuses [34mcascade[0m 
26-03-31 11:10:06.659 [SpringApplicationShutdownHook] DEBUG org.hibernate.SQL - 
    [34mdrop[0m [34mtable[0m [34mif[0m [34mexists[0m users [34mcascade[0m 
26-03-31 11:13:13.172 [background-preinit] INFO  o.h.validator.internal.util.Version - HV000001: Hibernate Validator 8.0.3.Final
26-03-31 11:13:13.279 [Test worker] INFO  c.s.m.d.r.MessageRepositoryTest - Starting MessageRepositoryTest using Java 17.0.15 with PID 21932 (started by ASUS in C:\Users\ASUS\Desktop\dev\web\codeit_sprint_bootcamp\sprint-mission\9-sprint-mission\discodeit)
26-03-31 11:13:13.281 [Test worker] INFO  c.s.m.d.r.MessageRepositoryTest - The following 1 profile is active: "test"
26-03-31 11:13:14.392 [Test worker] INFO  o.s.d.r.c.RepositoryConfigurationDelegate - Bootstrapping Spring Data JPA repositories in DEFAULT mode.
26-03-31 11:13:14.592 [Test worker] INFO  o.s.d.r.c.RepositoryConfigurationDelegate - Finished Spring Data repository scanning in 178 ms. Found 6 JPA repository interfaces.
26-03-31 11:13:14.699 [Test worker] INFO  o.s.b.t.a.j.TestDatabaseAutoConfiguration$EmbeddedDataSourceBeanFactoryPostProcessor - Replacing 'dataSource' DataSource bean with embedded version
26-03-31 11:13:14.941 [Test worker] INFO  o.s.j.d.e.EmbeddedDatabaseFactory - Starting embedded database: url='jdbc:h2:mem:243b8ce3-2403-4635-9c57-91b5e7827240;DB_CLOSE_DELAY=-1;DB_CLOSE_ON_EXIT=false', username='sa'
26-03-31 11:13:15.545 [Test worker] INFO  o.h.jpa.internal.util.LogHelper - HHH000204: Processing PersistenceUnitInfo [name: default]
26-03-31 11:13:15.722 [Test worker] INFO  org.hibernate.Version - HHH000412: Hibernate ORM core version 6.6.41.Final
26-03-31 11:13:15.792 [Test worker] INFO  o.h.c.i.RegionFactoryInitiator - HHH000026: Second-level cache disabled
26-03-31 11:13:16.358 [Test worker] INFO  o.s.o.j.p.SpringPersistenceUnitInfo - No LoadTimeWeaver setup: ignoring JPA class transformer
26-03-31 11:13:16.456 [Test worker] WARN  org.hibernate.orm.deprecation - HHH90000025: H2Dialect does not need to be specified explicitly using 'hibernate.dialect' (remove the property setting and it will be selected by default)
26-03-31 11:13:16.500 [Test worker] INFO  o.hibernate.orm.connections.pooling - HHH10001005: Database info:
	Database JDBC URL [Connecting through datasource 'org.springframework.jdbc.datasource.embedded.EmbeddedDatabaseFactory$EmbeddedDataSourceProxy@460eb276']
	Database driver: undefined/unknown
	Database version: 2.3.232
	Autocommit mode: undefined/unknown
	Isolation level: undefined/unknown
	Minimum pool size: undefined/unknown
	Maximum pool size: undefined/unknown
26-03-31 11:13:18.269 [Test worker] INFO  o.h.e.t.j.p.i.JtaPlatformInitiator - HHH000489: No JTA platform available (set 'hibernate.transaction.jta.platform' to enable JTA platform integration)
26-03-31 11:13:18.299 [Test worker] DEBUG org.hibernate.SQL - 
    [34mdrop[0m [34mtable[0m [34mif[0m [34mexists[0m binary_contents [34mcascade[0m 
26-03-31 11:13:18.304 [Test worker] DEBUG org.hibernate.SQL - 
    [34mdrop[0m [34mtable[0m [34mif[0m [34mexists[0m channels [34mcascade[0m 
26-03-31 11:13:18.305 [Test worker] DEBUG org.hibernate.SQL - 
    [34mdrop[0m [34mtable[0m [34mif[0m [34mexists[0m message_attachments [34mcascade[0m 
26-03-31 11:13:18.306 [Test worker] DEBUG org.hibernate.SQL - 
    [34mdrop[0m [34mtable[0m [34mif[0m [34mexists[0m messages [34mcascade[0m 
26-03-31 11:13:18.307 [Test worker] DEBUG org.hibernate.SQL - 
    [34mdrop[0m [34mtable[0m [34mif[0m [34mexists[0m read_statuses [34mcascade[0m 
26-03-31 11:13:18.308 [Test worker] DEBUG org.hibernate.SQL - 
    [34mdrop[0m [34mtable[0m [34mif[0m [34mexists[0m user_statuses [34mcascade[0m 
26-03-31 11:13:18.309 [Test worker] DEBUG org.hibernate.SQL - 
    [34mdrop[0m [34mtable[0m [34mif[0m [34mexists[0m users [34mcascade[0m 
26-03-31 11:13:18.317 [Test worker] DEBUG org.hibernate.SQL - 
    [34mcreate[0m [34mtable[0m binary_contents (
        created_at [34mtimestamp[0m [34mwith[0m [34mtime[0m zone [34mnot[0m [34mnull[0m,
        size [34mbigint[0m [34mnot[0m [34mnull[0m,
        id uuid [34mnot[0m [34mnull[0m,
        content_type [34mvarchar[0m(100) [34mnot[0m [34mnull[0m,
        file_name [34mvarchar[0m(255) [34mnot[0m [34mnull[0m,
        [34mprimary[0m [34mkey[0m (id)
    )
26-03-31 11:13:18.331 [Test worker] DEBUG org.hibernate.SQL - 
    [34mcreate[0m [34mtable[0m channels (
        created_at [34mtimestamp[0m [34mwith[0m [34mtime[0m zone [34mnot[0m [34mnull[0m,
        updated_at [34mtimestamp[0m [34mwith[0m [34mtime[0m zone,
        id uuid [34mnot[0m [34mnull[0m,
        name [34mvarchar[0m(100),
        description [34mvarchar[0m(500),
        type enum ([36m'PRIVATE'[0m,[36m'PUBLIC'[0m) [34mnot[0m [34mnull[0m,
        [34mprimary[0m [34mkey[0m (id)
    )
26-03-31 11:13:18.334 [Test worker] DEBUG org.hibernate.SQL - 
    [34mcreate[0m [34mtable[0m message_attachments (
        attachment_id uuid [34mnot[0m [34mnull[0m,
        message_id uuid [34mnot[0m [34mnull[0m
    )
26-03-31 11:13:18.336 [Test worker] DEBUG org.hibernate.SQL - 
    [34mcreate[0m [34mtable[0m messages (
        created_at [34mtimestamp[0m [34mwith[0m [34mtime[0m zone [34mnot[0m [34mnull[0m,
        updated_at [34mtimestamp[0m [34mwith[0m [34mtime[0m zone,
        author_id uuid [34mnot[0m [34mnull[0m,
        channel_id uuid [34mnot[0m [34mnull[0m,
        id uuid [34mnot[0m [34mnull[0m,
        content TEXT,
        [34mprimary[0m [34mkey[0m (id)
    )
26-03-31 11:13:18.339 [Test worker] DEBUG org.hibernate.SQL - 
    [34mcreate[0m [34mtable[0m read_statuses (
        created_at [34mtimestamp[0m [34mwith[0m [34mtime[0m zone [34mnot[0m [34mnull[0m,
        last_read_at [34mtimestamp[0m(6) [34mwith[0m [34mtime[0m zone [34mnot[0m [34mnull[0m,
        updated_at [34mtimestamp[0m [34mwith[0m [34mtime[0m zone,
        channel_id uuid [34mnot[0m [34mnull[0m,
        id uuid [34mnot[0m [34mnull[0m,
        user_id uuid [34mnot[0m [34mnull[0m,
        [34mprimary[0m [34mkey[0m (id),
        [34mconstraint[0m uk_user_channel [34munique[0m (user_id, channel_id)
    )
26-03-31 11:13:18.344 [Test worker] DEBUG org.hibernate.SQL - 
    [34mcreate[0m [34mtable[0m user_statuses (
        created_at [34mtimestamp[0m [34mwith[0m [34mtime[0m zone [34mnot[0m [34mnull[0m,
        last_active_at [34mtimestamp[0m(6) [34mwith[0m [34mtime[0m zone [34mnot[0m [34mnull[0m,
        updated_at [34mtimestamp[0m [34mwith[0m [34mtime[0m zone,
        id uuid [34mnot[0m [34mnull[0m,
        user_id uuid [34munique[0m,
        [34mprimary[0m [34mkey[0m (id)
    )
26-03-31 11:13:18.348 [Test worker] DEBUG org.hibernate.SQL - 
    [34mcreate[0m [34mtable[0m users (
        created_at [34mtimestamp[0m [34mwith[0m [34mtime[0m zone [34mnot[0m [34mnull[0m,
        updated_at [34mtimestamp[0m [34mwith[0m [34mtime[0m zone,
        id uuid [34mnot[0m [34mnull[0m,
        profile_id uuid [34munique[0m,
        username [34mvarchar[0m(50) [34mnot[0m [34mnull[0m [34munique[0m,
        password [34mvarchar[0m(60) [34mnot[0m [34mnull[0m,
        email [34mvarchar[0m(100) [34mnot[0m [34mnull[0m [34munique[0m,
        [34mprimary[0m [34mkey[0m (id)
    )
26-03-31 11:13:18.355 [Test worker] DEBUG org.hibernate.SQL - 
    [34malter[0m [34mtable[0m [34mif[0m [34mexists[0m message_attachments 
       [34madd[0m [34mconstraint[0m FKsd1m8rb8jcpbcnb7rpdue7ctc 
       [34mforeign[0m [34mkey[0m (attachment_id) 
       [34mreferences[0m binary_contents
26-03-31 11:13:18.375 [Test worker] DEBUG org.hibernate.SQL - 
    [34malter[0m [34mtable[0m [34mif[0m [34mexists[0m message_attachments 
       [34madd[0m [34mconstraint[0m FKj7twd218e2gqw9cmlhwvo1rth 
       [34mforeign[0m [34mkey[0m (message_id) 
       [34mreferences[0m messages
26-03-31 11:13:18.378 [Test worker] DEBUG org.hibernate.SQL - 
    [34malter[0m [34mtable[0m [34mif[0m [34mexists[0m messages 
       [34madd[0m [34mconstraint[0m FKowtlim26svclkatusptbgi7u1 
       [34mforeign[0m [34mkey[0m (author_id) 
       [34mreferences[0m users
26-03-31 11:13:18.381 [Test worker] DEBUG org.hibernate.SQL - 
    [34malter[0m [34mtable[0m [34mif[0m [34mexists[0m messages 
       [34madd[0m [34mconstraint[0m FK3u3ckbhwq9se1cmopk2pq05b2 
       [34mforeign[0m [34mkey[0m (channel_id) 
       [34mreferences[0m channels
26-03-31 11:13:18.384 [Test worker] DEBUG org.hibernate.SQL - 
    [34malter[0m [34mtable[0m [34mif[0m [34mexists[0m read_statuses 
       [34madd[0m [34mconstraint[0m FKa38ri44ml4gfdpklx4ahqr8gd 
       [34mforeign[0m [34mkey[0m (channel_id) 
       [34mreferences[0m channels
26-03-31 11:13:18.387 [Test worker] DEBUG org.hibernate.SQL - 
    [34malter[0m [34mtable[0m [34mif[0m [34mexists[0m read_statuses 
       [34madd[0m [34mconstraint[0m FKml3k4wr9sj5yxrmj6d0aoib2e 
       [34mforeign[0m [34mkey[0m (user_id) 
       [34mreferences[0m users
26-03-31 11:13:18.390 [Test worker] DEBUG org.hibernate.SQL - 
    [34malter[0m [34mtable[0m [34mif[0m [34mexists[0m user_statuses 
       [34madd[0m [34mconstraint[0m FK4lfl3ei2ubchgcxrrpo3pw4mm 
       [34mforeign[0m [34mkey[0m (user_id) 
       [34mreferences[0m users
26-03-31 11:13:18.394 [Test worker] DEBUG org.hibernate.SQL - 
    [34malter[0m [34mtable[0m [34mif[0m [34mexists[0m users 
       [34madd[0m [34mconstraint[0m FKtbudycgrip49xdptogmhfqnso 
       [34mforeign[0m [34mkey[0m (profile_id) 
       [34mreferences[0m binary_contents
26-03-31 11:13:18.403 [Test worker] INFO  o.s.o.j.LocalContainerEntityManagerFactoryBean - Initialized JPA EntityManagerFactory for persistence unit 'default'
26-03-31 11:13:19.123 [Test worker] INFO  o.s.d.j.r.query.QueryEnhancerFactory - Hibernate is in classpath; If applicable, HQL parser will be used.
26-03-31 11:13:20.724 [Test worker] INFO  c.s.m.d.r.MessageRepositoryTest - Started MessageRepositoryTest in 8.454 seconds (process running for 10.73)
26-03-31 11:13:21.626 [Test worker] DEBUG org.hibernate.SQL - 
    /* [34minsert[0m [34mfor[0m
        com.sprint.mission.discodeit.entity.[34mUser[0m */[34minsert[0m 
    [34minto[0m
        users (created_at, email, password, profile_id, updated_at, username, id) 
    [34mvalues[0m
        (?, ?, ?, ?, ?, ?, ?)
26-03-31 11:13:21.633 [Test worker] TRACE org.hibernate.orm.jdbc.bind - binding parameter (1:TIMESTAMP_UTC) <- [2026-03-31T02:13:21.519236400Z]
26-03-31 11:13:21.641 [Test worker] TRACE org.hibernate.orm.jdbc.bind - binding parameter (2:VARCHAR) <- [test@test.com]
26-03-31 11:13:21.641 [Test worker] TRACE org.hibernate.orm.jdbc.bind - binding parameter (3:VARCHAR) <- [test]
26-03-31 11:13:21.641 [Test worker] TRACE org.hibernate.orm.jdbc.bind - binding parameter (4:UUID) <- [null]
26-03-31 11:13:21.642 [Test worker] TRACE org.hibernate.orm.jdbc.bind - binding parameter (5:TIMESTAMP_UTC) <- [2026-03-31T02:13:21.519236400Z]
26-03-31 11:13:21.642 [Test worker] TRACE org.hibernate.orm.jdbc.bind - binding parameter (6:VARCHAR) <- [test]
26-03-31 11:13:21.642 [Test worker] TRACE org.hibernate.orm.jdbc.bind - binding parameter (7:UUID) <- [748958db-d433-48ed-938f-53fbc419d78f]
26-03-31 11:13:21.662 [Test worker] DEBUG org.hibernate.SQL - 
    /* [34minsert[0m [34mfor[0m
        com.sprint.mission.discodeit.entity.Channel */[34minsert[0m 
    [34minto[0m
        channels (created_at, description, name, type, updated_at, id) 
    [34mvalues[0m
        (?, ?, ?, ?, ?, ?)
26-03-31 11:13:21.663 [Test worker] TRACE org.hibernate.orm.jdbc.bind - binding parameter (1:TIMESTAMP_UTC) <- [2026-03-31T02:13:21.578481300Z]
26-03-31 11:13:21.664 [Test worker] TRACE org.hibernate.orm.jdbc.bind - binding parameter (2:VARCHAR) <- [null]
26-03-31 11:13:21.664 [Test worker] TRACE org.hibernate.orm.jdbc.bind - binding parameter (3:VARCHAR) <- [test]
26-03-31 11:13:21.664 [Test worker] TRACE org.hibernate.orm.jdbc.bind - binding parameter (4:ENUM) <- [PUBLIC]
26-03-31 11:13:21.664 [Test worker] TRACE org.hibernate.orm.jdbc.bind - binding parameter (5:TIMESTAMP_UTC) <- [2026-03-31T02:13:21.578481300Z]
26-03-31 11:13:21.664 [Test worker] TRACE org.hibernate.orm.jdbc.bind - binding parameter (6:UUID) <- [f297a7f7-07c3-4246-aa7f-1e02d77605cf]
26-03-31 11:13:21.666 [Test worker] DEBUG org.hibernate.SQL - 
    /* [34minsert[0m [34mfor[0m
        com.sprint.mission.discodeit.entity.Message */[34minsert[0m 
    [34minto[0m
        messages (author_id, channel_id, content, created_at, updated_at, id) 
    [34mvalues[0m
        (?, ?, ?, ?, ?, ?)
26-03-31 11:13:21.667 [Test worker] TRACE org.hibernate.orm.jdbc.bind - binding parameter (1:UUID) <- [748958db-d433-48ed-938f-53fbc419d78f]
26-03-31 11:13:21.667 [Test worker] TRACE org.hibernate.orm.jdbc.bind - binding parameter (2:UUID) <- [f297a7f7-07c3-4246-aa7f-1e02d77605cf]
26-03-31 11:13:21.667 [Test worker] TRACE org.hibernate.orm.jdbc.bind - binding parameter (3:VARCHAR) <- [1]
26-03-31 11:13:21.668 [Test worker] TRACE org.hibernate.orm.jdbc.bind - binding parameter (4:TIMESTAMP_UTC) <- [2026-03-31T02:13:21.588536300Z]
26-03-31 11:13:21.668 [Test worker] TRACE org.hibernate.orm.jdbc.bind - binding parameter (5:TIMESTAMP_UTC) <- [2026-03-31T02:13:21.588536300Z]
26-03-31 11:13:21.668 [Test worker] TRACE org.hibernate.orm.jdbc.bind - binding parameter (6:UUID) <- [9e2aa4b2-9fad-456d-af9a-c0ef491adf77]
26-03-31 11:13:21.670 [Test worker] DEBUG org.hibernate.SQL - 
    /* [34minsert[0m [34mfor[0m
        com.sprint.mission.discodeit.entity.Message */[34minsert[0m 
    [34minto[0m
        messages (author_id, channel_id, content, created_at, updated_at, id) 
    [34mvalues[0m
        (?, ?, ?, ?, ?, ?)
26-03-31 11:13:21.671 [Test worker] TRACE org.hibernate.orm.jdbc.bind - binding parameter (1:UUID) <- [748958db-d433-48ed-938f-53fbc419d78f]
26-03-31 11:13:21.671 [Test worker] TRACE org.hibernate.orm.jdbc.bind - binding parameter (2:UUID) <- [f297a7f7-07c3-4246-aa7f-1e02d77605cf]
26-03-31 11:13:21.671 [Test worker] TRACE org.hibernate.orm.jdbc.bind - binding parameter (3:VARCHAR) <- [2]
26-03-31 11:13:21.671 [Test worker] TRACE org.hibernate.orm.jdbc.bind - binding parameter (4:TIMESTAMP_UTC) <- [2026-03-31T02:13:21.598060200Z]
26-03-31 11:13:21.672 [Test worker] TRACE org.hibernate.orm.jdbc.bind - binding parameter (5:TIMESTAMP_UTC) <- [2026-03-31T02:13:21.598060200Z]
26-03-31 11:13:21.672 [Test worker] TRACE org.hibernate.orm.jdbc.bind - binding parameter (6:UUID) <- [a395bb03-d49a-4ab2-8636-ad2866ff674c]
26-03-31 11:13:21.798 [Test worker] DEBUG org.hibernate.SQL - 
    /* <criteria> */ [34mselect[0m
        m1_0.id,
        m1_0.author_id,
        m1_0.channel_id,
        m1_0.content,
        m1_0.created_at,
        m1_0.updated_at 
    [34mfrom[0m
        messages m1_0 
    [34mleft[0m [34mjoin[0m
        channels c1_0 
            [34mon[0m c1_0.id=m1_0.channel_id 
    [34mwhere[0m
        c1_0.id=?
26-03-31 11:13:21.803 [Test worker] TRACE org.hibernate.orm.jdbc.bind - binding parameter (1:UUID) <- [f297a7f7-07c3-4246-aa7f-1e02d77605cf]
26-03-31 11:13:21.858 [Test worker] DEBUG org.hibernate.SQL - 
    /* [34mdelete[0m [34mfor[0m com.sprint.mission.discodeit.entity.Message */[34mdelete[0m 
    [34mfrom[0m
        messages 
    [34mwhere[0m
        id=?
26-03-31 11:13:21.859 [Test worker] TRACE org.hibernate.orm.jdbc.bind - binding parameter (1:UUID) <- [9e2aa4b2-9fad-456d-af9a-c0ef491adf77]
26-03-31 11:13:21.863 [Test worker] DEBUG org.hibernate.SQL - 
    /* [34mdelete[0m [34mfor[0m com.sprint.mission.discodeit.entity.Message */[34mdelete[0m 
    [34mfrom[0m
        messages 
    [34mwhere[0m
        id=?
26-03-31 11:13:21.864 [Test worker] TRACE org.hibernate.orm.jdbc.bind - binding parameter (1:UUID) <- [a395bb03-d49a-4ab2-8636-ad2866ff674c]
26-03-31 11:13:21.881 [Test worker] DEBUG org.hibernate.SQL - 
    /* <criteria> */ [34mselect[0m
        m1_0.id,
        m1_0.author_id,
        m1_0.channel_id,
        m1_0.content,
        m1_0.created_at,
        m1_0.updated_at 
    [34mfrom[0m
        messages m1_0
26-03-31 11:13:22.057 [SpringApplicationShutdownHook] INFO  o.s.o.j.LocalContainerEntityManagerFactoryBean - Closing JPA EntityManagerFactory for persistence unit 'default'
26-03-31 11:13:22.058 [SpringApplicationShutdownHook] DEBUG org.hibernate.SQL - 
    [34mdrop[0m [34mtable[0m [34mif[0m [34mexists[0m binary_contents [34mcascade[0m 
26-03-31 11:13:22.063 [SpringApplicationShutdownHook] DEBUG org.hibernate.SQL - 
    [34mdrop[0m [34mtable[0m [34mif[0m [34mexists[0m channels [34mcascade[0m 
26-03-31 11:13:22.065 [SpringApplicationShutdownHook] DEBUG org.hibernate.SQL - 
    [34mdrop[0m [34mtable[0m [34mif[0m [34mexists[0m message_attachments [34mcascade[0m 
26-03-31 11:13:22.066 [SpringApplicationShutdownHook] DEBUG org.hibernate.SQL - 
    [34mdrop[0m [34mtable[0m [34mif[0m [34mexists[0m messages [34mcascade[0m 
26-03-31 11:13:22.067 [SpringApplicationShutdownHook] DEBUG org.hibernate.SQL - 
    [34mdrop[0m [34mtable[0m [34mif[0m [34mexists[0m read_statuses [34mcascade[0m 
26-03-31 11:13:22.068 [SpringApplicationShutdownHook] DEBUG org.hibernate.SQL - 
    [34mdrop[0m [34mtable[0m [34mif[0m [34mexists[0m user_statuses [34mcascade[0m 
26-03-31 11:13:22.069 [SpringApplicationShutdownHook] DEBUG org.hibernate.SQL - 
    [34mdrop[0m [34mtable[0m [34mif[0m [34mexists[0m users [34mcascade[0m 
26-03-31 11:13:36.798 [background-preinit] INFO  o.h.validator.internal.util.Version - HV000001: Hibernate Validator 8.0.3.Final
26-03-31 11:13:36.905 [Test worker] INFO  c.s.m.d.r.MessageRepositoryTest - Starting MessageRepositoryTest using Java 17.0.15 with PID 3564 (started by ASUS in C:\Users\ASUS\Desktop\dev\web\codeit_sprint_bootcamp\sprint-mission\9-sprint-mission\discodeit)
26-03-31 11:13:36.907 [Test worker] INFO  c.s.m.d.r.MessageRepositoryTest - The following 1 profile is active: "test"
26-03-31 11:13:38.042 [Test worker] INFO  o.s.d.r.c.RepositoryConfigurationDelegate - Bootstrapping Spring Data JPA repositories in DEFAULT mode.
26-03-31 11:13:38.268 [Test worker] INFO  o.s.d.r.c.RepositoryConfigurationDelegate - Finished Spring Data repository scanning in 202 ms. Found 6 JPA repository interfaces.
26-03-31 11:13:38.366 [Test worker] INFO  o.s.b.t.a.j.TestDatabaseAutoConfiguration$EmbeddedDataSourceBeanFactoryPostProcessor - Replacing 'dataSource' DataSource bean with embedded version
26-03-31 11:13:38.646 [Test worker] INFO  o.s.j.d.e.EmbeddedDatabaseFactory - Starting embedded database: url='jdbc:h2:mem:d61320bf-0688-41a8-82d3-246afa5d8c9e;DB_CLOSE_DELAY=-1;DB_CLOSE_ON_EXIT=false', username='sa'
26-03-31 11:13:39.287 [Test worker] INFO  o.h.jpa.internal.util.LogHelper - HHH000204: Processing PersistenceUnitInfo [name: default]
26-03-31 11:13:39.461 [Test worker] INFO  org.hibernate.Version - HHH000412: Hibernate ORM core version 6.6.41.Final
26-03-31 11:13:39.529 [Test worker] INFO  o.h.c.i.RegionFactoryInitiator - HHH000026: Second-level cache disabled
26-03-31 11:13:40.082 [Test worker] INFO  o.s.o.j.p.SpringPersistenceUnitInfo - No LoadTimeWeaver setup: ignoring JPA class transformer
26-03-31 11:13:40.179 [Test worker] WARN  org.hibernate.orm.deprecation - HHH90000025: H2Dialect does not need to be specified explicitly using 'hibernate.dialect' (remove the property setting and it will be selected by default)
26-03-31 11:13:40.221 [Test worker] INFO  o.hibernate.orm.connections.pooling - HHH10001005: Database info:
	Database JDBC URL [Connecting through datasource 'org.springframework.jdbc.datasource.embedded.EmbeddedDatabaseFactory$EmbeddedDataSourceProxy@25464154']
	Database driver: undefined/unknown
	Database version: 2.3.232
	Autocommit mode: undefined/unknown
	Isolation level: undefined/unknown
	Minimum pool size: undefined/unknown
	Maximum pool size: undefined/unknown
26-03-31 11:13:42.022 [Test worker] INFO  o.h.e.t.j.p.i.JtaPlatformInitiator - HHH000489: No JTA platform available (set 'hibernate.transaction.jta.platform' to enable JTA platform integration)
26-03-31 11:13:42.051 [Test worker] DEBUG org.hibernate.SQL - 
    [34mdrop[0m [34mtable[0m [34mif[0m [34mexists[0m binary_contents [34mcascade[0m 
26-03-31 11:13:42.057 [Test worker] DEBUG org.hibernate.SQL - 
    [34mdrop[0m [34mtable[0m [34mif[0m [34mexists[0m channels [34mcascade[0m 
26-03-31 11:13:42.058 [Test worker] DEBUG org.hibernate.SQL - 
    [34mdrop[0m [34mtable[0m [34mif[0m [34mexists[0m message_attachments [34mcascade[0m 
26-03-31 11:13:42.059 [Test worker] DEBUG org.hibernate.SQL - 
    [34mdrop[0m [34mtable[0m [34mif[0m [34mexists[0m messages [34mcascade[0m 
26-03-31 11:13:42.059 [Test worker] DEBUG org.hibernate.SQL - 
    [34mdrop[0m [34mtable[0m [34mif[0m [34mexists[0m read_statuses [34mcascade[0m 
26-03-31 11:13:42.059 [Test worker] DEBUG org.hibernate.SQL - 
    [34mdrop[0m [34mtable[0m [34mif[0m [34mexists[0m user_statuses [34mcascade[0m 
26-03-31 11:13:42.061 [Test worker] DEBUG org.hibernate.SQL - 
    [34mdrop[0m [34mtable[0m [34mif[0m [34mexists[0m users [34mcascade[0m 
26-03-31 11:13:42.070 [Test worker] DEBUG org.hibernate.SQL - 
    [34mcreate[0m [34mtable[0m binary_contents (
        created_at [34mtimestamp[0m [34mwith[0m [34mtime[0m zone [34mnot[0m [34mnull[0m,
        size [34mbigint[0m [34mnot[0m [34mnull[0m,
        id uuid [34mnot[0m [34mnull[0m,
        content_type [34mvarchar[0m(100) [34mnot[0m [34mnull[0m,
        file_name [34mvarchar[0m(255) [34mnot[0m [34mnull[0m,
        [34mprimary[0m [34mkey[0m (id)
    )
26-03-31 11:13:42.083 [Test worker] DEBUG org.hibernate.SQL - 
    [34mcreate[0m [34mtable[0m channels (
        created_at [34mtimestamp[0m [34mwith[0m [34mtime[0m zone [34mnot[0m [34mnull[0m,
        updated_at [34mtimestamp[0m [34mwith[0m [34mtime[0m zone,
        id uuid [34mnot[0m [34mnull[0m,
        name [34mvarchar[0m(100),
        description [34mvarchar[0m(500),
        type enum ([36m'PRIVATE'[0m,[36m'PUBLIC'[0m) [34mnot[0m [34mnull[0m,
        [34mprimary[0m [34mkey[0m (id)
    )
26-03-31 11:13:42.087 [Test worker] DEBUG org.hibernate.SQL - 
    [34mcreate[0m [34mtable[0m message_attachments (
        attachment_id uuid [34mnot[0m [34mnull[0m,
        message_id uuid [34mnot[0m [34mnull[0m
    )
26-03-31 11:13:42.089 [Test worker] DEBUG org.hibernate.SQL - 
    [34mcreate[0m [34mtable[0m messages (
        created_at [34mtimestamp[0m [34mwith[0m [34mtime[0m zone [34mnot[0m [34mnull[0m,
        updated_at [34mtimestamp[0m [34mwith[0m [34mtime[0m zone,
        author_id uuid [34mnot[0m [34mnull[0m,
        channel_id uuid [34mnot[0m [34mnull[0m,
        id uuid [34mnot[0m [34mnull[0m,
        content TEXT,
        [34mprimary[0m [34mkey[0m (id)
    )
26-03-31 11:13:42.092 [Test worker] DEBUG org.hibernate.SQL - 
    [34mcreate[0m [34mtable[0m read_statuses (
        created_at [34mtimestamp[0m [34mwith[0m [34mtime[0m zone [34mnot[0m [34mnull[0m,
        last_read_at [34mtimestamp[0m(6) [34mwith[0m [34mtime[0m zone [34mnot[0m [34mnull[0m,
        updated_at [34mtimestamp[0m [34mwith[0m [34mtime[0m zone,
        channel_id uuid [34mnot[0m [34mnull[0m,
        id uuid [34mnot[0m [34mnull[0m,
        user_id uuid [34mnot[0m [34mnull[0m,
        [34mprimary[0m [34mkey[0m (id),
        [34mconstraint[0m uk_user_channel [34munique[0m (user_id, channel_id)
    )
26-03-31 11:13:42.096 [Test worker] DEBUG org.hibernate.SQL - 
    [34mcreate[0m [34mtable[0m user_statuses (
        created_at [34mtimestamp[0m [34mwith[0m [34mtime[0m zone [34mnot[0m [34mnull[0m,
        last_active_at [34mtimestamp[0m(6) [34mwith[0m [34mtime[0m zone [34mnot[0m [34mnull[0m,
        updated_at [34mtimestamp[0m [34mwith[0m [34mtime[0m zone,
        id uuid [34mnot[0m [34mnull[0m,
        user_id uuid [34munique[0m,
        [34mprimary[0m [34mkey[0m (id)
    )
26-03-31 11:13:42.099 [Test worker] DEBUG org.hibernate.SQL - 
    [34mcreate[0m [34mtable[0m users (
        created_at [34mtimestamp[0m [34mwith[0m [34mtime[0m zone [34mnot[0m [34mnull[0m,
        updated_at [34mtimestamp[0m [34mwith[0m [34mtime[0m zone,
        id uuid [34mnot[0m [34mnull[0m,
        profile_id uuid [34munique[0m,
        username [34mvarchar[0m(50) [34mnot[0m [34mnull[0m [34munique[0m,
        password [34mvarchar[0m(60) [34mnot[0m [34mnull[0m,
        email [34mvarchar[0m(100) [34mnot[0m [34mnull[0m [34munique[0m,
        [34mprimary[0m [34mkey[0m (id)
    )
26-03-31 11:13:42.107 [Test worker] DEBUG org.hibernate.SQL - 
    [34malter[0m [34mtable[0m [34mif[0m [34mexists[0m message_attachments 
       [34madd[0m [34mconstraint[0m FKsd1m8rb8jcpbcnb7rpdue7ctc 
       [34mforeign[0m [34mkey[0m (attachment_id) 
       [34mreferences[0m binary_contents
26-03-31 11:13:42.128 [Test worker] DEBUG org.hibernate.SQL - 
    [34malter[0m [34mtable[0m [34mif[0m [34mexists[0m message_attachments 
       [34madd[0m [34mconstraint[0m FKj7twd218e2gqw9cmlhwvo1rth 
       [34mforeign[0m [34mkey[0m (message_id) 
       [34mreferences[0m messages
26-03-31 11:13:42.132 [Test worker] DEBUG org.hibernate.SQL - 
    [34malter[0m [34mtable[0m [34mif[0m [34mexists[0m messages 
       [34madd[0m [34mconstraint[0m FKowtlim26svclkatusptbgi7u1 
       [34mforeign[0m [34mkey[0m (author_id) 
       [34mreferences[0m users
26-03-31 11:13:42.135 [Test worker] DEBUG org.hibernate.SQL - 
    [34malter[0m [34mtable[0m [34mif[0m [34mexists[0m messages 
       [34madd[0m [34mconstraint[0m FK3u3ckbhwq9se1cmopk2pq05b2 
       [34mforeign[0m [34mkey[0m (channel_id) 
       [34mreferences[0m channels
26-03-31 11:13:42.138 [Test worker] DEBUG org.hibernate.SQL - 
    [34malter[0m [34mtable[0m [34mif[0m [34mexists[0m read_statuses 
       [34madd[0m [34mconstraint[0m FKa38ri44ml4gfdpklx4ahqr8gd 
       [34mforeign[0m [34mkey[0m (channel_id) 
       [34mreferences[0m channels
26-03-31 11:13:42.141 [Test worker] DEBUG org.hibernate.SQL - 
    [34malter[0m [34mtable[0m [34mif[0m [34mexists[0m read_statuses 
       [34madd[0m [34mconstraint[0m FKml3k4wr9sj5yxrmj6d0aoib2e 
       [34mforeign[0m [34mkey[0m (user_id) 
       [34mreferences[0m users
26-03-31 11:13:42.145 [Test worker] DEBUG org.hibernate.SQL - 
    [34malter[0m [34mtable[0m [34mif[0m [34mexists[0m user_statuses 
       [34madd[0m [34mconstraint[0m FK4lfl3ei2ubchgcxrrpo3pw4mm 
       [34mforeign[0m [34mkey[0m (user_id) 
       [34mreferences[0m users
26-03-31 11:13:42.147 [Test worker] DEBUG org.hibernate.SQL - 
    [34malter[0m [34mtable[0m [34mif[0m [34mexists[0m users 
       [34madd[0m [34mconstraint[0m FKtbudycgrip49xdptogmhfqnso 
       [34mforeign[0m [34mkey[0m (profile_id) 
       [34mreferences[0m binary_contents
26-03-31 11:13:42.156 [Test worker] INFO  o.s.o.j.LocalContainerEntityManagerFactoryBean - Initialized JPA EntityManagerFactory for persistence unit 'default'
26-03-31 11:13:43.046 [Test worker] INFO  o.s.d.j.r.query.QueryEnhancerFactory - Hibernate is in classpath; If applicable, HQL parser will be used.
26-03-31 11:13:44.263 [Test worker] INFO  c.s.m.d.r.MessageRepositoryTest - Started MessageRepositoryTest in 8.361 seconds (process running for 10.637)
26-03-31 11:13:45.069 [Test worker] DEBUG org.hibernate.SQL - 
    /* [34minsert[0m [34mfor[0m
        com.sprint.mission.discodeit.entity.[34mUser[0m */[34minsert[0m 
    [34minto[0m
        users (created_at, email, password, profile_id, updated_at, username, id) 
    [34mvalues[0m
        (?, ?, ?, ?, ?, ?, ?)
26-03-31 11:13:45.078 [Test worker] TRACE org.hibernate.orm.jdbc.bind - binding parameter (1:TIMESTAMP_UTC) <- [2026-03-31T02:13:44.968763400Z]
26-03-31 11:13:45.085 [Test worker] TRACE org.hibernate.orm.jdbc.bind - binding parameter (2:VARCHAR) <- [test@test.com]
26-03-31 11:13:45.086 [Test worker] TRACE org.hibernate.orm.jdbc.bind - binding parameter (3:VARCHAR) <- [test]
26-03-31 11:13:45.086 [Test worker] TRACE org.hibernate.orm.jdbc.bind - binding parameter (4:UUID) <- [null]
26-03-31 11:13:45.086 [Test worker] TRACE org.hibernate.orm.jdbc.bind - binding parameter (5:TIMESTAMP_UTC) <- [2026-03-31T02:13:44.968763400Z]
26-03-31 11:13:45.086 [Test worker] TRACE org.hibernate.orm.jdbc.bind - binding parameter (6:VARCHAR) <- [test]
26-03-31 11:13:45.087 [Test worker] TRACE org.hibernate.orm.jdbc.bind - binding parameter (7:UUID) <- [bc4318e7-2294-4c8c-b32a-3866d39b75f0]
26-03-31 11:13:45.106 [Test worker] DEBUG org.hibernate.SQL - 
    /* [34minsert[0m [34mfor[0m
        com.sprint.mission.discodeit.entity.Channel */[34minsert[0m 
    [34minto[0m
        channels (created_at, description, name, type, updated_at, id) 
    [34mvalues[0m
        (?, ?, ?, ?, ?, ?)
26-03-31 11:13:45.107 [Test worker] TRACE org.hibernate.orm.jdbc.bind - binding parameter (1:TIMESTAMP_UTC) <- [2026-03-31T02:13:45.027125900Z]
26-03-31 11:13:45.108 [Test worker] TRACE org.hibernate.orm.jdbc.bind - binding parameter (2:VARCHAR) <- [null]
26-03-31 11:13:45.108 [Test worker] TRACE org.hibernate.orm.jdbc.bind - binding parameter (3:VARCHAR) <- [test]
26-03-31 11:13:45.108 [Test worker] TRACE org.hibernate.orm.jdbc.bind - binding parameter (4:ENUM) <- [PUBLIC]
26-03-31 11:13:45.108 [Test worker] TRACE org.hibernate.orm.jdbc.bind - binding parameter (5:TIMESTAMP_UTC) <- [2026-03-31T02:13:45.027125900Z]
26-03-31 11:13:45.108 [Test worker] TRACE org.hibernate.orm.jdbc.bind - binding parameter (6:UUID) <- [0026717c-20e3-4623-814d-dd58380c923d]
26-03-31 11:13:45.109 [Test worker] DEBUG org.hibernate.SQL - 
    /* [34minsert[0m [34mfor[0m
        com.sprint.mission.discodeit.entity.Message */[34minsert[0m 
    [34minto[0m
        messages (author_id, channel_id, content, created_at, updated_at, id) 
    [34mvalues[0m
        (?, ?, ?, ?, ?, ?)
26-03-31 11:13:45.111 [Test worker] TRACE org.hibernate.orm.jdbc.bind - binding parameter (1:UUID) <- [bc4318e7-2294-4c8c-b32a-3866d39b75f0]
26-03-31 11:13:45.111 [Test worker] TRACE org.hibernate.orm.jdbc.bind - binding parameter (2:UUID) <- [0026717c-20e3-4623-814d-dd58380c923d]
26-03-31 11:13:45.112 [Test worker] TRACE org.hibernate.orm.jdbc.bind - binding parameter (3:VARCHAR) <- [1]
26-03-31 11:13:45.112 [Test worker] TRACE org.hibernate.orm.jdbc.bind - binding parameter (4:TIMESTAMP_UTC) <- [2026-03-31T02:13:45.033645100Z]
26-03-31 11:13:45.112 [Test worker] TRACE org.hibernate.orm.jdbc.bind - binding parameter (5:TIMESTAMP_UTC) <- [2026-03-31T02:13:45.033645100Z]
26-03-31 11:13:45.112 [Test worker] TRACE org.hibernate.orm.jdbc.bind - binding parameter (6:UUID) <- [d682baca-ee26-4ac0-ad3f-6d678963c0b7]
26-03-31 11:13:45.114 [Test worker] DEBUG org.hibernate.SQL - 
    /* [34minsert[0m [34mfor[0m
        com.sprint.mission.discodeit.entity.Message */[34minsert[0m 
    [34minto[0m
        messages (author_id, channel_id, content, created_at, updated_at, id) 
    [34mvalues[0m
        (?, ?, ?, ?, ?, ?)
26-03-31 11:13:45.114 [Test worker] TRACE org.hibernate.orm.jdbc.bind - binding parameter (1:UUID) <- [bc4318e7-2294-4c8c-b32a-3866d39b75f0]
26-03-31 11:13:45.115 [Test worker] TRACE org.hibernate.orm.jdbc.bind - binding parameter (2:UUID) <- [0026717c-20e3-4623-814d-dd58380c923d]
26-03-31 11:13:45.115 [Test worker] TRACE org.hibernate.orm.jdbc.bind - binding parameter (3:VARCHAR) <- [2]
26-03-31 11:13:45.115 [Test worker] TRACE org.hibernate.orm.jdbc.bind - binding parameter (4:TIMESTAMP_UTC) <- [2026-03-31T02:13:45.043740200Z]
26-03-31 11:13:45.115 [Test worker] TRACE org.hibernate.orm.jdbc.bind - binding parameter (5:TIMESTAMP_UTC) <- [2026-03-31T02:13:45.043740200Z]
26-03-31 11:13:45.116 [Test worker] TRACE org.hibernate.orm.jdbc.bind - binding parameter (6:UUID) <- [c86ecaaa-a2a8-428b-867c-fa990753ff02]
26-03-31 11:13:45.232 [Test worker] DEBUG org.hibernate.SQL - 
    /* <criteria> */ [34mselect[0m
        m1_0.id,
        m1_0.author_id,
        m1_0.channel_id,
        m1_0.content,
        m1_0.created_at,
        m1_0.updated_at 
    [34mfrom[0m
        messages m1_0 
    [34mleft[0m [34mjoin[0m
        channels c1_0 
            [34mon[0m c1_0.id=m1_0.channel_id 
    [34mwhere[0m
        c1_0.id=?
26-03-31 11:13:45.236 [Test worker] TRACE org.hibernate.orm.jdbc.bind - binding parameter (1:UUID) <- [0026717c-20e3-4623-814d-dd58380c923d]
26-03-31 11:13:45.286 [Test worker] DEBUG org.hibernate.SQL - 
    /* [34mdelete[0m [34mfor[0m com.sprint.mission.discodeit.entity.Message */[34mdelete[0m 
    [34mfrom[0m
        messages 
    [34mwhere[0m
        id=?
26-03-31 11:13:45.287 [Test worker] TRACE org.hibernate.orm.jdbc.bind - binding parameter (1:UUID) <- [d682baca-ee26-4ac0-ad3f-6d678963c0b7]
26-03-31 11:13:45.291 [Test worker] DEBUG org.hibernate.SQL - 
    /* [34mdelete[0m [34mfor[0m com.sprint.mission.discodeit.entity.Message */[34mdelete[0m 
    [34mfrom[0m
        messages 
    [34mwhere[0m
        id=?
26-03-31 11:13:45.292 [Test worker] TRACE org.hibernate.orm.jdbc.bind - binding parameter (1:UUID) <- [c86ecaaa-a2a8-428b-867c-fa990753ff02]
26-03-31 11:13:45.308 [Test worker] DEBUG org.hibernate.SQL - 
    /* <criteria> */ [34mselect[0m
        m1_0.id,
        m1_0.author_id,
        m1_0.channel_id,
        m1_0.content,
        m1_0.created_at,
        m1_0.updated_at 
    [34mfrom[0m
        messages m1_0
26-03-31 11:13:45.452 [Test worker] DEBUG org.hibernate.SQL - 
    /* [34minsert[0m [34mfor[0m
        com.sprint.mission.discodeit.entity.[34mUser[0m */[34minsert[0m 
    [34minto[0m
        users (created_at, email, password, profile_id, updated_at, username, id) 
    [34mvalues[0m
        (?, ?, ?, ?, ?, ?, ?)
26-03-31 11:13:45.453 [Test worker] TRACE org.hibernate.orm.jdbc.bind - binding parameter (1:TIMESTAMP_UTC) <- [2026-03-31T02:13:45.449703200Z]
26-03-31 11:13:45.453 [Test worker] TRACE org.hibernate.orm.jdbc.bind - binding parameter (2:VARCHAR) <- [test@test.com]
26-03-31 11:13:45.453 [Test worker] TRACE org.hibernate.orm.jdbc.bind - binding parameter (3:VARCHAR) <- [test]
26-03-31 11:13:45.453 [Test worker] TRACE org.hibernate.orm.jdbc.bind - binding parameter (4:UUID) <- [null]
26-03-31 11:13:45.453 [Test worker] TRACE org.hibernate.orm.jdbc.bind - binding parameter (5:TIMESTAMP_UTC) <- [2026-03-31T02:13:45.449703200Z]
26-03-31 11:13:45.453 [Test worker] TRACE org.hibernate.orm.jdbc.bind - binding parameter (6:VARCHAR) <- [test]
26-03-31 11:13:45.454 [Test worker] TRACE org.hibernate.orm.jdbc.bind - binding parameter (7:UUID) <- [6799f371-a4e5-445f-ae9b-89af502ad8f5]
26-03-31 11:13:45.457 [Test worker] DEBUG org.hibernate.SQL - 
    /* [34minsert[0m [34mfor[0m
        com.sprint.mission.discodeit.entity.Channel */[34minsert[0m 
    [34minto[0m
        channels (created_at, description, name, type, updated_at, id) 
    [34mvalues[0m
        (?, ?, ?, ?, ?, ?)
26-03-31 11:13:45.457 [Test worker] TRACE org.hibernate.orm.jdbc.bind - binding parameter (1:TIMESTAMP_UTC) <- [2026-03-31T02:13:45.450702600Z]
26-03-31 11:13:45.458 [Test worker] TRACE org.hibernate.orm.jdbc.bind - binding parameter (2:VARCHAR) <- [null]
26-03-31 11:13:45.458 [Test worker] TRACE org.hibernate.orm.jdbc.bind - binding parameter (3:VARCHAR) <- [test]
26-03-31 11:13:45.459 [Test worker] TRACE org.hibernate.orm.jdbc.bind - binding parameter (4:ENUM) <- [PUBLIC]
26-03-31 11:13:45.459 [Test worker] TRACE org.hibernate.orm.jdbc.bind - binding parameter (5:TIMESTAMP_UTC) <- [2026-03-31T02:13:45.450702600Z]
26-03-31 11:13:45.459 [Test worker] TRACE org.hibernate.orm.jdbc.bind - binding parameter (6:UUID) <- [95b28bde-c8f2-4258-95cb-c51fbbfcd263]
26-03-31 11:13:45.461 [Test worker] DEBUG org.hibernate.SQL - 
    /* [34minsert[0m [34mfor[0m
        com.sprint.mission.discodeit.entity.Message */[34minsert[0m 
    [34minto[0m
        messages (author_id, channel_id, content, created_at, updated_at, id) 
    [34mvalues[0m
        (?, ?, ?, ?, ?, ?)
26-03-31 11:13:45.461 [Test worker] TRACE org.hibernate.orm.jdbc.bind - binding parameter (1:UUID) <- [6799f371-a4e5-445f-ae9b-89af502ad8f5]
26-03-31 11:13:45.461 [Test worker] TRACE org.hibernate.orm.jdbc.bind - binding parameter (2:UUID) <- [95b28bde-c8f2-4258-95cb-c51fbbfcd263]
26-03-31 11:13:45.462 [Test worker] TRACE org.hibernate.orm.jdbc.bind - binding parameter (3:VARCHAR) <- [old]
26-03-31 11:13:45.462 [Test worker] TRACE org.hibernate.orm.jdbc.bind - binding parameter (4:TIMESTAMP_UTC) <- [2026-03-31T02:13:45.450702600Z]
26-03-31 11:13:45.462 [Test worker] TRACE org.hibernate.orm.jdbc.bind - binding parameter (5:TIMESTAMP_UTC) <- [2026-03-31T02:13:45.450702600Z]
26-03-31 11:13:45.462 [Test worker] TRACE org.hibernate.orm.jdbc.bind - binding parameter (6:UUID) <- [3d46b61a-8d4e-4779-bdf3-c6e0113a2269]
26-03-31 11:13:45.463 [Test worker] DEBUG org.hibernate.SQL - 
    /* [34minsert[0m [34mfor[0m
        com.sprint.mission.discodeit.entity.Message */[34minsert[0m 
    [34minto[0m
        messages (author_id, channel_id, content, created_at, updated_at, id) 
    [34mvalues[0m
        (?, ?, ?, ?, ?, ?)
26-03-31 11:13:45.464 [Test worker] TRACE org.hibernate.orm.jdbc.bind - binding parameter (1:UUID) <- [6799f371-a4e5-445f-ae9b-89af502ad8f5]
26-03-31 11:13:45.464 [Test worker] TRACE org.hibernate.orm.jdbc.bind - binding parameter (2:UUID) <- [95b28bde-c8f2-4258-95cb-c51fbbfcd263]
26-03-31 11:13:45.464 [Test worker] TRACE org.hibernate.orm.jdbc.bind - binding parameter (3:VARCHAR) <- [new]
26-03-31 11:13:45.465 [Test worker] TRACE org.hibernate.orm.jdbc.bind - binding parameter (4:TIMESTAMP_UTC) <- [2026-03-31T02:13:45.451705500Z]
26-03-31 11:13:45.465 [Test worker] TRACE org.hibernate.orm.jdbc.bind - binding parameter (5:TIMESTAMP_UTC) <- [2026-03-31T02:13:45.451705500Z]
26-03-31 11:13:45.465 [Test worker] TRACE org.hibernate.orm.jdbc.bind - binding parameter (6:UUID) <- [6e513c77-ea5f-4a23-820c-cb004b86e60e]
26-03-31 11:13:45.486 [Test worker] DEBUG org.hibernate.SQL - 
    /* [34mSELECT[0m
        m 
    [34mFROM[0m
        Message m 
    [34mWHERE[0m
        m.channel.id = :channelId 
        [34mAND[0m m.createdAt < :cursor 
    [34mORDER[0m [34mBY[0m
        m.createdAt DESC */ [34mselect[0m
            m1_0.id,
            m1_0.author_id,
            m1_0.channel_id,
            m1_0.content,
            m1_0.created_at,
            m1_0.updated_at 
        [34mfrom[0m
            messages m1_0 
        [34mwhere[0m
            m1_0.channel_id=? 
            [34mand[0m m1_0.created_at<? 
        [34morder[0m [34mby[0m
            m1_0.created_at desc 
        [34mfetch[0m
            first ? [34mrows[0m [34monly[0m
26-03-31 11:13:45.488 [Test worker] TRACE org.hibernate.orm.jdbc.bind - binding parameter (1:UUID) <- [95b28bde-c8f2-4258-95cb-c51fbbfcd263]
26-03-31 11:13:45.488 [Test worker] TRACE org.hibernate.orm.jdbc.bind - binding parameter (2:TIMESTAMP_UTC) <- [2026-03-31T02:13:45.450702600Z]
26-03-31 11:13:45.488 [Test worker] TRACE org.hibernate.orm.jdbc.bind - binding parameter (3:INTEGER) <- [11]
26-03-31 11:13:45.541 [SpringApplicationShutdownHook] INFO  o.s.o.j.LocalContainerEntityManagerFactoryBean - Closing JPA EntityManagerFactory for persistence unit 'default'
26-03-31 11:13:45.542 [SpringApplicationShutdownHook] DEBUG org.hibernate.SQL - 
    [34mdrop[0m [34mtable[0m [34mif[0m [34mexists[0m binary_contents [34mcascade[0m 
26-03-31 11:13:45.546 [SpringApplicationShutdownHook] DEBUG org.hibernate.SQL - 
    [34mdrop[0m [34mtable[0m [34mif[0m [34mexists[0m channels [34mcascade[0m 
26-03-31 11:13:45.548 [SpringApplicationShutdownHook] DEBUG org.hibernate.SQL - 
    [34mdrop[0m [34mtable[0m [34mif[0m [34mexists[0m message_attachments [34mcascade[0m 
26-03-31 11:13:45.549 [SpringApplicationShutdownHook] DEBUG org.hibernate.SQL - 
    [34mdrop[0m [34mtable[0m [34mif[0m [34mexists[0m messages [34mcascade[0m 
26-03-31 11:13:45.550 [SpringApplicationShutdownHook] DEBUG org.hibernate.SQL - 
    [34mdrop[0m [34mtable[0m [34mif[0m [34mexists[0m read_statuses [34mcascade[0m 
26-03-31 11:13:45.551 [SpringApplicationShutdownHook] DEBUG org.hibernate.SQL - 
    [34mdrop[0m [34mtable[0m [34mif[0m [34mexists[0m user_statuses [34mcascade[0m 
26-03-31 11:13:45.552 [SpringApplicationShutdownHook] DEBUG org.hibernate.SQL - 
    [34mdrop[0m [34mtable[0m [34mif[0m [34mexists[0m users [34mcascade[0m 
26-03-31 11:16:08.187 [background-preinit] INFO  o.h.validator.internal.util.Version - HV000001: Hibernate Validator 8.0.3.Final
26-03-31 11:16:08.293 [Test worker] INFO  c.s.m.d.r.MessageRepositoryTest - Starting MessageRepositoryTest using Java 17.0.15 with PID 6584 (started by ASUS in C:\Users\ASUS\Desktop\dev\web\codeit_sprint_bootcamp\sprint-mission\9-sprint-mission\discodeit)
26-03-31 11:16:08.296 [Test worker] INFO  c.s.m.d.r.MessageRepositoryTest - The following 1 profile is active: "test"
26-03-31 11:16:09.344 [Test worker] INFO  o.s.d.r.c.RepositoryConfigurationDelegate - Bootstrapping Spring Data JPA repositories in DEFAULT mode.
26-03-31 11:16:09.550 [Test worker] INFO  o.s.d.r.c.RepositoryConfigurationDelegate - Finished Spring Data repository scanning in 177 ms. Found 6 JPA repository interfaces.
26-03-31 11:16:09.654 [Test worker] INFO  o.s.b.t.a.j.TestDatabaseAutoConfiguration$EmbeddedDataSourceBeanFactoryPostProcessor - Replacing 'dataSource' DataSource bean with embedded version
26-03-31 11:16:09.896 [Test worker] INFO  o.s.j.d.e.EmbeddedDatabaseFactory - Starting embedded database: url='jdbc:h2:mem:e504b2f4-a389-4067-b4e0-31ea90648ab6;DB_CLOSE_DELAY=-1;DB_CLOSE_ON_EXIT=false', username='sa'
26-03-31 11:16:10.442 [Test worker] INFO  o.h.jpa.internal.util.LogHelper - HHH000204: Processing PersistenceUnitInfo [name: default]
26-03-31 11:16:10.615 [Test worker] INFO  org.hibernate.Version - HHH000412: Hibernate ORM core version 6.6.41.Final
26-03-31 11:16:10.685 [Test worker] INFO  o.h.c.i.RegionFactoryInitiator - HHH000026: Second-level cache disabled
26-03-31 11:16:11.286 [Test worker] INFO  o.s.o.j.p.SpringPersistenceUnitInfo - No LoadTimeWeaver setup: ignoring JPA class transformer
26-03-31 11:16:11.371 [Test worker] WARN  org.hibernate.orm.deprecation - HHH90000025: H2Dialect does not need to be specified explicitly using 'hibernate.dialect' (remove the property setting and it will be selected by default)
26-03-31 11:16:11.411 [Test worker] INFO  o.hibernate.orm.connections.pooling - HHH10001005: Database info:
	Database JDBC URL [Connecting through datasource 'org.springframework.jdbc.datasource.embedded.EmbeddedDatabaseFactory$EmbeddedDataSourceProxy@6cd7f381']
	Database driver: undefined/unknown
	Database version: 2.3.232
	Autocommit mode: undefined/unknown
	Isolation level: undefined/unknown
	Minimum pool size: undefined/unknown
	Maximum pool size: undefined/unknown
26-03-31 11:16:13.166 [Test worker] INFO  o.h.e.t.j.p.i.JtaPlatformInitiator - HHH000489: No JTA platform available (set 'hibernate.transaction.jta.platform' to enable JTA platform integration)
26-03-31 11:16:13.194 [Test worker] DEBUG org.hibernate.SQL - 
    [34mdrop[0m [34mtable[0m [34mif[0m [34mexists[0m binary_contents [34mcascade[0m 
26-03-31 11:16:13.200 [Test worker] DEBUG org.hibernate.SQL - 
    [34mdrop[0m [34mtable[0m [34mif[0m [34mexists[0m channels [34mcascade[0m 
26-03-31 11:16:13.202 [Test worker] DEBUG org.hibernate.SQL - 
    [34mdrop[0m [34mtable[0m [34mif[0m [34mexists[0m message_attachments [34mcascade[0m 
26-03-31 11:16:13.203 [Test worker] DEBUG org.hibernate.SQL - 
    [34mdrop[0m [34mtable[0m [34mif[0m [34mexists[0m messages [34mcascade[0m 
26-03-31 11:16:13.203 [Test worker] DEBUG org.hibernate.SQL - 
    [34mdrop[0m [34mtable[0m [34mif[0m [34mexists[0m read_statuses [34mcascade[0m 
26-03-31 11:16:13.204 [Test worker] DEBUG org.hibernate.SQL - 
    [34mdrop[0m [34mtable[0m [34mif[0m [34mexists[0m user_statuses [34mcascade[0m 
26-03-31 11:16:13.205 [Test worker] DEBUG org.hibernate.SQL - 
    [34mdrop[0m [34mtable[0m [34mif[0m [34mexists[0m users [34mcascade[0m 
26-03-31 11:16:13.214 [Test worker] DEBUG org.hibernate.SQL - 
    [34mcreate[0m [34mtable[0m binary_contents (
        created_at [34mtimestamp[0m [34mwith[0m [34mtime[0m zone [34mnot[0m [34mnull[0m,
        size [34mbigint[0m [34mnot[0m [34mnull[0m,
        id uuid [34mnot[0m [34mnull[0m,
        content_type [34mvarchar[0m(100) [34mnot[0m [34mnull[0m,
        file_name [34mvarchar[0m(255) [34mnot[0m [34mnull[0m,
        [34mprimary[0m [34mkey[0m (id)
    )
26-03-31 11:16:13.227 [Test worker] DEBUG org.hibernate.SQL - 
    [34mcreate[0m [34mtable[0m channels (
        created_at [34mtimestamp[0m [34mwith[0m [34mtime[0m zone [34mnot[0m [34mnull[0m,
        updated_at [34mtimestamp[0m [34mwith[0m [34mtime[0m zone,
        id uuid [34mnot[0m [34mnull[0m,
        name [34mvarchar[0m(100),
        description [34mvarchar[0m(500),
        type enum ([36m'PRIVATE'[0m,[36m'PUBLIC'[0m) [34mnot[0m [34mnull[0m,
        [34mprimary[0m [34mkey[0m (id)
    )
26-03-31 11:16:13.230 [Test worker] DEBUG org.hibernate.SQL - 
    [34mcreate[0m [34mtable[0m message_attachments (
        attachment_id uuid [34mnot[0m [34mnull[0m,
        message_id uuid [34mnot[0m [34mnull[0m
    )
26-03-31 11:16:13.233 [Test worker] DEBUG org.hibernate.SQL - 
    [34mcreate[0m [34mtable[0m messages (
        created_at [34mtimestamp[0m [34mwith[0m [34mtime[0m zone [34mnot[0m [34mnull[0m,
        updated_at [34mtimestamp[0m [34mwith[0m [34mtime[0m zone,
        author_id uuid [34mnot[0m [34mnull[0m,
        channel_id uuid [34mnot[0m [34mnull[0m,
        id uuid [34mnot[0m [34mnull[0m,
        content TEXT,
        [34mprimary[0m [34mkey[0m (id)
    )
26-03-31 11:16:13.236 [Test worker] DEBUG org.hibernate.SQL - 
    [34mcreate[0m [34mtable[0m read_statuses (
        created_at [34mtimestamp[0m [34mwith[0m [34mtime[0m zone [34mnot[0m [34mnull[0m,
        last_read_at [34mtimestamp[0m(6) [34mwith[0m [34mtime[0m zone [34mnot[0m [34mnull[0m,
        updated_at [34mtimestamp[0m [34mwith[0m [34mtime[0m zone,
        channel_id uuid [34mnot[0m [34mnull[0m,
        id uuid [34mnot[0m [34mnull[0m,
        user_id uuid [34mnot[0m [34mnull[0m,
        [34mprimary[0m [34mkey[0m (id),
        [34mconstraint[0m uk_user_channel [34munique[0m (user_id, channel_id)
    )
26-03-31 11:16:13.241 [Test worker] DEBUG org.hibernate.SQL - 
    [34mcreate[0m [34mtable[0m user_statuses (
        created_at [34mtimestamp[0m [34mwith[0m [34mtime[0m zone [34mnot[0m [34mnull[0m,
        last_active_at [34mtimestamp[0m(6) [34mwith[0m [34mtime[0m zone [34mnot[0m [34mnull[0m,
        updated_at [34mtimestamp[0m [34mwith[0m [34mtime[0m zone,
        id uuid [34mnot[0m [34mnull[0m,
        user_id uuid [34munique[0m,
        [34mprimary[0m [34mkey[0m (id)
    )
26-03-31 11:16:13.244 [Test worker] DEBUG org.hibernate.SQL - 
    [34mcreate[0m [34mtable[0m users (
        created_at [34mtimestamp[0m [34mwith[0m [34mtime[0m zone [34mnot[0m [34mnull[0m,
        updated_at [34mtimestamp[0m [34mwith[0m [34mtime[0m zone,
        id uuid [34mnot[0m [34mnull[0m,
        profile_id uuid [34munique[0m,
        username [34mvarchar[0m(50) [34mnot[0m [34mnull[0m [34munique[0m,
        password [34mvarchar[0m(60) [34mnot[0m [34mnull[0m,
        email [34mvarchar[0m(100) [34mnot[0m [34mnull[0m [34munique[0m,
        [34mprimary[0m [34mkey[0m (id)
    )
26-03-31 11:16:13.250 [Test worker] DEBUG org.hibernate.SQL - 
    [34malter[0m [34mtable[0m [34mif[0m [34mexists[0m message_attachments 
       [34madd[0m [34mconstraint[0m FKsd1m8rb8jcpbcnb7rpdue7ctc 
       [34mforeign[0m [34mkey[0m (attachment_id) 
       [34mreferences[0m binary_contents
26-03-31 11:16:13.270 [Test worker] DEBUG org.hibernate.SQL - 
    [34malter[0m [34mtable[0m [34mif[0m [34mexists[0m message_attachments 
       [34madd[0m [34mconstraint[0m FKj7twd218e2gqw9cmlhwvo1rth 
       [34mforeign[0m [34mkey[0m (message_id) 
       [34mreferences[0m messages
26-03-31 11:16:13.274 [Test worker] DEBUG org.hibernate.SQL - 
    [34malter[0m [34mtable[0m [34mif[0m [34mexists[0m messages 
       [34madd[0m [34mconstraint[0m FKowtlim26svclkatusptbgi7u1 
       [34mforeign[0m [34mkey[0m (author_id) 
       [34mreferences[0m users
26-03-31 11:16:13.278 [Test worker] DEBUG org.hibernate.SQL - 
    [34malter[0m [34mtable[0m [34mif[0m [34mexists[0m messages 
       [34madd[0m [34mconstraint[0m FK3u3ckbhwq9se1cmopk2pq05b2 
       [34mforeign[0m [34mkey[0m (channel_id) 
       [34mreferences[0m channels
26-03-31 11:16:13.281 [Test worker] DEBUG org.hibernate.SQL - 
    [34malter[0m [34mtable[0m [34mif[0m [34mexists[0m read_statuses 
       [34madd[0m [34mconstraint[0m FKa38ri44ml4gfdpklx4ahqr8gd 
       [34mforeign[0m [34mkey[0m (channel_id) 
       [34mreferences[0m channels
26-03-31 11:16:13.283 [Test worker] DEBUG org.hibernate.SQL - 
    [34malter[0m [34mtable[0m [34mif[0m [34mexists[0m read_statuses 
       [34madd[0m [34mconstraint[0m FKml3k4wr9sj5yxrmj6d0aoib2e 
       [34mforeign[0m [34mkey[0m (user_id) 
       [34mreferences[0m users
26-03-31 11:16:13.287 [Test worker] DEBUG org.hibernate.SQL - 
    [34malter[0m [34mtable[0m [34mif[0m [34mexists[0m user_statuses 
       [34madd[0m [34mconstraint[0m FK4lfl3ei2ubchgcxrrpo3pw4mm 
       [34mforeign[0m [34mkey[0m (user_id) 
       [34mreferences[0m users
26-03-31 11:16:13.289 [Test worker] DEBUG org.hibernate.SQL - 
    [34malter[0m [34mtable[0m [34mif[0m [34mexists[0m users 
       [34madd[0m [34mconstraint[0m FKtbudycgrip49xdptogmhfqnso 
       [34mforeign[0m [34mkey[0m (profile_id) 
       [34mreferences[0m binary_contents
26-03-31 11:16:13.297 [Test worker] INFO  o.s.o.j.LocalContainerEntityManagerFactoryBean - Initialized JPA EntityManagerFactory for persistence unit 'default'
26-03-31 11:16:14.039 [Test worker] INFO  o.s.d.j.r.query.QueryEnhancerFactory - Hibernate is in classpath; If applicable, HQL parser will be used.
26-03-31 11:16:15.510 [Test worker] INFO  c.s.m.d.r.MessageRepositoryTest - Started MessageRepositoryTest in 8.19 seconds (process running for 10.493)
26-03-31 11:16:16.281 [Test worker] DEBUG org.hibernate.SQL - 
    /* [34minsert[0m [34mfor[0m
        com.sprint.mission.discodeit.entity.[34mUser[0m */[34minsert[0m 
    [34minto[0m
        users (created_at, email, password, profile_id, updated_at, username, id) 
    [34mvalues[0m
        (?, ?, ?, ?, ?, ?, ?)
26-03-31 11:16:16.290 [Test worker] TRACE org.hibernate.orm.jdbc.bind - binding parameter (1:TIMESTAMP_UTC) <- [2026-03-31T02:16:16.176114200Z]
26-03-31 11:16:16.297 [Test worker] TRACE org.hibernate.orm.jdbc.bind - binding parameter (2:VARCHAR) <- [test@test.com]
26-03-31 11:16:16.298 [Test worker] TRACE org.hibernate.orm.jdbc.bind - binding parameter (3:VARCHAR) <- [test]
26-03-31 11:16:16.298 [Test worker] TRACE org.hibernate.orm.jdbc.bind - binding parameter (4:UUID) <- [null]
26-03-31 11:16:16.299 [Test worker] TRACE org.hibernate.orm.jdbc.bind - binding parameter (5:TIMESTAMP_UTC) <- [2026-03-31T02:16:16.176114200Z]
26-03-31 11:16:16.299 [Test worker] TRACE org.hibernate.orm.jdbc.bind - binding parameter (6:VARCHAR) <- [test]
26-03-31 11:16:16.299 [Test worker] TRACE org.hibernate.orm.jdbc.bind - binding parameter (7:UUID) <- [b0b8c5d4-8117-4885-b3c8-1a960d3acd3f]
26-03-31 11:16:16.318 [Test worker] DEBUG org.hibernate.SQL - 
    /* [34minsert[0m [34mfor[0m
        com.sprint.mission.discodeit.entity.Channel */[34minsert[0m 
    [34minto[0m
        channels (created_at, description, name, type, updated_at, id) 
    [34mvalues[0m
        (?, ?, ?, ?, ?, ?)
26-03-31 11:16:16.320 [Test worker] TRACE org.hibernate.orm.jdbc.bind - binding parameter (1:TIMESTAMP_UTC) <- [2026-03-31T02:16:16.235305100Z]
26-03-31 11:16:16.320 [Test worker] TRACE org.hibernate.orm.jdbc.bind - binding parameter (2:VARCHAR) <- [null]
26-03-31 11:16:16.320 [Test worker] TRACE org.hibernate.orm.jdbc.bind - binding parameter (3:VARCHAR) <- [test]
26-03-31 11:16:16.320 [Test worker] TRACE org.hibernate.orm.jdbc.bind - binding parameter (4:ENUM) <- [PUBLIC]
26-03-31 11:16:16.321 [Test worker] TRACE org.hibernate.orm.jdbc.bind - binding parameter (5:TIMESTAMP_UTC) <- [2026-03-31T02:16:16.235305100Z]
26-03-31 11:16:16.321 [Test worker] TRACE org.hibernate.orm.jdbc.bind - binding parameter (6:UUID) <- [b73611d7-4a83-44a7-9b08-c3ada7bf0e14]
26-03-31 11:16:16.323 [Test worker] DEBUG org.hibernate.SQL - 
    /* [34minsert[0m [34mfor[0m
        com.sprint.mission.discodeit.entity.Message */[34minsert[0m 
    [34minto[0m
        messages (author_id, channel_id, content, created_at, updated_at, id) 
    [34mvalues[0m
        (?, ?, ?, ?, ?, ?)
26-03-31 11:16:16.323 [Test worker] TRACE org.hibernate.orm.jdbc.bind - binding parameter (1:UUID) <- [b0b8c5d4-8117-4885-b3c8-1a960d3acd3f]
26-03-31 11:16:16.324 [Test worker] TRACE org.hibernate.orm.jdbc.bind - binding parameter (2:UUID) <- [b73611d7-4a83-44a7-9b08-c3ada7bf0e14]
26-03-31 11:16:16.324 [Test worker] TRACE org.hibernate.orm.jdbc.bind - binding parameter (3:VARCHAR) <- [old]
26-03-31 11:16:16.324 [Test worker] TRACE org.hibernate.orm.jdbc.bind - binding parameter (4:TIMESTAMP_UTC) <- [2026-03-31T02:16:16.242317900Z]
26-03-31 11:16:16.325 [Test worker] TRACE org.hibernate.orm.jdbc.bind - binding parameter (5:TIMESTAMP_UTC) <- [2026-03-31T02:16:16.242317900Z]
26-03-31 11:16:16.325 [Test worker] TRACE org.hibernate.orm.jdbc.bind - binding parameter (6:UUID) <- [bbecd73d-9b45-481e-9e53-3cef47f7ca7d]
26-03-31 11:16:16.326 [Test worker] DEBUG org.hibernate.SQL - 
    /* [34minsert[0m [34mfor[0m
        com.sprint.mission.discodeit.entity.Message */[34minsert[0m 
    [34minto[0m
        messages (author_id, channel_id, content, created_at, updated_at, id) 
    [34mvalues[0m
        (?, ?, ?, ?, ?, ?)
26-03-31 11:16:16.327 [Test worker] TRACE org.hibernate.orm.jdbc.bind - binding parameter (1:UUID) <- [b0b8c5d4-8117-4885-b3c8-1a960d3acd3f]
26-03-31 11:16:16.327 [Test worker] TRACE org.hibernate.orm.jdbc.bind - binding parameter (2:UUID) <- [b73611d7-4a83-44a7-9b08-c3ada7bf0e14]
26-03-31 11:16:16.327 [Test worker] TRACE org.hibernate.orm.jdbc.bind - binding parameter (3:VARCHAR) <- [new]
26-03-31 11:16:16.328 [Test worker] TRACE org.hibernate.orm.jdbc.bind - binding parameter (4:TIMESTAMP_UTC) <- [2026-03-31T02:16:16.254375600Z]
26-03-31 11:16:16.328 [Test worker] TRACE org.hibernate.orm.jdbc.bind - binding parameter (5:TIMESTAMP_UTC) <- [2026-03-31T02:16:16.254375600Z]
26-03-31 11:16:16.328 [Test worker] TRACE org.hibernate.orm.jdbc.bind - binding parameter (6:UUID) <- [67853341-e103-41b3-aaab-46028fffcb28]
26-03-31 11:16:16.441 [Test worker] DEBUG org.hibernate.SQL - 
    /* [34mSELECT[0m
        m 
    [34mFROM[0m
        Message m 
    [34mWHERE[0m
        m.channel.id = :channelId 
        [34mAND[0m m.createdAt < :cursor 
    [34mORDER[0m [34mBY[0m
        m.createdAt DESC */ [34mselect[0m
            m1_0.id,
            m1_0.author_id,
            m1_0.channel_id,
            m1_0.content,
            m1_0.created_at,
            m1_0.updated_at 
        [34mfrom[0m
            messages m1_0 
        [34mwhere[0m
            m1_0.channel_id=? 
            [34mand[0m m1_0.created_at<? 
        [34morder[0m [34mby[0m
            m1_0.created_at desc 
        [34mfetch[0m
            first ? [34mrows[0m [34monly[0m
26-03-31 11:16:16.447 [Test worker] TRACE org.hibernate.orm.jdbc.bind - binding parameter (1:UUID) <- [b73611d7-4a83-44a7-9b08-c3ada7bf0e14]
26-03-31 11:16:16.449 [Test worker] TRACE org.hibernate.orm.jdbc.bind - binding parameter (2:TIMESTAMP_UTC) <- [2026-03-31T02:16:16.240321200Z]
26-03-31 11:16:16.449 [Test worker] TRACE org.hibernate.orm.jdbc.bind - binding parameter (3:INTEGER) <- [11]
26-03-31 11:16:16.665 [SpringApplicationShutdownHook] INFO  o.s.o.j.LocalContainerEntityManagerFactoryBean - Closing JPA EntityManagerFactory for persistence unit 'default'
26-03-31 11:16:16.666 [SpringApplicationShutdownHook] DEBUG org.hibernate.SQL - 
    [34mdrop[0m [34mtable[0m [34mif[0m [34mexists[0m binary_contents [34mcascade[0m 
26-03-31 11:16:16.670 [SpringApplicationShutdownHook] DEBUG org.hibernate.SQL - 
    [34mdrop[0m [34mtable[0m [34mif[0m [34mexists[0m channels [34mcascade[0m 
26-03-31 11:16:16.672 [SpringApplicationShutdownHook] DEBUG org.hibernate.SQL - 
    [34mdrop[0m [34mtable[0m [34mif[0m [34mexists[0m message_attachments [34mcascade[0m 
26-03-31 11:16:16.673 [SpringApplicationShutdownHook] DEBUG org.hibernate.SQL - 
    [34mdrop[0m [34mtable[0m [34mif[0m [34mexists[0m messages [34mcascade[0m 
26-03-31 11:16:16.673 [SpringApplicationShutdownHook] DEBUG org.hibernate.SQL - 
    [34mdrop[0m [34mtable[0m [34mif[0m [34mexists[0m read_statuses [34mcascade[0m 
26-03-31 11:16:16.674 [SpringApplicationShutdownHook] DEBUG org.hibernate.SQL - 
    [34mdrop[0m [34mtable[0m [34mif[0m [34mexists[0m user_statuses [34mcascade[0m 
26-03-31 11:16:16.676 [SpringApplicationShutdownHook] DEBUG org.hibernate.SQL - 
    [34mdrop[0m [34mtable[0m [34mif[0m [34mexists[0m users [34mcascade[0m 
26-03-31 11:19:20.759 [background-preinit] INFO  o.h.validator.internal.util.Version - HV000001: Hibernate Validator 8.0.3.Final
26-03-31 11:19:20.862 [Test worker] INFO  c.s.m.d.r.MessageRepositoryTest - Starting MessageRepositoryTest using Java 17.0.15 with PID 8648 (started by ASUS in C:\Users\ASUS\Desktop\dev\web\codeit_sprint_bootcamp\sprint-mission\9-sprint-mission\discodeit)
26-03-31 11:19:20.864 [Test worker] INFO  c.s.m.d.r.MessageRepositoryTest - The following 1 profile is active: "test"
26-03-31 11:19:21.998 [Test worker] INFO  o.s.d.r.c.RepositoryConfigurationDelegate - Bootstrapping Spring Data JPA repositories in DEFAULT mode.
26-03-31 11:19:22.195 [Test worker] INFO  o.s.d.r.c.RepositoryConfigurationDelegate - Finished Spring Data repository scanning in 172 ms. Found 6 JPA repository interfaces.
26-03-31 11:19:22.302 [Test worker] INFO  o.s.b.t.a.j.TestDatabaseAutoConfiguration$EmbeddedDataSourceBeanFactoryPostProcessor - Replacing 'dataSource' DataSource bean with embedded version
26-03-31 11:19:22.571 [Test worker] INFO  o.s.j.d.e.EmbeddedDatabaseFactory - Starting embedded database: url='jdbc:h2:mem:1e56ef66-78ed-416f-9b7c-afbe7de73fa4;DB_CLOSE_DELAY=-1;DB_CLOSE_ON_EXIT=false', username='sa'
26-03-31 11:19:23.282 [Test worker] INFO  o.h.jpa.internal.util.LogHelper - HHH000204: Processing PersistenceUnitInfo [name: default]
26-03-31 11:19:23.436 [Test worker] INFO  org.hibernate.Version - HHH000412: Hibernate ORM core version 6.6.41.Final
26-03-31 11:19:23.509 [Test worker] INFO  o.h.c.i.RegionFactoryInitiator - HHH000026: Second-level cache disabled
26-03-31 11:19:24.049 [Test worker] INFO  o.s.o.j.p.SpringPersistenceUnitInfo - No LoadTimeWeaver setup: ignoring JPA class transformer
26-03-31 11:19:24.137 [Test worker] WARN  org.hibernate.orm.deprecation - HHH90000025: H2Dialect does not need to be specified explicitly using 'hibernate.dialect' (remove the property setting and it will be selected by default)
26-03-31 11:19:24.177 [Test worker] INFO  o.hibernate.orm.connections.pooling - HHH10001005: Database info:
	Database JDBC URL [Connecting through datasource 'org.springframework.jdbc.datasource.embedded.EmbeddedDatabaseFactory$EmbeddedDataSourceProxy@460eb276']
	Database driver: undefined/unknown
	Database version: 2.3.232
	Autocommit mode: undefined/unknown
	Isolation level: undefined/unknown
	Minimum pool size: undefined/unknown
	Maximum pool size: undefined/unknown
26-03-31 11:19:26.010 [Test worker] INFO  o.h.e.t.j.p.i.JtaPlatformInitiator - HHH000489: No JTA platform available (set 'hibernate.transaction.jta.platform' to enable JTA platform integration)
26-03-31 11:19:26.041 [Test worker] DEBUG org.hibernate.SQL - 
    [34mdrop[0m [34mtable[0m [34mif[0m [34mexists[0m binary_contents [34mcascade[0m 
26-03-31 11:19:26.048 [Test worker] DEBUG org.hibernate.SQL - 
    [34mdrop[0m [34mtable[0m [34mif[0m [34mexists[0m channels [34mcascade[0m 
26-03-31 11:19:26.049 [Test worker] DEBUG org.hibernate.SQL - 
    [34mdrop[0m [34mtable[0m [34mif[0m [34mexists[0m message_attachments [34mcascade[0m 
26-03-31 11:19:26.050 [Test worker] DEBUG org.hibernate.SQL - 
    [34mdrop[0m [34mtable[0m [34mif[0m [34mexists[0m messages [34mcascade[0m 
26-03-31 11:19:26.051 [Test worker] DEBUG org.hibernate.SQL - 
    [34mdrop[0m [34mtable[0m [34mif[0m [34mexists[0m read_statuses [34mcascade[0m 
26-03-31 11:19:26.052 [Test worker] DEBUG org.hibernate.SQL - 
    [34mdrop[0m [34mtable[0m [34mif[0m [34mexists[0m user_statuses [34mcascade[0m 
26-03-31 11:19:26.053 [Test worker] DEBUG org.hibernate.SQL - 
    [34mdrop[0m [34mtable[0m [34mif[0m [34mexists[0m users [34mcascade[0m 
26-03-31 11:19:26.061 [Test worker] DEBUG org.hibernate.SQL - 
    [34mcreate[0m [34mtable[0m binary_contents (
        created_at [34mtimestamp[0m [34mwith[0m [34mtime[0m zone [34mnot[0m [34mnull[0m,
        size [34mbigint[0m [34mnot[0m [34mnull[0m,
        id uuid [34mnot[0m [34mnull[0m,
        content_type [34mvarchar[0m(100) [34mnot[0m [34mnull[0m,
        file_name [34mvarchar[0m(255) [34mnot[0m [34mnull[0m,
        [34mprimary[0m [34mkey[0m (id)
    )
26-03-31 11:19:26.077 [Test worker] DEBUG org.hibernate.SQL - 
    [34mcreate[0m [34mtable[0m channels (
        created_at [34mtimestamp[0m [34mwith[0m [34mtime[0m zone [34mnot[0m [34mnull[0m,
        updated_at [34mtimestamp[0m [34mwith[0m [34mtime[0m zone,
        id uuid [34mnot[0m [34mnull[0m,
        name [34mvarchar[0m(100),
        description [34mvarchar[0m(500),
        type enum ([36m'PRIVATE'[0m,[36m'PUBLIC'[0m) [34mnot[0m [34mnull[0m,
        [34mprimary[0m [34mkey[0m (id)
    )
26-03-31 11:19:26.081 [Test worker] DEBUG org.hibernate.SQL - 
    [34mcreate[0m [34mtable[0m message_attachments (
        attachment_id uuid [34mnot[0m [34mnull[0m,
        message_id uuid [34mnot[0m [34mnull[0m
    )
26-03-31 11:19:26.083 [Test worker] DEBUG org.hibernate.SQL - 
    [34mcreate[0m [34mtable[0m messages (
        created_at [34mtimestamp[0m [34mwith[0m [34mtime[0m zone [34mnot[0m [34mnull[0m,
        updated_at [34mtimestamp[0m [34mwith[0m [34mtime[0m zone,
        author_id uuid [34mnot[0m [34mnull[0m,
        channel_id uuid [34mnot[0m [34mnull[0m,
        id uuid [34mnot[0m [34mnull[0m,
        content TEXT,
        [34mprimary[0m [34mkey[0m (id)
    )
26-03-31 11:19:26.086 [Test worker] DEBUG org.hibernate.SQL - 
    [34mcreate[0m [34mtable[0m read_statuses (
        created_at [34mtimestamp[0m [34mwith[0m [34mtime[0m zone [34mnot[0m [34mnull[0m,
        last_read_at [34mtimestamp[0m(6) [34mwith[0m [34mtime[0m zone [34mnot[0m [34mnull[0m,
        updated_at [34mtimestamp[0m [34mwith[0m [34mtime[0m zone,
        channel_id uuid [34mnot[0m [34mnull[0m,
        id uuid [34mnot[0m [34mnull[0m,
        user_id uuid [34mnot[0m [34mnull[0m,
        [34mprimary[0m [34mkey[0m (id),
        [34mconstraint[0m uk_user_channel [34munique[0m (user_id, channel_id)
    )
26-03-31 11:19:26.092 [Test worker] DEBUG org.hibernate.SQL - 
    [34mcreate[0m [34mtable[0m user_statuses (
        created_at [34mtimestamp[0m [34mwith[0m [34mtime[0m zone [34mnot[0m [34mnull[0m,
        last_active_at [34mtimestamp[0m(6) [34mwith[0m [34mtime[0m zone [34mnot[0m [34mnull[0m,
        updated_at [34mtimestamp[0m [34mwith[0m [34mtime[0m zone,
        id uuid [34mnot[0m [34mnull[0m,
        user_id uuid [34munique[0m,
        [34mprimary[0m [34mkey[0m (id)
    )
26-03-31 11:19:26.095 [Test worker] DEBUG org.hibernate.SQL - 
    [34mcreate[0m [34mtable[0m users (
        created_at [34mtimestamp[0m [34mwith[0m [34mtime[0m zone [34mnot[0m [34mnull[0m,
        updated_at [34mtimestamp[0m [34mwith[0m [34mtime[0m zone,
        id uuid [34mnot[0m [34mnull[0m,
        profile_id uuid [34munique[0m,
        username [34mvarchar[0m(50) [34mnot[0m [34mnull[0m [34munique[0m,
        password [34mvarchar[0m(60) [34mnot[0m [34mnull[0m,
        email [34mvarchar[0m(100) [34mnot[0m [34mnull[0m [34munique[0m,
        [34mprimary[0m [34mkey[0m (id)
    )
26-03-31 11:19:26.104 [Test worker] DEBUG org.hibernate.SQL - 
    [34malter[0m [34mtable[0m [34mif[0m [34mexists[0m message_attachments 
       [34madd[0m [34mconstraint[0m FKsd1m8rb8jcpbcnb7rpdue7ctc 
       [34mforeign[0m [34mkey[0m (attachment_id) 
       [34mreferences[0m binary_contents
26-03-31 11:19:26.128 [Test worker] DEBUG org.hibernate.SQL - 
    [34malter[0m [34mtable[0m [34mif[0m [34mexists[0m message_attachments 
       [34madd[0m [34mconstraint[0m FKj7twd218e2gqw9cmlhwvo1rth 
       [34mforeign[0m [34mkey[0m (message_id) 
       [34mreferences[0m messages
26-03-31 11:19:26.131 [Test worker] DEBUG org.hibernate.SQL - 
    [34malter[0m [34mtable[0m [34mif[0m [34mexists[0m messages 
       [34madd[0m [34mconstraint[0m FKowtlim26svclkatusptbgi7u1 
       [34mforeign[0m [34mkey[0m (author_id) 
       [34mreferences[0m users
26-03-31 11:19:26.134 [Test worker] DEBUG org.hibernate.SQL - 
    [34malter[0m [34mtable[0m [34mif[0m [34mexists[0m messages 
       [34madd[0m [34mconstraint[0m FK3u3ckbhwq9se1cmopk2pq05b2 
       [34mforeign[0m [34mkey[0m (channel_id) 
       [34mreferences[0m channels
26-03-31 11:19:26.138 [Test worker] DEBUG org.hibernate.SQL - 
    [34malter[0m [34mtable[0m [34mif[0m [34mexists[0m read_statuses 
       [34madd[0m [34mconstraint[0m FKa38ri44ml4gfdpklx4ahqr8gd 
       [34mforeign[0m [34mkey[0m (channel_id) 
       [34mreferences[0m channels
26-03-31 11:19:26.141 [Test worker] DEBUG org.hibernate.SQL - 
    [34malter[0m [34mtable[0m [34mif[0m [34mexists[0m read_statuses 
       [34madd[0m [34mconstraint[0m FKml3k4wr9sj5yxrmj6d0aoib2e 
       [34mforeign[0m [34mkey[0m (user_id) 
       [34mreferences[0m users
26-03-31 11:19:26.145 [Test worker] DEBUG org.hibernate.SQL - 
    [34malter[0m [34mtable[0m [34mif[0m [34mexists[0m user_statuses 
       [34madd[0m [34mconstraint[0m FK4lfl3ei2ubchgcxrrpo3pw4mm 
       [34mforeign[0m [34mkey[0m (user_id) 
       [34mreferences[0m users
26-03-31 11:19:26.149 [Test worker] DEBUG org.hibernate.SQL - 
    [34malter[0m [34mtable[0m [34mif[0m [34mexists[0m users 
       [34madd[0m [34mconstraint[0m FKtbudycgrip49xdptogmhfqnso 
       [34mforeign[0m [34mkey[0m (profile_id) 
       [34mreferences[0m binary_contents
26-03-31 11:19:26.159 [Test worker] INFO  o.s.o.j.LocalContainerEntityManagerFactoryBean - Initialized JPA EntityManagerFactory for persistence unit 'default'
26-03-31 11:19:26.969 [Test worker] INFO  o.s.d.j.r.query.QueryEnhancerFactory - Hibernate is in classpath; If applicable, HQL parser will be used.
26-03-31 11:19:28.489 [Test worker] INFO  c.s.m.d.r.MessageRepositoryTest - Started MessageRepositoryTest in 8.642 seconds (process running for 10.908)
26-03-31 11:19:29.306 [Test worker] DEBUG org.hibernate.SQL - 
    /* [34minsert[0m [34mfor[0m
        com.sprint.mission.discodeit.entity.[34mUser[0m */[34minsert[0m 
    [34minto[0m
        users (created_at, email, password, profile_id, updated_at, username, id) 
    [34mvalues[0m
        (?, ?, ?, ?, ?, ?, ?)
26-03-31 11:19:29.315 [Test worker] TRACE org.hibernate.orm.jdbc.bind - binding parameter (1:TIMESTAMP_UTC) <- [2026-03-31T02:19:29.201626800Z]
26-03-31 11:19:29.323 [Test worker] TRACE org.hibernate.orm.jdbc.bind - binding parameter (2:VARCHAR) <- [test@test.com]
26-03-31 11:19:29.323 [Test worker] TRACE org.hibernate.orm.jdbc.bind - binding parameter (3:VARCHAR) <- [test]
26-03-31 11:19:29.323 [Test worker] TRACE org.hibernate.orm.jdbc.bind - binding parameter (4:UUID) <- [null]
26-03-31 11:19:29.324 [Test worker] TRACE org.hibernate.orm.jdbc.bind - binding parameter (5:TIMESTAMP_UTC) <- [2026-03-31T02:19:29.201626800Z]
26-03-31 11:19:29.324 [Test worker] TRACE org.hibernate.orm.jdbc.bind - binding parameter (6:VARCHAR) <- [test]
26-03-31 11:19:29.324 [Test worker] TRACE org.hibernate.orm.jdbc.bind - binding parameter (7:UUID) <- [7d7331af-f1ce-4ae7-a2d8-cac29b7d4b6d]
26-03-31 11:19:29.343 [Test worker] DEBUG org.hibernate.SQL - 
    /* [34minsert[0m [34mfor[0m
        com.sprint.mission.discodeit.entity.Channel */[34minsert[0m 
    [34minto[0m
        channels (created_at, description, name, type, updated_at, id) 
    [34mvalues[0m
        (?, ?, ?, ?, ?, ?)
26-03-31 11:19:29.344 [Test worker] TRACE org.hibernate.orm.jdbc.bind - binding parameter (1:TIMESTAMP_UTC) <- [2026-03-31T02:19:29.261553600Z]
26-03-31 11:19:29.344 [Test worker] TRACE org.hibernate.orm.jdbc.bind - binding parameter (2:VARCHAR) <- [null]
26-03-31 11:19:29.344 [Test worker] TRACE org.hibernate.orm.jdbc.bind - binding parameter (3:VARCHAR) <- [test]
26-03-31 11:19:29.345 [Test worker] TRACE org.hibernate.orm.jdbc.bind - binding parameter (4:ENUM) <- [PUBLIC]
26-03-31 11:19:29.345 [Test worker] TRACE org.hibernate.orm.jdbc.bind - binding parameter (5:TIMESTAMP_UTC) <- [2026-03-31T02:19:29.261553600Z]
26-03-31 11:19:29.345 [Test worker] TRACE org.hibernate.orm.jdbc.bind - binding parameter (6:UUID) <- [3bc8db8c-2569-485f-838d-1628a5fb0832]
26-03-31 11:19:29.346 [Test worker] DEBUG org.hibernate.SQL - 
    /* [34minsert[0m [34mfor[0m
        com.sprint.mission.discodeit.entity.Message */[34minsert[0m 
    [34minto[0m
        messages (author_id, channel_id, content, created_at, updated_at, id) 
    [34mvalues[0m
        (?, ?, ?, ?, ?, ?)
26-03-31 11:19:29.347 [Test worker] TRACE org.hibernate.orm.jdbc.bind - binding parameter (1:UUID) <- [7d7331af-f1ce-4ae7-a2d8-cac29b7d4b6d]
26-03-31 11:19:29.347 [Test worker] TRACE org.hibernate.orm.jdbc.bind - binding parameter (2:UUID) <- [3bc8db8c-2569-485f-838d-1628a5fb0832]
26-03-31 11:19:29.348 [Test worker] TRACE org.hibernate.orm.jdbc.bind - binding parameter (3:VARCHAR) <- [old]
26-03-31 11:19:29.348 [Test worker] TRACE org.hibernate.orm.jdbc.bind - binding parameter (4:TIMESTAMP_UTC) <- [2026-03-31T02:19:29.267725900Z]
26-03-31 11:19:29.348 [Test worker] TRACE org.hibernate.orm.jdbc.bind - binding parameter (5:TIMESTAMP_UTC) <- [2026-03-31T02:19:29.267725900Z]
26-03-31 11:19:29.348 [Test worker] TRACE org.hibernate.orm.jdbc.bind - binding parameter (6:UUID) <- [b657f6c9-acfd-49e1-b5f7-1cce7e40c74c]
26-03-31 11:19:29.353 [Test worker] DEBUG org.hibernate.SQL - 
    /* [34minsert[0m [34mfor[0m
        com.sprint.mission.discodeit.entity.Message */[34minsert[0m 
    [34minto[0m
        messages (author_id, channel_id, content, created_at, updated_at, id) 
    [34mvalues[0m
        (?, ?, ?, ?, ?, ?)
26-03-31 11:19:29.354 [Test worker] TRACE org.hibernate.orm.jdbc.bind - binding parameter (1:UUID) <- [7d7331af-f1ce-4ae7-a2d8-cac29b7d4b6d]
26-03-31 11:19:29.354 [Test worker] TRACE org.hibernate.orm.jdbc.bind - binding parameter (2:UUID) <- [3bc8db8c-2569-485f-838d-1628a5fb0832]
26-03-31 11:19:29.354 [Test worker] TRACE org.hibernate.orm.jdbc.bind - binding parameter (3:VARCHAR) <- [new]
26-03-31 11:19:29.355 [Test worker] TRACE org.hibernate.orm.jdbc.bind - binding parameter (4:TIMESTAMP_UTC) <- [2026-03-31T02:19:29.352698400Z]
26-03-31 11:19:29.355 [Test worker] TRACE org.hibernate.orm.jdbc.bind - binding parameter (5:TIMESTAMP_UTC) <- [2026-03-31T02:19:29.352698400Z]
26-03-31 11:19:29.356 [Test worker] TRACE org.hibernate.orm.jdbc.bind - binding parameter (6:UUID) <- [973df789-9f6f-4bb3-b2fb-ff9e7289dcf2]
26-03-31 11:19:29.481 [Test worker] DEBUG org.hibernate.SQL - 
    /* [34mSELECT[0m
        m 
    [34mFROM[0m
        Message m 
    [34mWHERE[0m
        m.channel.id = :channelId 
        [34mAND[0m m.createdAt < :cursor 
    [34mORDER[0m [34mBY[0m
        m.createdAt DESC */ [34mselect[0m
            m1_0.id,
            m1_0.author_id,
            m1_0.channel_id,
            m1_0.content,
            m1_0.created_at,
            m1_0.updated_at 
        [34mfrom[0m
            messages m1_0 
        [34mwhere[0m
            m1_0.channel_id=? 
            [34mand[0m m1_0.created_at<? 
        [34morder[0m [34mby[0m
            m1_0.created_at desc 
        [34mfetch[0m
            first ? [34mrows[0m [34monly[0m
26-03-31 11:19:29.486 [Test worker] TRACE org.hibernate.orm.jdbc.bind - binding parameter (1:UUID) <- [3bc8db8c-2569-485f-838d-1628a5fb0832]
26-03-31 11:19:29.488 [Test worker] TRACE org.hibernate.orm.jdbc.bind - binding parameter (2:TIMESTAMP_UTC) <- [2026-03-31T02:19:29.351696100Z]
26-03-31 11:19:29.488 [Test worker] TRACE org.hibernate.orm.jdbc.bind - binding parameter (3:INTEGER) <- [11]
26-03-31 11:19:29.714 [SpringApplicationShutdownHook] INFO  o.s.o.j.LocalContainerEntityManagerFactoryBean - Closing JPA EntityManagerFactory for persistence unit 'default'
26-03-31 11:19:29.715 [SpringApplicationShutdownHook] DEBUG org.hibernate.SQL - 
    [34mdrop[0m [34mtable[0m [34mif[0m [34mexists[0m binary_contents [34mcascade[0m 
26-03-31 11:19:29.718 [SpringApplicationShutdownHook] DEBUG org.hibernate.SQL - 
    [34mdrop[0m [34mtable[0m [34mif[0m [34mexists[0m channels [34mcascade[0m 
26-03-31 11:19:29.719 [SpringApplicationShutdownHook] DEBUG org.hibernate.SQL - 
    [34mdrop[0m [34mtable[0m [34mif[0m [34mexists[0m message_attachments [34mcascade[0m 
26-03-31 11:19:29.720 [SpringApplicationShutdownHook] DEBUG org.hibernate.SQL - 
    [34mdrop[0m [34mtable[0m [34mif[0m [34mexists[0m messages [34mcascade[0m 
26-03-31 11:19:29.721 [SpringApplicationShutdownHook] DEBUG org.hibernate.SQL - 
    [34mdrop[0m [34mtable[0m [34mif[0m [34mexists[0m read_statuses [34mcascade[0m 
26-03-31 11:19:29.722 [SpringApplicationShutdownHook] DEBUG org.hibernate.SQL - 
    [34mdrop[0m [34mtable[0m [34mif[0m [34mexists[0m user_statuses [34mcascade[0m 
26-03-31 11:19:29.724 [SpringApplicationShutdownHook] DEBUG org.hibernate.SQL - 
    [34mdrop[0m [34mtable[0m [34mif[0m [34mexists[0m users [34mcascade[0m 
26-03-31 11:19:38.771 [background-preinit] INFO  o.h.validator.internal.util.Version - HV000001: Hibernate Validator 8.0.3.Final
26-03-31 11:19:38.903 [Test worker] INFO  c.s.m.d.r.MessageRepositoryTest - Starting MessageRepositoryTest using Java 17.0.15 with PID 4536 (started by ASUS in C:\Users\ASUS\Desktop\dev\web\codeit_sprint_bootcamp\sprint-mission\9-sprint-mission\discodeit)
26-03-31 11:19:38.906 [Test worker] INFO  c.s.m.d.r.MessageRepositoryTest - The following 1 profile is active: "test"
26-03-31 11:19:40.302 [Test worker] INFO  o.s.d.r.c.RepositoryConfigurationDelegate - Bootstrapping Spring Data JPA repositories in DEFAULT mode.
26-03-31 11:19:40.554 [Test worker] INFO  o.s.d.r.c.RepositoryConfigurationDelegate - Finished Spring Data repository scanning in 215 ms. Found 6 JPA repository interfaces.
26-03-31 11:19:40.703 [Test worker] INFO  o.s.b.t.a.j.TestDatabaseAutoConfiguration$EmbeddedDataSourceBeanFactoryPostProcessor - Replacing 'dataSource' DataSource bean with embedded version
26-03-31 11:19:41.059 [Test worker] INFO  o.s.j.d.e.EmbeddedDatabaseFactory - Starting embedded database: url='jdbc:h2:mem:36d959d3-925a-43db-a618-a203d40c027b;DB_CLOSE_DELAY=-1;DB_CLOSE_ON_EXIT=false', username='sa'
26-03-31 11:19:41.936 [Test worker] INFO  o.h.jpa.internal.util.LogHelper - HHH000204: Processing PersistenceUnitInfo [name: default]
26-03-31 11:19:42.192 [Test worker] INFO  org.hibernate.Version - HHH000412: Hibernate ORM core version 6.6.41.Final
26-03-31 11:19:42.274 [Test worker] INFO  o.h.c.i.RegionFactoryInitiator - HHH000026: Second-level cache disabled
26-03-31 11:19:43.175 [Test worker] INFO  o.s.o.j.p.SpringPersistenceUnitInfo - No LoadTimeWeaver setup: ignoring JPA class transformer
26-03-31 11:19:43.297 [Test worker] WARN  org.hibernate.orm.deprecation - HHH90000025: H2Dialect does not need to be specified explicitly using 'hibernate.dialect' (remove the property setting and it will be selected by default)
26-03-31 11:19:43.342 [Test worker] INFO  o.hibernate.orm.connections.pooling - HHH10001005: Database info:
	Database JDBC URL [Connecting through datasource 'org.springframework.jdbc.datasource.embedded.EmbeddedDatabaseFactory$EmbeddedDataSourceProxy@6231f77a']
	Database driver: undefined/unknown
	Database version: 2.3.232
	Autocommit mode: undefined/unknown
	Isolation level: undefined/unknown
	Minimum pool size: undefined/unknown
	Maximum pool size: undefined/unknown
26-03-31 11:19:45.503 [Test worker] INFO  o.h.e.t.j.p.i.JtaPlatformInitiator - HHH000489: No JTA platform available (set 'hibernate.transaction.jta.platform' to enable JTA platform integration)
26-03-31 11:19:45.545 [Test worker] DEBUG org.hibernate.SQL - 
    [34mdrop[0m [34mtable[0m [34mif[0m [34mexists[0m binary_contents [34mcascade[0m 
26-03-31 11:19:45.553 [Test worker] DEBUG org.hibernate.SQL - 
    [34mdrop[0m [34mtable[0m [34mif[0m [34mexists[0m channels [34mcascade[0m 
26-03-31 11:19:45.554 [Test worker] DEBUG org.hibernate.SQL - 
    [34mdrop[0m [34mtable[0m [34mif[0m [34mexists[0m message_attachments [34mcascade[0m 
26-03-31 11:19:45.555 [Test worker] DEBUG org.hibernate.SQL - 
    [34mdrop[0m [34mtable[0m [34mif[0m [34mexists[0m messages [34mcascade[0m 
26-03-31 11:19:45.556 [Test worker] DEBUG org.hibernate.SQL - 
    [34mdrop[0m [34mtable[0m [34mif[0m [34mexists[0m read_statuses [34mcascade[0m 
26-03-31 11:19:45.557 [Test worker] DEBUG org.hibernate.SQL - 
    [34mdrop[0m [34mtable[0m [34mif[0m [34mexists[0m user_statuses [34mcascade[0m 
26-03-31 11:19:45.558 [Test worker] DEBUG org.hibernate.SQL - 
    [34mdrop[0m [34mtable[0m [34mif[0m [34mexists[0m users [34mcascade[0m 
26-03-31 11:19:45.570 [Test worker] DEBUG org.hibernate.SQL - 
    [34mcreate[0m [34mtable[0m binary_contents (
        created_at [34mtimestamp[0m [34mwith[0m [34mtime[0m zone [34mnot[0m [34mnull[0m,
        size [34mbigint[0m [34mnot[0m [34mnull[0m,
        id uuid [34mnot[0m [34mnull[0m,
        content_type [34mvarchar[0m(100) [34mnot[0m [34mnull[0m,
        file_name [34mvarchar[0m(255) [34mnot[0m [34mnull[0m,
        [34mprimary[0m [34mkey[0m (id)
    )
26-03-31 11:19:45.587 [Test worker] DEBUG org.hibernate.SQL - 
    [34mcreate[0m [34mtable[0m channels (
        created_at [34mtimestamp[0m [34mwith[0m [34mtime[0m zone [34mnot[0m [34mnull[0m,
        updated_at [34mtimestamp[0m [34mwith[0m [34mtime[0m zone,
        id uuid [34mnot[0m [34mnull[0m,
        name [34mvarchar[0m(100),
        description [34mvarchar[0m(500),
        type enum ([36m'PRIVATE'[0m,[36m'PUBLIC'[0m) [34mnot[0m [34mnull[0m,
        [34mprimary[0m [34mkey[0m (id)
    )
26-03-31 11:19:45.592 [Test worker] DEBUG org.hibernate.SQL - 
    [34mcreate[0m [34mtable[0m message_attachments (
        attachment_id uuid [34mnot[0m [34mnull[0m,
        message_id uuid [34mnot[0m [34mnull[0m
    )
26-03-31 11:19:45.594 [Test worker] DEBUG org.hibernate.SQL - 
    [34mcreate[0m [34mtable[0m messages (
        created_at [34mtimestamp[0m [34mwith[0m [34mtime[0m zone [34mnot[0m [34mnull[0m,
        updated_at [34mtimestamp[0m [34mwith[0m [34mtime[0m zone,
        author_id uuid [34mnot[0m [34mnull[0m,
        channel_id uuid [34mnot[0m [34mnull[0m,
        id uuid [34mnot[0m [34mnull[0m,
        content TEXT,
        [34mprimary[0m [34mkey[0m (id)
    )
26-03-31 11:19:45.598 [Test worker] DEBUG org.hibernate.SQL - 
    [34mcreate[0m [34mtable[0m read_statuses (
        created_at [34mtimestamp[0m [34mwith[0m [34mtime[0m zone [34mnot[0m [34mnull[0m,
        last_read_at [34mtimestamp[0m(6) [34mwith[0m [34mtime[0m zone [34mnot[0m [34mnull[0m,
        updated_at [34mtimestamp[0m [34mwith[0m [34mtime[0m zone,
        channel_id uuid [34mnot[0m [34mnull[0m,
        id uuid [34mnot[0m [34mnull[0m,
        user_id uuid [34mnot[0m [34mnull[0m,
        [34mprimary[0m [34mkey[0m (id),
        [34mconstraint[0m uk_user_channel [34munique[0m (user_id, channel_id)
    )
26-03-31 11:19:45.605 [Test worker] DEBUG org.hibernate.SQL - 
    [34mcreate[0m [34mtable[0m user_statuses (
        created_at [34mtimestamp[0m [34mwith[0m [34mtime[0m zone [34mnot[0m [34mnull[0m,
        last_active_at [34mtimestamp[0m(6) [34mwith[0m [34mtime[0m zone [34mnot[0m [34mnull[0m,
        updated_at [34mtimestamp[0m [34mwith[0m [34mtime[0m zone,
        id uuid [34mnot[0m [34mnull[0m,
        user_id uuid [34munique[0m,
        [34mprimary[0m [34mkey[0m (id)
    )
26-03-31 11:19:45.610 [Test worker] DEBUG org.hibernate.SQL - 
    [34mcreate[0m [34mtable[0m users (
        created_at [34mtimestamp[0m [34mwith[0m [34mtime[0m zone [34mnot[0m [34mnull[0m,
        updated_at [34mtimestamp[0m [34mwith[0m [34mtime[0m zone,
        id uuid [34mnot[0m [34mnull[0m,
        profile_id uuid [34munique[0m,
        username [34mvarchar[0m(50) [34mnot[0m [34mnull[0m [34munique[0m,
        password [34mvarchar[0m(60) [34mnot[0m [34mnull[0m,
        email [34mvarchar[0m(100) [34mnot[0m [34mnull[0m [34munique[0m,
        [34mprimary[0m [34mkey[0m (id)
    )
26-03-31 11:19:45.619 [Test worker] DEBUG org.hibernate.SQL - 
    [34malter[0m [34mtable[0m [34mif[0m [34mexists[0m message_attachments 
       [34madd[0m [34mconstraint[0m FKsd1m8rb8jcpbcnb7rpdue7ctc 
       [34mforeign[0m [34mkey[0m (attachment_id) 
       [34mreferences[0m binary_contents
26-03-31 11:19:45.651 [Test worker] DEBUG org.hibernate.SQL - 
    [34malter[0m [34mtable[0m [34mif[0m [34mexists[0m message_attachments 
       [34madd[0m [34mconstraint[0m FKj7twd218e2gqw9cmlhwvo1rth 
       [34mforeign[0m [34mkey[0m (message_id) 
       [34mreferences[0m messages
26-03-31 11:19:45.655 [Test worker] DEBUG org.hibernate.SQL - 
    [34malter[0m [34mtable[0m [34mif[0m [34mexists[0m messages 
       [34madd[0m [34mconstraint[0m FKowtlim26svclkatusptbgi7u1 
       [34mforeign[0m [34mkey[0m (author_id) 
       [34mreferences[0m users
26-03-31 11:19:45.658 [Test worker] DEBUG org.hibernate.SQL - 
    [34malter[0m [34mtable[0m [34mif[0m [34mexists[0m messages 
       [34madd[0m [34mconstraint[0m FK3u3ckbhwq9se1cmopk2pq05b2 
       [34mforeign[0m [34mkey[0m (channel_id) 
       [34mreferences[0m channels
26-03-31 11:19:45.663 [Test worker] DEBUG org.hibernate.SQL - 
    [34malter[0m [34mtable[0m [34mif[0m [34mexists[0m read_statuses 
       [34madd[0m [34mconstraint[0m FKa38ri44ml4gfdpklx4ahqr8gd 
       [34mforeign[0m [34mkey[0m (channel_id) 
       [34mreferences[0m channels
26-03-31 11:19:45.667 [Test worker] DEBUG org.hibernate.SQL - 
    [34malter[0m [34mtable[0m [34mif[0m [34mexists[0m read_statuses 
       [34madd[0m [34mconstraint[0m FKml3k4wr9sj5yxrmj6d0aoib2e 
       [34mforeign[0m [34mkey[0m (user_id) 
       [34mreferences[0m users
26-03-31 11:19:45.671 [Test worker] DEBUG org.hibernate.SQL - 
    [34malter[0m [34mtable[0m [34mif[0m [34mexists[0m user_statuses 
       [34madd[0m [34mconstraint[0m FK4lfl3ei2ubchgcxrrpo3pw4mm 
       [34mforeign[0m [34mkey[0m (user_id) 
       [34mreferences[0m users
26-03-31 11:19:45.674 [Test worker] DEBUG org.hibernate.SQL - 
    [34malter[0m [34mtable[0m [34mif[0m [34mexists[0m users 
       [34madd[0m [34mconstraint[0m FKtbudycgrip49xdptogmhfqnso 
       [34mforeign[0m [34mkey[0m (profile_id) 
       [34mreferences[0m binary_contents
26-03-31 11:19:45.686 [Test worker] INFO  o.s.o.j.LocalContainerEntityManagerFactoryBean - Initialized JPA EntityManagerFactory for persistence unit 'default'
26-03-31 11:19:46.690 [Test worker] INFO  o.s.d.j.r.query.QueryEnhancerFactory - Hibernate is in classpath; If applicable, HQL parser will be used.
26-03-31 11:19:48.619 [Test worker] INFO  c.s.m.d.r.MessageRepositoryTest - Started MessageRepositoryTest in 10.8 seconds (process running for 13.208)
26-03-31 11:19:49.566 [Test worker] DEBUG org.hibernate.SQL - 
    /* [34minsert[0m [34mfor[0m
        com.sprint.mission.discodeit.entity.[34mUser[0m */[34minsert[0m 
    [34minto[0m
        users (created_at, email, password, profile_id, updated_at, username, id) 
    [34mvalues[0m
        (?, ?, ?, ?, ?, ?, ?)
26-03-31 11:19:49.574 [Test worker] TRACE org.hibernate.orm.jdbc.bind - binding parameter (1:TIMESTAMP_UTC) <- [2026-03-31T02:19:49.426869900Z]
26-03-31 11:19:49.584 [Test worker] TRACE org.hibernate.orm.jdbc.bind - binding parameter (2:VARCHAR) <- [test@test.com]
26-03-31 11:19:49.585 [Test worker] TRACE org.hibernate.orm.jdbc.bind - binding parameter (3:VARCHAR) <- [test]
26-03-31 11:19:49.585 [Test worker] TRACE org.hibernate.orm.jdbc.bind - binding parameter (4:UUID) <- [null]
26-03-31 11:19:49.586 [Test worker] TRACE org.hibernate.orm.jdbc.bind - binding parameter (5:TIMESTAMP_UTC) <- [2026-03-31T02:19:49.426869900Z]
26-03-31 11:19:49.586 [Test worker] TRACE org.hibernate.orm.jdbc.bind - binding parameter (6:VARCHAR) <- [test]
26-03-31 11:19:49.586 [Test worker] TRACE org.hibernate.orm.jdbc.bind - binding parameter (7:UUID) <- [0c8a822e-8667-4380-9db6-da4119dd08ff]
26-03-31 11:19:49.608 [Test worker] DEBUG org.hibernate.SQL - 
    /* [34minsert[0m [34mfor[0m
        com.sprint.mission.discodeit.entity.Channel */[34minsert[0m 
    [34minto[0m
        channels (created_at, description, name, type, updated_at, id) 
    [34mvalues[0m
        (?, ?, ?, ?, ?, ?)
26-03-31 11:19:49.610 [Test worker] TRACE org.hibernate.orm.jdbc.bind - binding parameter (1:TIMESTAMP_UTC) <- [2026-03-31T02:19:49.504587300Z]
26-03-31 11:19:49.610 [Test worker] TRACE org.hibernate.orm.jdbc.bind - binding parameter (2:VARCHAR) <- [null]
26-03-31 11:19:49.611 [Test worker] TRACE org.hibernate.orm.jdbc.bind - binding parameter (3:VARCHAR) <- [test]
26-03-31 11:19:49.611 [Test worker] TRACE org.hibernate.orm.jdbc.bind - binding parameter (4:ENUM) <- [PUBLIC]
26-03-31 11:19:49.611 [Test worker] TRACE org.hibernate.orm.jdbc.bind - binding parameter (5:TIMESTAMP_UTC) <- [2026-03-31T02:19:49.504587300Z]
26-03-31 11:19:49.612 [Test worker] TRACE org.hibernate.orm.jdbc.bind - binding parameter (6:UUID) <- [f5ae406e-6ed3-4a63-aabc-7780069adac5]
26-03-31 11:19:49.613 [Test worker] DEBUG org.hibernate.SQL - 
    /* [34minsert[0m [34mfor[0m
        com.sprint.mission.discodeit.entity.Message */[34minsert[0m 
    [34minto[0m
        messages (author_id, channel_id, content, created_at, updated_at, id) 
    [34mvalues[0m
        (?, ?, ?, ?, ?, ?)
26-03-31 11:19:49.615 [Test worker] TRACE org.hibernate.orm.jdbc.bind - binding parameter (1:UUID) <- [0c8a822e-8667-4380-9db6-da4119dd08ff]
26-03-31 11:19:49.615 [Test worker] TRACE org.hibernate.orm.jdbc.bind - binding parameter (2:UUID) <- [f5ae406e-6ed3-4a63-aabc-7780069adac5]
26-03-31 11:19:49.615 [Test worker] TRACE org.hibernate.orm.jdbc.bind - binding parameter (3:VARCHAR) <- [1]
26-03-31 11:19:49.615 [Test worker] TRACE org.hibernate.orm.jdbc.bind - binding parameter (4:TIMESTAMP_UTC) <- [2026-03-31T02:19:49.513107700Z]
26-03-31 11:19:49.616 [Test worker] TRACE org.hibernate.orm.jdbc.bind - binding parameter (5:TIMESTAMP_UTC) <- [2026-03-31T02:19:49.513107700Z]
26-03-31 11:19:49.616 [Test worker] TRACE org.hibernate.orm.jdbc.bind - binding parameter (6:UUID) <- [220093d6-da56-45bd-bc3c-29e6e1478196]
26-03-31 11:19:49.618 [Test worker] DEBUG org.hibernate.SQL - 
    /* [34minsert[0m [34mfor[0m
        com.sprint.mission.discodeit.entity.Message */[34minsert[0m 
    [34minto[0m
        messages (author_id, channel_id, content, created_at, updated_at, id) 
    [34mvalues[0m
        (?, ?, ?, ?, ?, ?)
26-03-31 11:19:49.619 [Test worker] TRACE org.hibernate.orm.jdbc.bind - binding parameter (1:UUID) <- [0c8a822e-8667-4380-9db6-da4119dd08ff]
26-03-31 11:19:49.620 [Test worker] TRACE org.hibernate.orm.jdbc.bind - binding parameter (2:UUID) <- [f5ae406e-6ed3-4a63-aabc-7780069adac5]
26-03-31 11:19:49.620 [Test worker] TRACE org.hibernate.orm.jdbc.bind - binding parameter (3:VARCHAR) <- [2]
26-03-31 11:19:49.620 [Test worker] TRACE org.hibernate.orm.jdbc.bind - binding parameter (4:TIMESTAMP_UTC) <- [2026-03-31T02:19:49.526089400Z]
26-03-31 11:19:49.620 [Test worker] TRACE org.hibernate.orm.jdbc.bind - binding parameter (5:TIMESTAMP_UTC) <- [2026-03-31T02:19:49.526089400Z]
26-03-31 11:19:49.621 [Test worker] TRACE org.hibernate.orm.jdbc.bind - binding parameter (6:UUID) <- [8ea92fc8-f507-4c0a-b06d-f31cd6859f71]
26-03-31 11:19:49.776 [Test worker] DEBUG org.hibernate.SQL - 
    /* <criteria> */ [34mselect[0m
        m1_0.id,
        m1_0.author_id,
        m1_0.channel_id,
        m1_0.content,
        m1_0.created_at,
        m1_0.updated_at 
    [34mfrom[0m
        messages m1_0 
    [34mleft[0m [34mjoin[0m
        channels c1_0 
            [34mon[0m c1_0.id=m1_0.channel_id 
    [34mwhere[0m
        c1_0.id=?
26-03-31 11:19:49.781 [Test worker] TRACE org.hibernate.orm.jdbc.bind - binding parameter (1:UUID) <- [f5ae406e-6ed3-4a63-aabc-7780069adac5]
26-03-31 11:19:49.849 [Test worker] DEBUG org.hibernate.SQL - 
    /* [34mdelete[0m [34mfor[0m com.sprint.mission.discodeit.entity.Message */[34mdelete[0m 
    [34mfrom[0m
        messages 
    [34mwhere[0m
        id=?
26-03-31 11:19:49.850 [Test worker] TRACE org.hibernate.orm.jdbc.bind - binding parameter (1:UUID) <- [220093d6-da56-45bd-bc3c-29e6e1478196]
26-03-31 11:19:49.854 [Test worker] DEBUG org.hibernate.SQL - 
    /* [34mdelete[0m [34mfor[0m com.sprint.mission.discodeit.entity.Message */[34mdelete[0m 
    [34mfrom[0m
        messages 
    [34mwhere[0m
        id=?
26-03-31 11:19:49.856 [Test worker] TRACE org.hibernate.orm.jdbc.bind - binding parameter (1:UUID) <- [8ea92fc8-f507-4c0a-b06d-f31cd6859f71]
26-03-31 11:19:49.876 [Test worker] DEBUG org.hibernate.SQL - 
    /* <criteria> */ [34mselect[0m
        m1_0.id,
        m1_0.author_id,
        m1_0.channel_id,
        m1_0.content,
        m1_0.created_at,
        m1_0.updated_at 
    [34mfrom[0m
        messages m1_0
26-03-31 11:19:50.055 [Test worker] DEBUG org.hibernate.SQL - 
    /* [34minsert[0m [34mfor[0m
        com.sprint.mission.discodeit.entity.[34mUser[0m */[34minsert[0m 
    [34minto[0m
        users (created_at, email, password, profile_id, updated_at, username, id) 
    [34mvalues[0m
        (?, ?, ?, ?, ?, ?, ?)
26-03-31 11:19:50.056 [Test worker] TRACE org.hibernate.orm.jdbc.bind - binding parameter (1:TIMESTAMP_UTC) <- [2026-03-31T02:19:50.052212700Z]
26-03-31 11:19:50.056 [Test worker] TRACE org.hibernate.orm.jdbc.bind - binding parameter (2:VARCHAR) <- [test@test.com]
26-03-31 11:19:50.057 [Test worker] TRACE org.hibernate.orm.jdbc.bind - binding parameter (3:VARCHAR) <- [test]
26-03-31 11:19:50.057 [Test worker] TRACE org.hibernate.orm.jdbc.bind - binding parameter (4:UUID) <- [null]
26-03-31 11:19:50.057 [Test worker] TRACE org.hibernate.orm.jdbc.bind - binding parameter (5:TIMESTAMP_UTC) <- [2026-03-31T02:19:50.052212700Z]
26-03-31 11:19:50.057 [Test worker] TRACE org.hibernate.orm.jdbc.bind - binding parameter (6:VARCHAR) <- [test]
26-03-31 11:19:50.058 [Test worker] TRACE org.hibernate.orm.jdbc.bind - binding parameter (7:UUID) <- [7c156e6e-bf4d-40a7-8875-d9bb6bda9bde]
26-03-31 11:19:50.061 [Test worker] DEBUG org.hibernate.SQL - 
    /* [34minsert[0m [34mfor[0m
        com.sprint.mission.discodeit.entity.Channel */[34minsert[0m 
    [34minto[0m
        channels (created_at, description, name, type, updated_at, id) 
    [34mvalues[0m
        (?, ?, ?, ?, ?, ?)
26-03-31 11:19:50.063 [Test worker] TRACE org.hibernate.orm.jdbc.bind - binding parameter (1:TIMESTAMP_UTC) <- [2026-03-31T02:19:50.053217300Z]
26-03-31 11:19:50.064 [Test worker] TRACE org.hibernate.orm.jdbc.bind - binding parameter (2:VARCHAR) <- [null]
26-03-31 11:19:50.064 [Test worker] TRACE org.hibernate.orm.jdbc.bind - binding parameter (3:VARCHAR) <- [test]
26-03-31 11:19:50.064 [Test worker] TRACE org.hibernate.orm.jdbc.bind - binding parameter (4:ENUM) <- [PUBLIC]
26-03-31 11:19:50.064 [Test worker] TRACE org.hibernate.orm.jdbc.bind - binding parameter (5:TIMESTAMP_UTC) <- [2026-03-31T02:19:50.053217300Z]
26-03-31 11:19:50.064 [Test worker] TRACE org.hibernate.orm.jdbc.bind - binding parameter (6:UUID) <- [7cd882a2-48a6-4607-96de-a5cbfcd01f61]
26-03-31 11:19:50.066 [Test worker] DEBUG org.hibernate.SQL - 
    /* [34minsert[0m [34mfor[0m
        com.sprint.mission.discodeit.entity.Message */[34minsert[0m 
    [34minto[0m
        messages (author_id, channel_id, content, created_at, updated_at, id) 
    [34mvalues[0m
        (?, ?, ?, ?, ?, ?)
26-03-31 11:19:50.067 [Test worker] TRACE org.hibernate.orm.jdbc.bind - binding parameter (1:UUID) <- [7c156e6e-bf4d-40a7-8875-d9bb6bda9bde]
26-03-31 11:19:50.067 [Test worker] TRACE org.hibernate.orm.jdbc.bind - binding parameter (2:UUID) <- [7cd882a2-48a6-4607-96de-a5cbfcd01f61]
26-03-31 11:19:50.067 [Test worker] TRACE org.hibernate.orm.jdbc.bind - binding parameter (3:VARCHAR) <- [old]
26-03-31 11:19:50.068 [Test worker] TRACE org.hibernate.orm.jdbc.bind - binding parameter (4:TIMESTAMP_UTC) <- [2026-03-31T02:19:50.054215Z]
26-03-31 11:19:50.068 [Test worker] TRACE org.hibernate.orm.jdbc.bind - binding parameter (5:TIMESTAMP_UTC) <- [2026-03-31T02:19:50.054215Z]
26-03-31 11:19:50.068 [Test worker] TRACE org.hibernate.orm.jdbc.bind - binding parameter (6:UUID) <- [0c465c9f-0fe5-4b23-819f-e93cab7c1106]
26-03-31 11:19:50.071 [Test worker] DEBUG org.hibernate.SQL - 
    /* [34minsert[0m [34mfor[0m
        com.sprint.mission.discodeit.entity.Message */[34minsert[0m 
    [34minto[0m
        messages (author_id, channel_id, content, created_at, updated_at, id) 
    [34mvalues[0m
        (?, ?, ?, ?, ?, ?)
26-03-31 11:19:50.072 [Test worker] TRACE org.hibernate.orm.jdbc.bind - binding parameter (1:UUID) <- [7c156e6e-bf4d-40a7-8875-d9bb6bda9bde]
26-03-31 11:19:50.073 [Test worker] TRACE org.hibernate.orm.jdbc.bind - binding parameter (2:UUID) <- [7cd882a2-48a6-4607-96de-a5cbfcd01f61]
26-03-31 11:19:50.073 [Test worker] TRACE org.hibernate.orm.jdbc.bind - binding parameter (3:VARCHAR) <- [new]
26-03-31 11:19:50.073 [Test worker] TRACE org.hibernate.orm.jdbc.bind - binding parameter (4:TIMESTAMP_UTC) <- [2026-03-31T02:19:50.069851100Z]
26-03-31 11:19:50.074 [Test worker] TRACE org.hibernate.orm.jdbc.bind - binding parameter (5:TIMESTAMP_UTC) <- [2026-03-31T02:19:50.069851100Z]
26-03-31 11:19:50.074 [Test worker] TRACE org.hibernate.orm.jdbc.bind - binding parameter (6:UUID) <- [2934119a-0fe5-499c-b8ee-9bc4a4581f82]
26-03-31 11:19:50.107 [Test worker] DEBUG org.hibernate.SQL - 
    /* [34mSELECT[0m
        m 
    [34mFROM[0m
        Message m 
    [34mWHERE[0m
        m.channel.id = :channelId 
        [34mAND[0m m.createdAt < :cursor 
    [34mORDER[0m [34mBY[0m
        m.createdAt DESC */ [34mselect[0m
            m1_0.id,
            m1_0.author_id,
            m1_0.channel_id,
            m1_0.content,
            m1_0.created_at,
            m1_0.updated_at 
        [34mfrom[0m
            messages m1_0 
        [34mwhere[0m
            m1_0.channel_id=? 
            [34mand[0m m1_0.created_at<? 
        [34morder[0m [34mby[0m
            m1_0.created_at desc 
        [34mfetch[0m
            first ? [34mrows[0m [34monly[0m
26-03-31 11:19:50.110 [Test worker] TRACE org.hibernate.orm.jdbc.bind - binding parameter (1:UUID) <- [7cd882a2-48a6-4607-96de-a5cbfcd01f61]
26-03-31 11:19:50.111 [Test worker] TRACE org.hibernate.orm.jdbc.bind - binding parameter (2:TIMESTAMP_UTC) <- [2026-03-31T02:19:50.069851100Z]
26-03-31 11:19:50.111 [Test worker] TRACE org.hibernate.orm.jdbc.bind - binding parameter (3:INTEGER) <- [11]
26-03-31 11:19:50.205 [SpringApplicationShutdownHook] INFO  o.s.o.j.LocalContainerEntityManagerFactoryBean - Closing JPA EntityManagerFactory for persistence unit 'default'
26-03-31 11:19:50.207 [SpringApplicationShutdownHook] DEBUG org.hibernate.SQL - 
    [34mdrop[0m [34mtable[0m [34mif[0m [34mexists[0m binary_contents [34mcascade[0m 
26-03-31 11:19:50.212 [SpringApplicationShutdownHook] DEBUG org.hibernate.SQL - 
    [34mdrop[0m [34mtable[0m [34mif[0m [34mexists[0m channels [34mcascade[0m 
26-03-31 11:19:50.214 [SpringApplicationShutdownHook] DEBUG org.hibernate.SQL - 
    [34mdrop[0m [34mtable[0m [34mif[0m [34mexists[0m message_attachments [34mcascade[0m 
26-03-31 11:19:50.217 [SpringApplicationShutdownHook] DEBUG org.hibernate.SQL - 
    [34mdrop[0m [34mtable[0m [34mif[0m [34mexists[0m messages [34mcascade[0m 
26-03-31 11:19:50.218 [SpringApplicationShutdownHook] DEBUG org.hibernate.SQL - 
    [34mdrop[0m [34mtable[0m [34mif[0m [34mexists[0m read_statuses [34mcascade[0m 
26-03-31 11:19:50.220 [SpringApplicationShutdownHook] DEBUG org.hibernate.SQL - 
    [34mdrop[0m [34mtable[0m [34mif[0m [34mexists[0m user_statuses [34mcascade[0m 
26-03-31 11:19:50.222 [SpringApplicationShutdownHook] DEBUG org.hibernate.SQL - 
    [34mdrop[0m [34mtable[0m [34mif[0m [34mexists[0m users [34mcascade[0m 
26-03-31 11:23:30.361 [background-preinit] INFO  o.h.validator.internal.util.Version - HV000001: Hibernate Validator 8.0.3.Final
26-03-31 11:23:30.460 [Test worker] INFO  c.s.m.d.r.MessageRepositoryTest - Starting MessageRepositoryTest using Java 17.0.15 with PID 8712 (started by ASUS in C:\Users\ASUS\Desktop\dev\web\codeit_sprint_bootcamp\sprint-mission\9-sprint-mission\discodeit)
26-03-31 11:23:30.462 [Test worker] INFO  c.s.m.d.r.MessageRepositoryTest - The following 1 profile is active: "test"
26-03-31 11:23:31.699 [Test worker] INFO  o.s.d.r.c.RepositoryConfigurationDelegate - Bootstrapping Spring Data JPA repositories in DEFAULT mode.
26-03-31 11:23:31.917 [Test worker] INFO  o.s.d.r.c.RepositoryConfigurationDelegate - Finished Spring Data repository scanning in 197 ms. Found 6 JPA repository interfaces.
26-03-31 11:23:32.034 [Test worker] INFO  o.s.b.t.a.j.TestDatabaseAutoConfiguration$EmbeddedDataSourceBeanFactoryPostProcessor - Replacing 'dataSource' DataSource bean with embedded version
26-03-31 11:23:32.290 [Test worker] INFO  o.s.j.d.e.EmbeddedDatabaseFactory - Starting embedded database: url='jdbc:h2:mem:a1a7501d-8f56-4f8b-9590-2ca631fb11e1;DB_CLOSE_DELAY=-1;DB_CLOSE_ON_EXIT=false', username='sa'
26-03-31 11:23:33.003 [Test worker] INFO  o.h.jpa.internal.util.LogHelper - HHH000204: Processing PersistenceUnitInfo [name: default]
26-03-31 11:23:33.222 [Test worker] INFO  org.hibernate.Version - HHH000412: Hibernate ORM core version 6.6.41.Final
26-03-31 11:23:33.297 [Test worker] INFO  o.h.c.i.RegionFactoryInitiator - HHH000026: Second-level cache disabled
26-03-31 11:23:33.848 [Test worker] INFO  o.s.o.j.p.SpringPersistenceUnitInfo - No LoadTimeWeaver setup: ignoring JPA class transformer
26-03-31 11:23:33.952 [Test worker] WARN  org.hibernate.orm.deprecation - HHH90000025: H2Dialect does not need to be specified explicitly using 'hibernate.dialect' (remove the property setting and it will be selected by default)
26-03-31 11:23:33.996 [Test worker] INFO  o.hibernate.orm.connections.pooling - HHH10001005: Database info:
	Database JDBC URL [Connecting through datasource 'org.springframework.jdbc.datasource.embedded.EmbeddedDatabaseFactory$EmbeddedDataSourceProxy@25464154']
	Database driver: undefined/unknown
	Database version: 2.3.232
	Autocommit mode: undefined/unknown
	Isolation level: undefined/unknown
	Minimum pool size: undefined/unknown
	Maximum pool size: undefined/unknown
26-03-31 11:23:36.104 [Test worker] INFO  o.h.e.t.j.p.i.JtaPlatformInitiator - HHH000489: No JTA platform available (set 'hibernate.transaction.jta.platform' to enable JTA platform integration)
26-03-31 11:23:36.134 [Test worker] DEBUG org.hibernate.SQL - 
    [34mdrop[0m [34mtable[0m [34mif[0m [34mexists[0m binary_contents [34mcascade[0m 
26-03-31 11:23:36.140 [Test worker] DEBUG org.hibernate.SQL - 
    [34mdrop[0m [34mtable[0m [34mif[0m [34mexists[0m channels [34mcascade[0m 
26-03-31 11:23:36.141 [Test worker] DEBUG org.hibernate.SQL - 
    [34mdrop[0m [34mtable[0m [34mif[0m [34mexists[0m message_attachments [34mcascade[0m 
26-03-31 11:23:36.142 [Test worker] DEBUG org.hibernate.SQL - 
    [34mdrop[0m [34mtable[0m [34mif[0m [34mexists[0m messages [34mcascade[0m 
26-03-31 11:23:36.143 [Test worker] DEBUG org.hibernate.SQL - 
    [34mdrop[0m [34mtable[0m [34mif[0m [34mexists[0m read_statuses [34mcascade[0m 
26-03-31 11:23:36.145 [Test worker] DEBUG org.hibernate.SQL - 
    [34mdrop[0m [34mtable[0m [34mif[0m [34mexists[0m user_statuses [34mcascade[0m 
26-03-31 11:23:36.146 [Test worker] DEBUG org.hibernate.SQL - 
    [34mdrop[0m [34mtable[0m [34mif[0m [34mexists[0m users [34mcascade[0m 
26-03-31 11:23:36.156 [Test worker] DEBUG org.hibernate.SQL - 
    [34mcreate[0m [34mtable[0m binary_contents (
        created_at [34mtimestamp[0m [34mwith[0m [34mtime[0m zone [34mnot[0m [34mnull[0m,
        size [34mbigint[0m [34mnot[0m [34mnull[0m,
        id uuid [34mnot[0m [34mnull[0m,
        content_type [34mvarchar[0m(100) [34mnot[0m [34mnull[0m,
        file_name [34mvarchar[0m(255) [34mnot[0m [34mnull[0m,
        [34mprimary[0m [34mkey[0m (id)
    )
26-03-31 11:23:36.171 [Test worker] DEBUG org.hibernate.SQL - 
    [34mcreate[0m [34mtable[0m channels (
        created_at [34mtimestamp[0m [34mwith[0m [34mtime[0m zone [34mnot[0m [34mnull[0m,
        updated_at [34mtimestamp[0m [34mwith[0m [34mtime[0m zone,
        id uuid [34mnot[0m [34mnull[0m,
        name [34mvarchar[0m(100),
        description [34mvarchar[0m(500),
        type enum ([36m'PRIVATE'[0m,[36m'PUBLIC'[0m) [34mnot[0m [34mnull[0m,
        [34mprimary[0m [34mkey[0m (id)
    )
26-03-31 11:23:36.175 [Test worker] DEBUG org.hibernate.SQL - 
    [34mcreate[0m [34mtable[0m message_attachments (
        attachment_id uuid [34mnot[0m [34mnull[0m,
        message_id uuid [34mnot[0m [34mnull[0m
    )
26-03-31 11:23:36.178 [Test worker] DEBUG org.hibernate.SQL - 
    [34mcreate[0m [34mtable[0m messages (
        created_at [34mtimestamp[0m [34mwith[0m [34mtime[0m zone [34mnot[0m [34mnull[0m,
        updated_at [34mtimestamp[0m [34mwith[0m [34mtime[0m zone,
        author_id uuid [34mnot[0m [34mnull[0m,
        channel_id uuid [34mnot[0m [34mnull[0m,
        id uuid [34mnot[0m [34mnull[0m,
        content TEXT,
        [34mprimary[0m [34mkey[0m (id)
    )
26-03-31 11:23:36.182 [Test worker] DEBUG org.hibernate.SQL - 
    [34mcreate[0m [34mtable[0m read_statuses (
        created_at [34mtimestamp[0m [34mwith[0m [34mtime[0m zone [34mnot[0m [34mnull[0m,
        last_read_at [34mtimestamp[0m(6) [34mwith[0m [34mtime[0m zone [34mnot[0m [34mnull[0m,
        updated_at [34mtimestamp[0m [34mwith[0m [34mtime[0m zone,
        channel_id uuid [34mnot[0m [34mnull[0m,
        id uuid [34mnot[0m [34mnull[0m,
        user_id uuid [34mnot[0m [34mnull[0m,
        [34mprimary[0m [34mkey[0m (id),
        [34mconstraint[0m uk_user_channel [34munique[0m (user_id, channel_id)
    )
26-03-31 11:23:36.187 [Test worker] DEBUG org.hibernate.SQL - 
    [34mcreate[0m [34mtable[0m user_statuses (
        created_at [34mtimestamp[0m [34mwith[0m [34mtime[0m zone [34mnot[0m [34mnull[0m,
        last_active_at [34mtimestamp[0m(6) [34mwith[0m [34mtime[0m zone [34mnot[0m [34mnull[0m,
        updated_at [34mtimestamp[0m [34mwith[0m [34mtime[0m zone,
        id uuid [34mnot[0m [34mnull[0m,
        user_id uuid [34munique[0m,
        [34mprimary[0m [34mkey[0m (id)
    )
26-03-31 11:23:36.191 [Test worker] DEBUG org.hibernate.SQL - 
    [34mcreate[0m [34mtable[0m users (
        created_at [34mtimestamp[0m [34mwith[0m [34mtime[0m zone [34mnot[0m [34mnull[0m,
        updated_at [34mtimestamp[0m [34mwith[0m [34mtime[0m zone,
        id uuid [34mnot[0m [34mnull[0m,
        profile_id uuid [34munique[0m,
        username [34mvarchar[0m(50) [34mnot[0m [34mnull[0m [34munique[0m,
        password [34mvarchar[0m(60) [34mnot[0m [34mnull[0m,
        email [34mvarchar[0m(100) [34mnot[0m [34mnull[0m [34munique[0m,
        [34mprimary[0m [34mkey[0m (id)
    )
26-03-31 11:23:36.201 [Test worker] DEBUG org.hibernate.SQL - 
    [34malter[0m [34mtable[0m [34mif[0m [34mexists[0m message_attachments 
       [34madd[0m [34mconstraint[0m FKsd1m8rb8jcpbcnb7rpdue7ctc 
       [34mforeign[0m [34mkey[0m (attachment_id) 
       [34mreferences[0m binary_contents
26-03-31 11:23:36.223 [Test worker] DEBUG org.hibernate.SQL - 
    [34malter[0m [34mtable[0m [34mif[0m [34mexists[0m message_attachments 
       [34madd[0m [34mconstraint[0m FKj7twd218e2gqw9cmlhwvo1rth 
       [34mforeign[0m [34mkey[0m (message_id) 
       [34mreferences[0m messages
26-03-31 11:23:36.227 [Test worker] DEBUG org.hibernate.SQL - 
    [34malter[0m [34mtable[0m [34mif[0m [34mexists[0m messages 
       [34madd[0m [34mconstraint[0m FKowtlim26svclkatusptbgi7u1 
       [34mforeign[0m [34mkey[0m (author_id) 
       [34mreferences[0m users
26-03-31 11:23:36.232 [Test worker] DEBUG org.hibernate.SQL - 
    [34malter[0m [34mtable[0m [34mif[0m [34mexists[0m messages 
       [34madd[0m [34mconstraint[0m FK3u3ckbhwq9se1cmopk2pq05b2 
       [34mforeign[0m [34mkey[0m (channel_id) 
       [34mreferences[0m channels
26-03-31 11:23:36.235 [Test worker] DEBUG org.hibernate.SQL - 
    [34malter[0m [34mtable[0m [34mif[0m [34mexists[0m read_statuses 
       [34madd[0m [34mconstraint[0m FKa38ri44ml4gfdpklx4ahqr8gd 
       [34mforeign[0m [34mkey[0m (channel_id) 
       [34mreferences[0m channels
26-03-31 11:23:36.238 [Test worker] DEBUG org.hibernate.SQL - 
    [34malter[0m [34mtable[0m [34mif[0m [34mexists[0m read_statuses 
       [34madd[0m [34mconstraint[0m FKml3k4wr9sj5yxrmj6d0aoib2e 
       [34mforeign[0m [34mkey[0m (user_id) 
       [34mreferences[0m users
26-03-31 11:23:36.242 [Test worker] DEBUG org.hibernate.SQL - 
    [34malter[0m [34mtable[0m [34mif[0m [34mexists[0m user_statuses 
       [34madd[0m [34mconstraint[0m FK4lfl3ei2ubchgcxrrpo3pw4mm 
       [34mforeign[0m [34mkey[0m (user_id) 
       [34mreferences[0m users
26-03-31 11:23:36.245 [Test worker] DEBUG org.hibernate.SQL - 
    [34malter[0m [34mtable[0m [34mif[0m [34mexists[0m users 
       [34madd[0m [34mconstraint[0m FKtbudycgrip49xdptogmhfqnso 
       [34mforeign[0m [34mkey[0m (profile_id) 
       [34mreferences[0m binary_contents
26-03-31 11:23:36.255 [Test worker] INFO  o.s.o.j.LocalContainerEntityManagerFactoryBean - Initialized JPA EntityManagerFactory for persistence unit 'default'
26-03-31 11:23:37.308 [Test worker] INFO  o.s.d.j.r.query.QueryEnhancerFactory - Hibernate is in classpath; If applicable, HQL parser will be used.
26-03-31 11:23:38.928 [Test worker] INFO  c.s.m.d.r.MessageRepositoryTest - Started MessageRepositoryTest in 9.468 seconds (process running for 11.784)
26-03-31 11:23:39.954 [Test worker] DEBUG org.hibernate.SQL - 
    /* [34minsert[0m [34mfor[0m
        com.sprint.mission.discodeit.entity.[34mUser[0m */[34minsert[0m 
    [34minto[0m
        users (created_at, email, password, profile_id, updated_at, username, id) 
    [34mvalues[0m
        (?, ?, ?, ?, ?, ?, ?)
26-03-31 11:23:39.965 [Test worker] TRACE org.hibernate.orm.jdbc.bind - binding parameter (1:TIMESTAMP_UTC) <- [2026-03-31T02:23:39.816046Z]
26-03-31 11:23:39.974 [Test worker] TRACE org.hibernate.orm.jdbc.bind - binding parameter (2:VARCHAR) <- [test@test.com]
26-03-31 11:23:39.974 [Test worker] TRACE org.hibernate.orm.jdbc.bind - binding parameter (3:VARCHAR) <- [test]
26-03-31 11:23:39.974 [Test worker] TRACE org.hibernate.orm.jdbc.bind - binding parameter (4:UUID) <- [null]
26-03-31 11:23:39.975 [Test worker] TRACE org.hibernate.orm.jdbc.bind - binding parameter (5:TIMESTAMP_UTC) <- [2026-03-31T02:23:39.816046Z]
26-03-31 11:23:39.975 [Test worker] TRACE org.hibernate.orm.jdbc.bind - binding parameter (6:VARCHAR) <- [test]
26-03-31 11:23:39.975 [Test worker] TRACE org.hibernate.orm.jdbc.bind - binding parameter (7:UUID) <- [af01635a-4100-4dc2-9932-ae4a438c66f1]
26-03-31 11:23:40.004 [Test worker] DEBUG org.hibernate.SQL - 
    /* [34minsert[0m [34mfor[0m
        com.sprint.mission.discodeit.entity.Channel */[34minsert[0m 
    [34minto[0m
        channels (created_at, description, name, type, updated_at, id) 
    [34mvalues[0m
        (?, ?, ?, ?, ?, ?)
26-03-31 11:23:40.005 [Test worker] TRACE org.hibernate.orm.jdbc.bind - binding parameter (1:TIMESTAMP_UTC) <- [2026-03-31T02:23:39.897136700Z]
26-03-31 11:23:40.005 [Test worker] TRACE org.hibernate.orm.jdbc.bind - binding parameter (2:VARCHAR) <- [null]
26-03-31 11:23:40.006 [Test worker] TRACE org.hibernate.orm.jdbc.bind - binding parameter (3:VARCHAR) <- [test]
26-03-31 11:23:40.006 [Test worker] TRACE org.hibernate.orm.jdbc.bind - binding parameter (4:ENUM) <- [PUBLIC]
26-03-31 11:23:40.006 [Test worker] TRACE org.hibernate.orm.jdbc.bind - binding parameter (5:TIMESTAMP_UTC) <- [2026-03-31T02:23:39.897136700Z]
26-03-31 11:23:40.006 [Test worker] TRACE org.hibernate.orm.jdbc.bind - binding parameter (6:UUID) <- [5fc8fd2e-31e4-4726-a1c3-844cf727b736]
26-03-31 11:23:40.008 [Test worker] DEBUG org.hibernate.SQL - 
    /* [34minsert[0m [34mfor[0m
        com.sprint.mission.discodeit.entity.Message */[34minsert[0m 
    [34minto[0m
        messages (author_id, channel_id, content, created_at, updated_at, id) 
    [34mvalues[0m
        (?, ?, ?, ?, ?, ?)
26-03-31 11:23:40.009 [Test worker] TRACE org.hibernate.orm.jdbc.bind - binding parameter (1:UUID) <- [af01635a-4100-4dc2-9932-ae4a438c66f1]
26-03-31 11:23:40.009 [Test worker] TRACE org.hibernate.orm.jdbc.bind - binding parameter (2:UUID) <- [5fc8fd2e-31e4-4726-a1c3-844cf727b736]
26-03-31 11:23:40.009 [Test worker] TRACE org.hibernate.orm.jdbc.bind - binding parameter (3:VARCHAR) <- [1]
26-03-31 11:23:40.010 [Test worker] TRACE org.hibernate.orm.jdbc.bind - binding parameter (4:TIMESTAMP_UTC) <- [2026-03-31T02:23:39.906659700Z]
26-03-31 11:23:40.010 [Test worker] TRACE org.hibernate.orm.jdbc.bind - binding parameter (5:TIMESTAMP_UTC) <- [2026-03-31T02:23:39.906659700Z]
26-03-31 11:23:40.010 [Test worker] TRACE org.hibernate.orm.jdbc.bind - binding parameter (6:UUID) <- [74c1a07b-b54b-4322-a83c-35b296f4ccec]
26-03-31 11:23:40.012 [Test worker] DEBUG org.hibernate.SQL - 
    /* [34minsert[0m [34mfor[0m
        com.sprint.mission.discodeit.entity.Message */[34minsert[0m 
    [34minto[0m
        messages (author_id, channel_id, content, created_at, updated_at, id) 
    [34mvalues[0m
        (?, ?, ?, ?, ?, ?)
26-03-31 11:23:40.013 [Test worker] TRACE org.hibernate.orm.jdbc.bind - binding parameter (1:UUID) <- [af01635a-4100-4dc2-9932-ae4a438c66f1]
26-03-31 11:23:40.013 [Test worker] TRACE org.hibernate.orm.jdbc.bind - binding parameter (2:UUID) <- [5fc8fd2e-31e4-4726-a1c3-844cf727b736]
26-03-31 11:23:40.014 [Test worker] TRACE org.hibernate.orm.jdbc.bind - binding parameter (3:VARCHAR) <- [2]
26-03-31 11:23:40.014 [Test worker] TRACE org.hibernate.orm.jdbc.bind - binding parameter (4:TIMESTAMP_UTC) <- [2026-03-31T02:23:39.918817500Z]
26-03-31 11:23:40.014 [Test worker] TRACE org.hibernate.orm.jdbc.bind - binding parameter (5:TIMESTAMP_UTC) <- [2026-03-31T02:23:39.918817500Z]
26-03-31 11:23:40.014 [Test worker] TRACE org.hibernate.orm.jdbc.bind - binding parameter (6:UUID) <- [481be757-82c5-4578-bffc-3226efba0a5a]
26-03-31 11:23:40.169 [Test worker] DEBUG org.hibernate.SQL - 
    /* <criteria> */ [34mselect[0m
        m1_0.id,
        m1_0.author_id,
        m1_0.channel_id,
        m1_0.content,
        m1_0.created_at,
        m1_0.updated_at 
    [34mfrom[0m
        messages m1_0 
    [34mleft[0m [34mjoin[0m
        channels c1_0 
            [34mon[0m c1_0.id=m1_0.channel_id 
    [34mwhere[0m
        c1_0.id=?
26-03-31 11:23:40.173 [Test worker] TRACE org.hibernate.orm.jdbc.bind - binding parameter (1:UUID) <- [5fc8fd2e-31e4-4726-a1c3-844cf727b736]
26-03-31 11:23:40.246 [Test worker] DEBUG org.hibernate.SQL - 
    /* [34mdelete[0m [34mfor[0m com.sprint.mission.discodeit.entity.Message */[34mdelete[0m 
    [34mfrom[0m
        messages 
    [34mwhere[0m
        id=?
26-03-31 11:23:40.247 [Test worker] TRACE org.hibernate.orm.jdbc.bind - binding parameter (1:UUID) <- [74c1a07b-b54b-4322-a83c-35b296f4ccec]
26-03-31 11:23:40.252 [Test worker] DEBUG org.hibernate.SQL - 
    /* [34mdelete[0m [34mfor[0m com.sprint.mission.discodeit.entity.Message */[34mdelete[0m 
    [34mfrom[0m
        messages 
    [34mwhere[0m
        id=?
26-03-31 11:23:40.253 [Test worker] TRACE org.hibernate.orm.jdbc.bind - binding parameter (1:UUID) <- [481be757-82c5-4578-bffc-3226efba0a5a]
26-03-31 11:23:40.280 [Test worker] DEBUG org.hibernate.SQL - 
    /* <criteria> */ [34mselect[0m
        m1_0.id,
        m1_0.author_id,
        m1_0.channel_id,
        m1_0.content,
        m1_0.created_at,
        m1_0.updated_at 
    [34mfrom[0m
        messages m1_0
26-03-31 11:23:41.261 [SpringApplicationShutdownHook] INFO  o.s.o.j.LocalContainerEntityManagerFactoryBean - Closing JPA EntityManagerFactory for persistence unit 'default'
26-03-31 11:23:41.269 [SpringApplicationShutdownHook] DEBUG org.hibernate.SQL - 
    [34mdrop[0m [34mtable[0m [34mif[0m [34mexists[0m binary_contents [34mcascade[0m 
26-03-31 11:23:41.278 [SpringApplicationShutdownHook] DEBUG org.hibernate.SQL - 
    [34mdrop[0m [34mtable[0m [34mif[0m [34mexists[0m channels [34mcascade[0m 
26-03-31 11:23:41.282 [SpringApplicationShutdownHook] DEBUG org.hibernate.SQL - 
    [34mdrop[0m [34mtable[0m [34mif[0m [34mexists[0m message_attachments [34mcascade[0m 
26-03-31 11:23:41.283 [SpringApplicationShutdownHook] DEBUG org.hibernate.SQL - 
    [34mdrop[0m [34mtable[0m [34mif[0m [34mexists[0m messages [34mcascade[0m 
26-03-31 11:23:41.287 [SpringApplicationShutdownHook] DEBUG org.hibernate.SQL - 
    [34mdrop[0m [34mtable[0m [34mif[0m [34mexists[0m read_statuses [34mcascade[0m 
26-03-31 11:23:41.289 [SpringApplicationShutdownHook] DEBUG org.hibernate.SQL - 
    [34mdrop[0m [34mtable[0m [34mif[0m [34mexists[0m user_statuses [34mcascade[0m 
26-03-31 11:23:41.292 [SpringApplicationShutdownHook] DEBUG org.hibernate.SQL - 
    [34mdrop[0m [34mtable[0m [34mif[0m [34mexists[0m users [34mcascade[0m 
26-03-31 11:28:21.731 [background-preinit] INFO  o.h.validator.internal.util.Version - HV000001: Hibernate Validator 8.0.3.Final
26-03-31 11:28:21.866 [Test worker] INFO  c.s.m.d.r.MessageRepositoryTest - Starting MessageRepositoryTest using Java 17.0.15 with PID 15024 (started by ASUS in C:\Users\ASUS\Desktop\dev\web\codeit_sprint_bootcamp\sprint-mission\9-sprint-mission\discodeit)
26-03-31 11:28:21.868 [Test worker] INFO  c.s.m.d.r.MessageRepositoryTest - The following 1 profile is active: "test"
26-03-31 11:28:23.183 [Test worker] INFO  o.s.d.r.c.RepositoryConfigurationDelegate - Bootstrapping Spring Data JPA repositories in DEFAULT mode.
26-03-31 11:28:23.439 [Test worker] INFO  o.s.d.r.c.RepositoryConfigurationDelegate - Finished Spring Data repository scanning in 227 ms. Found 6 JPA repository interfaces.
26-03-31 11:28:23.565 [Test worker] INFO  o.s.b.t.a.j.TestDatabaseAutoConfiguration$EmbeddedDataSourceBeanFactoryPostProcessor - Replacing 'dataSource' DataSource bean with embedded version
26-03-31 11:28:23.873 [Test worker] INFO  o.s.j.d.e.EmbeddedDatabaseFactory - Starting embedded database: url='jdbc:h2:mem:aff9db8e-c158-4536-91b9-9dcd5c62afbe;DB_CLOSE_DELAY=-1;DB_CLOSE_ON_EXIT=false', username='sa'
26-03-31 11:28:24.606 [Test worker] INFO  o.h.jpa.internal.util.LogHelper - HHH000204: Processing PersistenceUnitInfo [name: default]
26-03-31 11:28:24.821 [Test worker] INFO  org.hibernate.Version - HHH000412: Hibernate ORM core version 6.6.41.Final
26-03-31 11:28:24.905 [Test worker] INFO  o.h.c.i.RegionFactoryInitiator - HHH000026: Second-level cache disabled
26-03-31 11:28:25.583 [Test worker] INFO  o.s.o.j.p.SpringPersistenceUnitInfo - No LoadTimeWeaver setup: ignoring JPA class transformer
26-03-31 11:28:25.699 [Test worker] WARN  org.hibernate.orm.deprecation - HHH90000025: H2Dialect does not need to be specified explicitly using 'hibernate.dialect' (remove the property setting and it will be selected by default)
26-03-31 11:28:25.756 [Test worker] INFO  o.hibernate.orm.connections.pooling - HHH10001005: Database info:
	Database JDBC URL [Connecting through datasource 'org.springframework.jdbc.datasource.embedded.EmbeddedDatabaseFactory$EmbeddedDataSourceProxy@2166c48a']
	Database driver: undefined/unknown
	Database version: 2.3.232
	Autocommit mode: undefined/unknown
	Isolation level: undefined/unknown
	Minimum pool size: undefined/unknown
	Maximum pool size: undefined/unknown
26-03-31 11:28:27.826 [Test worker] INFO  o.h.e.t.j.p.i.JtaPlatformInitiator - HHH000489: No JTA platform available (set 'hibernate.transaction.jta.platform' to enable JTA platform integration)
26-03-31 11:28:27.860 [Test worker] DEBUG org.hibernate.SQL - 
    [34mdrop[0m [34mtable[0m [34mif[0m [34mexists[0m binary_contents [34mcascade[0m 
26-03-31 11:28:27.868 [Test worker] DEBUG org.hibernate.SQL - 
    [34mdrop[0m [34mtable[0m [34mif[0m [34mexists[0m channels [34mcascade[0m 
26-03-31 11:28:27.869 [Test worker] DEBUG org.hibernate.SQL - 
    [34mdrop[0m [34mtable[0m [34mif[0m [34mexists[0m message_attachments [34mcascade[0m 
26-03-31 11:28:27.870 [Test worker] DEBUG org.hibernate.SQL - 
    [34mdrop[0m [34mtable[0m [34mif[0m [34mexists[0m messages [34mcascade[0m 
26-03-31 11:28:27.871 [Test worker] DEBUG org.hibernate.SQL - 
    [34mdrop[0m [34mtable[0m [34mif[0m [34mexists[0m read_statuses [34mcascade[0m 
26-03-31 11:28:27.871 [Test worker] DEBUG org.hibernate.SQL - 
    [34mdrop[0m [34mtable[0m [34mif[0m [34mexists[0m user_statuses [34mcascade[0m 
26-03-31 11:28:27.872 [Test worker] DEBUG org.hibernate.SQL - 
    [34mdrop[0m [34mtable[0m [34mif[0m [34mexists[0m users [34mcascade[0m 
26-03-31 11:28:27.881 [Test worker] DEBUG org.hibernate.SQL - 
    [34mcreate[0m [34mtable[0m binary_contents (
        created_at [34mtimestamp[0m [34mwith[0m [34mtime[0m zone [34mnot[0m [34mnull[0m,
        size [34mbigint[0m [34mnot[0m [34mnull[0m,
        id uuid [34mnot[0m [34mnull[0m,
        content_type [34mvarchar[0m(100) [34mnot[0m [34mnull[0m,
        file_name [34mvarchar[0m(255) [34mnot[0m [34mnull[0m,
        [34mprimary[0m [34mkey[0m (id)
    )
26-03-31 11:28:27.896 [Test worker] DEBUG org.hibernate.SQL - 
    [34mcreate[0m [34mtable[0m channels (
        created_at [34mtimestamp[0m [34mwith[0m [34mtime[0m zone [34mnot[0m [34mnull[0m,
        updated_at [34mtimestamp[0m [34mwith[0m [34mtime[0m zone,
        id uuid [34mnot[0m [34mnull[0m,
        name [34mvarchar[0m(100),
        description [34mvarchar[0m(500),
        type enum ([36m'PRIVATE'[0m,[36m'PUBLIC'[0m) [34mnot[0m [34mnull[0m,
        [34mprimary[0m [34mkey[0m (id)
    )
26-03-31 11:28:27.900 [Test worker] DEBUG org.hibernate.SQL - 
    [34mcreate[0m [34mtable[0m message_attachments (
        attachment_id uuid [34mnot[0m [34mnull[0m,
        message_id uuid [34mnot[0m [34mnull[0m
    )
26-03-31 11:28:27.902 [Test worker] DEBUG org.hibernate.SQL - 
    [34mcreate[0m [34mtable[0m messages (
        created_at [34mtimestamp[0m [34mwith[0m [34mtime[0m zone [34mnot[0m [34mnull[0m,
        updated_at [34mtimestamp[0m [34mwith[0m [34mtime[0m zone,
        author_id uuid [34mnot[0m [34mnull[0m,
        channel_id uuid [34mnot[0m [34mnull[0m,
        id uuid [34mnot[0m [34mnull[0m,
        content TEXT,
        [34mprimary[0m [34mkey[0m (id)
    )
26-03-31 11:28:27.906 [Test worker] DEBUG org.hibernate.SQL - 
    [34mcreate[0m [34mtable[0m read_statuses (
        created_at [34mtimestamp[0m [34mwith[0m [34mtime[0m zone [34mnot[0m [34mnull[0m,
        last_read_at [34mtimestamp[0m(6) [34mwith[0m [34mtime[0m zone [34mnot[0m [34mnull[0m,
        updated_at [34mtimestamp[0m [34mwith[0m [34mtime[0m zone,
        channel_id uuid [34mnot[0m [34mnull[0m,
        id uuid [34mnot[0m [34mnull[0m,
        user_id uuid [34mnot[0m [34mnull[0m,
        [34mprimary[0m [34mkey[0m (id),
        [34mconstraint[0m uk_user_channel [34munique[0m (user_id, channel_id)
    )
26-03-31 11:28:27.912 [Test worker] DEBUG org.hibernate.SQL - 
    [34mcreate[0m [34mtable[0m user_statuses (
        created_at [34mtimestamp[0m [34mwith[0m [34mtime[0m zone [34mnot[0m [34mnull[0m,
        last_active_at [34mtimestamp[0m(6) [34mwith[0m [34mtime[0m zone [34mnot[0m [34mnull[0m,
        updated_at [34mtimestamp[0m [34mwith[0m [34mtime[0m zone,
        id uuid [34mnot[0m [34mnull[0m,
        user_id uuid [34munique[0m,
        [34mprimary[0m [34mkey[0m (id)
    )
26-03-31 11:28:27.916 [Test worker] DEBUG org.hibernate.SQL - 
    [34mcreate[0m [34mtable[0m users (
        created_at [34mtimestamp[0m [34mwith[0m [34mtime[0m zone [34mnot[0m [34mnull[0m,
        updated_at [34mtimestamp[0m [34mwith[0m [34mtime[0m zone,
        id uuid [34mnot[0m [34mnull[0m,
        profile_id uuid [34munique[0m,
        username [34mvarchar[0m(50) [34mnot[0m [34mnull[0m [34munique[0m,
        password [34mvarchar[0m(60) [34mnot[0m [34mnull[0m,
        email [34mvarchar[0m(100) [34mnot[0m [34mnull[0m [34munique[0m,
        [34mprimary[0m [34mkey[0m (id)
    )
26-03-31 11:28:27.923 [Test worker] DEBUG org.hibernate.SQL - 
    [34malter[0m [34mtable[0m [34mif[0m [34mexists[0m message_attachments 
       [34madd[0m [34mconstraint[0m FKsd1m8rb8jcpbcnb7rpdue7ctc 
       [34mforeign[0m [34mkey[0m (attachment_id) 
       [34mreferences[0m binary_contents
26-03-31 11:28:27.945 [Test worker] DEBUG org.hibernate.SQL - 
    [34malter[0m [34mtable[0m [34mif[0m [34mexists[0m message_attachments 
       [34madd[0m [34mconstraint[0m FKj7twd218e2gqw9cmlhwvo1rth 
       [34mforeign[0m [34mkey[0m (message_id) 
       [34mreferences[0m messages
26-03-31 11:28:27.949 [Test worker] DEBUG org.hibernate.SQL - 
    [34malter[0m [34mtable[0m [34mif[0m [34mexists[0m messages 
       [34madd[0m [34mconstraint[0m FKowtlim26svclkatusptbgi7u1 
       [34mforeign[0m [34mkey[0m (author_id) 
       [34mreferences[0m users
26-03-31 11:28:27.952 [Test worker] DEBUG org.hibernate.SQL - 
    [34malter[0m [34mtable[0m [34mif[0m [34mexists[0m messages 
       [34madd[0m [34mconstraint[0m FK3u3ckbhwq9se1cmopk2pq05b2 
       [34mforeign[0m [34mkey[0m (channel_id) 
       [34mreferences[0m channels
26-03-31 11:28:27.956 [Test worker] DEBUG org.hibernate.SQL - 
    [34malter[0m [34mtable[0m [34mif[0m [34mexists[0m read_statuses 
       [34madd[0m [34mconstraint[0m FKa38ri44ml4gfdpklx4ahqr8gd 
       [34mforeign[0m [34mkey[0m (channel_id) 
       [34mreferences[0m channels
26-03-31 11:28:27.959 [Test worker] DEBUG org.hibernate.SQL - 
    [34malter[0m [34mtable[0m [34mif[0m [34mexists[0m read_statuses 
       [34madd[0m [34mconstraint[0m FKml3k4wr9sj5yxrmj6d0aoib2e 
       [34mforeign[0m [34mkey[0m (user_id) 
       [34mreferences[0m users
26-03-31 11:28:27.963 [Test worker] DEBUG org.hibernate.SQL - 
    [34malter[0m [34mtable[0m [34mif[0m [34mexists[0m user_statuses 
       [34madd[0m [34mconstraint[0m FK4lfl3ei2ubchgcxrrpo3pw4mm 
       [34mforeign[0m [34mkey[0m (user_id) 
       [34mreferences[0m users
26-03-31 11:28:27.967 [Test worker] DEBUG org.hibernate.SQL - 
    [34malter[0m [34mtable[0m [34mif[0m [34mexists[0m users 
       [34madd[0m [34mconstraint[0m FKtbudycgrip49xdptogmhfqnso 
       [34mforeign[0m [34mkey[0m (profile_id) 
       [34mreferences[0m binary_contents
26-03-31 11:28:27.977 [Test worker] INFO  o.s.o.j.LocalContainerEntityManagerFactoryBean - Initialized JPA EntityManagerFactory for persistence unit 'default'
26-03-31 11:28:29.027 [Test worker] INFO  o.s.d.j.r.query.QueryEnhancerFactory - Hibernate is in classpath; If applicable, HQL parser will be used.
26-03-31 11:28:30.542 [Test worker] INFO  c.s.m.d.r.MessageRepositoryTest - Started MessageRepositoryTest in 9.866 seconds (process running for 12.355)
26-03-31 11:28:31.422 [SpringApplicationShutdownHook] INFO  o.s.o.j.LocalContainerEntityManagerFactoryBean - Closing JPA EntityManagerFactory for persistence unit 'default'
26-03-31 11:28:31.423 [SpringApplicationShutdownHook] DEBUG org.hibernate.SQL - 
    [34mdrop[0m [34mtable[0m [34mif[0m [34mexists[0m binary_contents [34mcascade[0m 
26-03-31 11:28:31.428 [SpringApplicationShutdownHook] DEBUG org.hibernate.SQL - 
    [34mdrop[0m [34mtable[0m [34mif[0m [34mexists[0m channels [34mcascade[0m 
26-03-31 11:28:31.429 [SpringApplicationShutdownHook] DEBUG org.hibernate.SQL - 
    [34mdrop[0m [34mtable[0m [34mif[0m [34mexists[0m message_attachments [34mcascade[0m 
26-03-31 11:28:31.430 [SpringApplicationShutdownHook] DEBUG org.hibernate.SQL - 
    [34mdrop[0m [34mtable[0m [34mif[0m [34mexists[0m messages [34mcascade[0m 
26-03-31 11:28:31.431 [SpringApplicationShutdownHook] DEBUG org.hibernate.SQL - 
    [34mdrop[0m [34mtable[0m [34mif[0m [34mexists[0m read_statuses [34mcascade[0m 
26-03-31 11:28:31.432 [SpringApplicationShutdownHook] DEBUG org.hibernate.SQL - 
    [34mdrop[0m [34mtable[0m [34mif[0m [34mexists[0m user_statuses [34mcascade[0m 
26-03-31 11:28:31.435 [SpringApplicationShutdownHook] DEBUG org.hibernate.SQL - 
    [34mdrop[0m [34mtable[0m [34mif[0m [34mexists[0m users [34mcascade[0m 
26-03-31 11:29:37.759 [background-preinit] INFO  o.h.validator.internal.util.Version - HV000001: Hibernate Validator 8.0.3.Final
26-03-31 11:29:37.874 [Test worker] INFO  c.s.m.d.r.MessageRepositoryTest - Starting MessageRepositoryTest using Java 17.0.15 with PID 19276 (started by ASUS in C:\Users\ASUS\Desktop\dev\web\codeit_sprint_bootcamp\sprint-mission\9-sprint-mission\discodeit)
26-03-31 11:29:37.876 [Test worker] INFO  c.s.m.d.r.MessageRepositoryTest - The following 1 profile is active: "test"
26-03-31 11:29:39.071 [Test worker] INFO  o.s.d.r.c.RepositoryConfigurationDelegate - Bootstrapping Spring Data JPA repositories in DEFAULT mode.
26-03-31 11:29:39.279 [Test worker] INFO  o.s.d.r.c.RepositoryConfigurationDelegate - Finished Spring Data repository scanning in 187 ms. Found 6 JPA repository interfaces.
26-03-31 11:29:39.394 [Test worker] INFO  o.s.b.t.a.j.TestDatabaseAutoConfiguration$EmbeddedDataSourceBeanFactoryPostProcessor - Replacing 'dataSource' DataSource bean with embedded version
26-03-31 11:29:39.661 [Test worker] INFO  o.s.j.d.e.EmbeddedDatabaseFactory - Starting embedded database: url='jdbc:h2:mem:992400e1-4d7a-49c0-b435-64a566b1a6e9;DB_CLOSE_DELAY=-1;DB_CLOSE_ON_EXIT=false', username='sa'
26-03-31 11:29:40.203 [Test worker] INFO  o.h.jpa.internal.util.LogHelper - HHH000204: Processing PersistenceUnitInfo [name: default]
26-03-31 11:29:40.359 [Test worker] INFO  org.hibernate.Version - HHH000412: Hibernate ORM core version 6.6.41.Final
26-03-31 11:29:40.438 [Test worker] INFO  o.h.c.i.RegionFactoryInitiator - HHH000026: Second-level cache disabled
26-03-31 11:29:41.010 [Test worker] INFO  o.s.o.j.p.SpringPersistenceUnitInfo - No LoadTimeWeaver setup: ignoring JPA class transformer
26-03-31 11:29:41.099 [Test worker] WARN  org.hibernate.orm.deprecation - HHH90000025: H2Dialect does not need to be specified explicitly using 'hibernate.dialect' (remove the property setting and it will be selected by default)
26-03-31 11:29:41.139 [Test worker] INFO  o.hibernate.orm.connections.pooling - HHH10001005: Database info:
	Database JDBC URL [Connecting through datasource 'org.springframework.jdbc.datasource.embedded.EmbeddedDatabaseFactory$EmbeddedDataSourceProxy@460eb276']
	Database driver: undefined/unknown
	Database version: 2.3.232
	Autocommit mode: undefined/unknown
	Isolation level: undefined/unknown
	Minimum pool size: undefined/unknown
	Maximum pool size: undefined/unknown
26-03-31 11:29:42.966 [Test worker] INFO  o.h.e.t.j.p.i.JtaPlatformInitiator - HHH000489: No JTA platform available (set 'hibernate.transaction.jta.platform' to enable JTA platform integration)
26-03-31 11:29:42.996 [Test worker] DEBUG org.hibernate.SQL - 
    [34mdrop[0m [34mtable[0m [34mif[0m [34mexists[0m binary_contents [34mcascade[0m 
26-03-31 11:29:43.003 [Test worker] DEBUG org.hibernate.SQL - 
    [34mdrop[0m [34mtable[0m [34mif[0m [34mexists[0m channels [34mcascade[0m 
26-03-31 11:29:43.004 [Test worker] DEBUG org.hibernate.SQL - 
    [34mdrop[0m [34mtable[0m [34mif[0m [34mexists[0m message_attachments [34mcascade[0m 
26-03-31 11:29:43.005 [Test worker] DEBUG org.hibernate.SQL - 
    [34mdrop[0m [34mtable[0m [34mif[0m [34mexists[0m messages [34mcascade[0m 
26-03-31 11:29:43.006 [Test worker] DEBUG org.hibernate.SQL - 
    [34mdrop[0m [34mtable[0m [34mif[0m [34mexists[0m read_statuses [34mcascade[0m 
26-03-31 11:29:43.007 [Test worker] DEBUG org.hibernate.SQL - 
    [34mdrop[0m [34mtable[0m [34mif[0m [34mexists[0m user_statuses [34mcascade[0m 
26-03-31 11:29:43.008 [Test worker] DEBUG org.hibernate.SQL - 
    [34mdrop[0m [34mtable[0m [34mif[0m [34mexists[0m users [34mcascade[0m 
26-03-31 11:29:43.016 [Test worker] DEBUG org.hibernate.SQL - 
    [34mcreate[0m [34mtable[0m binary_contents (
        created_at [34mtimestamp[0m [34mwith[0m [34mtime[0m zone [34mnot[0m [34mnull[0m,
        size [34mbigint[0m [34mnot[0m [34mnull[0m,
        id uuid [34mnot[0m [34mnull[0m,
        content_type [34mvarchar[0m(100) [34mnot[0m [34mnull[0m,
        file_name [34mvarchar[0m(255) [34mnot[0m [34mnull[0m,
        [34mprimary[0m [34mkey[0m (id)
    )
26-03-31 11:29:43.029 [Test worker] DEBUG org.hibernate.SQL - 
    [34mcreate[0m [34mtable[0m channels (
        created_at [34mtimestamp[0m [34mwith[0m [34mtime[0m zone [34mnot[0m [34mnull[0m,
        updated_at [34mtimestamp[0m [34mwith[0m [34mtime[0m zone,
        id uuid [34mnot[0m [34mnull[0m,
        name [34mvarchar[0m(100),
        description [34mvarchar[0m(500),
        type enum ([36m'PRIVATE'[0m,[36m'PUBLIC'[0m) [34mnot[0m [34mnull[0m,
        [34mprimary[0m [34mkey[0m (id)
    )
26-03-31 11:29:43.034 [Test worker] DEBUG org.hibernate.SQL - 
    [34mcreate[0m [34mtable[0m message_attachments (
        attachment_id uuid [34mnot[0m [34mnull[0m,
        message_id uuid [34mnot[0m [34mnull[0m
    )
26-03-31 11:29:43.036 [Test worker] DEBUG org.hibernate.SQL - 
    [34mcreate[0m [34mtable[0m messages (
        created_at [34mtimestamp[0m [34mwith[0m [34mtime[0m zone [34mnot[0m [34mnull[0m,
        updated_at [34mtimestamp[0m [34mwith[0m [34mtime[0m zone,
        author_id uuid [34mnot[0m [34mnull[0m,
        channel_id uuid [34mnot[0m [34mnull[0m,
        id uuid [34mnot[0m [34mnull[0m,
        content TEXT,
        [34mprimary[0m [34mkey[0m (id)
    )
26-03-31 11:29:43.039 [Test worker] DEBUG org.hibernate.SQL - 
    [34mcreate[0m [34mtable[0m read_statuses (
        created_at [34mtimestamp[0m [34mwith[0m [34mtime[0m zone [34mnot[0m [34mnull[0m,
        last_read_at [34mtimestamp[0m(6) [34mwith[0m [34mtime[0m zone [34mnot[0m [34mnull[0m,
        updated_at [34mtimestamp[0m [34mwith[0m [34mtime[0m zone,
        channel_id uuid [34mnot[0m [34mnull[0m,
        id uuid [34mnot[0m [34mnull[0m,
        user_id uuid [34mnot[0m [34mnull[0m,
        [34mprimary[0m [34mkey[0m (id),
        [34mconstraint[0m uk_user_channel [34munique[0m (user_id, channel_id)
    )
26-03-31 11:29:43.043 [Test worker] DEBUG org.hibernate.SQL - 
    [34mcreate[0m [34mtable[0m user_statuses (
        created_at [34mtimestamp[0m [34mwith[0m [34mtime[0m zone [34mnot[0m [34mnull[0m,
        last_active_at [34mtimestamp[0m(6) [34mwith[0m [34mtime[0m zone [34mnot[0m [34mnull[0m,
        updated_at [34mtimestamp[0m [34mwith[0m [34mtime[0m zone,
        id uuid [34mnot[0m [34mnull[0m,
        user_id uuid [34munique[0m,
        [34mprimary[0m [34mkey[0m (id)
    )
26-03-31 11:29:43.047 [Test worker] DEBUG org.hibernate.SQL - 
    [34mcreate[0m [34mtable[0m users (
        created_at [34mtimestamp[0m [34mwith[0m [34mtime[0m zone [34mnot[0m [34mnull[0m,
        updated_at [34mtimestamp[0m [34mwith[0m [34mtime[0m zone,
        id uuid [34mnot[0m [34mnull[0m,
        profile_id uuid [34munique[0m,
        username [34mvarchar[0m(50) [34mnot[0m [34mnull[0m [34munique[0m,
        password [34mvarchar[0m(60) [34mnot[0m [34mnull[0m,
        email [34mvarchar[0m(100) [34mnot[0m [34mnull[0m [34munique[0m,
        [34mprimary[0m [34mkey[0m (id)
    )
26-03-31 11:29:43.053 [Test worker] DEBUG org.hibernate.SQL - 
    [34malter[0m [34mtable[0m [34mif[0m [34mexists[0m message_attachments 
       [34madd[0m [34mconstraint[0m FKsd1m8rb8jcpbcnb7rpdue7ctc 
       [34mforeign[0m [34mkey[0m (attachment_id) 
       [34mreferences[0m binary_contents
26-03-31 11:29:43.075 [Test worker] DEBUG org.hibernate.SQL - 
    [34malter[0m [34mtable[0m [34mif[0m [34mexists[0m message_attachments 
       [34madd[0m [34mconstraint[0m FKj7twd218e2gqw9cmlhwvo1rth 
       [34mforeign[0m [34mkey[0m (message_id) 
       [34mreferences[0m messages
26-03-31 11:29:43.078 [Test worker] DEBUG org.hibernate.SQL - 
    [34malter[0m [34mtable[0m [34mif[0m [34mexists[0m messages 
       [34madd[0m [34mconstraint[0m FKowtlim26svclkatusptbgi7u1 
       [34mforeign[0m [34mkey[0m (author_id) 
       [34mreferences[0m users
26-03-31 11:29:43.081 [Test worker] DEBUG org.hibernate.SQL - 
    [34malter[0m [34mtable[0m [34mif[0m [34mexists[0m messages 
       [34madd[0m [34mconstraint[0m FK3u3ckbhwq9se1cmopk2pq05b2 
       [34mforeign[0m [34mkey[0m (channel_id) 
       [34mreferences[0m channels
26-03-31 11:29:43.086 [Test worker] DEBUG org.hibernate.SQL - 
    [34malter[0m [34mtable[0m [34mif[0m [34mexists[0m read_statuses 
       [34madd[0m [34mconstraint[0m FKa38ri44ml4gfdpklx4ahqr8gd 
       [34mforeign[0m [34mkey[0m (channel_id) 
       [34mreferences[0m channels
26-03-31 11:29:43.089 [Test worker] DEBUG org.hibernate.SQL - 
    [34malter[0m [34mtable[0m [34mif[0m [34mexists[0m read_statuses 
       [34madd[0m [34mconstraint[0m FKml3k4wr9sj5yxrmj6d0aoib2e 
       [34mforeign[0m [34mkey[0m (user_id) 
       [34mreferences[0m users
26-03-31 11:29:43.091 [Test worker] DEBUG org.hibernate.SQL - 
    [34malter[0m [34mtable[0m [34mif[0m [34mexists[0m user_statuses 
       [34madd[0m [34mconstraint[0m FK4lfl3ei2ubchgcxrrpo3pw4mm 
       [34mforeign[0m [34mkey[0m (user_id) 
       [34mreferences[0m users
26-03-31 11:29:43.093 [Test worker] DEBUG org.hibernate.SQL - 
    [34malter[0m [34mtable[0m [34mif[0m [34mexists[0m users 
       [34madd[0m [34mconstraint[0m FKtbudycgrip49xdptogmhfqnso 
       [34mforeign[0m [34mkey[0m (profile_id) 
       [34mreferences[0m binary_contents
26-03-31 11:29:43.102 [Test worker] INFO  o.s.o.j.LocalContainerEntityManagerFactoryBean - Initialized JPA EntityManagerFactory for persistence unit 'default'
26-03-31 11:29:43.902 [Test worker] INFO  o.s.d.j.r.query.QueryEnhancerFactory - Hibernate is in classpath; If applicable, HQL parser will be used.
26-03-31 11:29:45.376 [Test worker] INFO  c.s.m.d.r.MessageRepositoryTest - Started MessageRepositoryTest in 8.561 seconds (process running for 10.978)
26-03-31 11:29:46.331 [Test worker] DEBUG org.hibernate.SQL - 
    /* [34minsert[0m [34mfor[0m
        com.sprint.mission.discodeit.entity.[34mUser[0m */[34minsert[0m 
    [34minto[0m
        users (created_at, email, password, profile_id, updated_at, username, id) 
    [34mvalues[0m
        (?, ?, ?, ?, ?, ?, ?)
26-03-31 11:29:46.336 [Test worker] TRACE org.hibernate.orm.jdbc.bind - binding parameter (1:TIMESTAMP_UTC) <- [2026-03-31T02:29:46.221438200Z]
26-03-31 11:29:46.342 [Test worker] TRACE org.hibernate.orm.jdbc.bind - binding parameter (2:VARCHAR) <- [t@t.com]
26-03-31 11:29:46.342 [Test worker] TRACE org.hibernate.orm.jdbc.bind - binding parameter (3:VARCHAR) <- [p]
26-03-31 11:29:46.342 [Test worker] TRACE org.hibernate.orm.jdbc.bind - binding parameter (4:UUID) <- [null]
26-03-31 11:29:46.342 [Test worker] TRACE org.hibernate.orm.jdbc.bind - binding parameter (5:TIMESTAMP_UTC) <- [2026-03-31T02:29:46.221438200Z]
26-03-31 11:29:46.342 [Test worker] TRACE org.hibernate.orm.jdbc.bind - binding parameter (6:VARCHAR) <- [test]
26-03-31 11:29:46.343 [Test worker] TRACE org.hibernate.orm.jdbc.bind - binding parameter (7:UUID) <- [e5bb8838-57bb-4d65-818d-57a8c9e1e353]
26-03-31 11:29:46.358 [Test worker] DEBUG org.hibernate.SQL - 
    /* [34minsert[0m [34mfor[0m
        com.sprint.mission.discodeit.entity.Channel */[34minsert[0m 
    [34minto[0m
        channels (created_at, description, name, type, updated_at, id) 
    [34mvalues[0m
        (?, ?, ?, ?, ?, ?)
26-03-31 11:29:46.359 [Test worker] TRACE org.hibernate.orm.jdbc.bind - binding parameter (1:TIMESTAMP_UTC) <- [2026-03-31T02:29:46.298448500Z]
26-03-31 11:29:46.360 [Test worker] TRACE org.hibernate.orm.jdbc.bind - binding parameter (2:VARCHAR) <- [null]
26-03-31 11:29:46.360 [Test worker] TRACE org.hibernate.orm.jdbc.bind - binding parameter (3:VARCHAR) <- [test]
26-03-31 11:29:46.360 [Test worker] TRACE org.hibernate.orm.jdbc.bind - binding parameter (4:ENUM) <- [PUBLIC]
26-03-31 11:29:46.360 [Test worker] TRACE org.hibernate.orm.jdbc.bind - binding parameter (5:TIMESTAMP_UTC) <- [2026-03-31T02:29:46.298448500Z]
26-03-31 11:29:46.360 [Test worker] TRACE org.hibernate.orm.jdbc.bind - binding parameter (6:UUID) <- [c3ff0699-ce50-443c-a703-3d631deaf4f4]
26-03-31 11:29:46.362 [Test worker] DEBUG org.hibernate.SQL - 
    /* [34minsert[0m [34mfor[0m
        com.sprint.mission.discodeit.entity.Message */[34minsert[0m 
    [34minto[0m
        messages (author_id, channel_id, content, created_at, updated_at, id) 
    [34mvalues[0m
        (?, ?, ?, ?, ?, ?)
26-03-31 11:29:46.363 [Test worker] TRACE org.hibernate.orm.jdbc.bind - binding parameter (1:UUID) <- [e5bb8838-57bb-4d65-818d-57a8c9e1e353]
26-03-31 11:29:46.363 [Test worker] TRACE org.hibernate.orm.jdbc.bind - binding parameter (2:UUID) <- [c3ff0699-ce50-443c-a703-3d631deaf4f4]
26-03-31 11:29:46.363 [Test worker] TRACE org.hibernate.orm.jdbc.bind - binding parameter (3:VARCHAR) <- [old]
26-03-31 11:29:46.364 [Test worker] TRACE org.hibernate.orm.jdbc.bind - binding parameter (4:TIMESTAMP_UTC) <- [2026-03-31T02:29:46.305966700Z]
26-03-31 11:29:46.364 [Test worker] TRACE org.hibernate.orm.jdbc.bind - binding parameter (5:TIMESTAMP_UTC) <- [2026-03-31T02:29:46.305966700Z]
26-03-31 11:29:46.364 [Test worker] TRACE org.hibernate.orm.jdbc.bind - binding parameter (6:UUID) <- [74de4e38-f077-4902-84e6-1f3b86e494d7]
26-03-31 11:29:46.366 [Test worker] DEBUG org.hibernate.SQL - 
    /* [34minsert[0m [34mfor[0m
        com.sprint.mission.discodeit.entity.Message */[34minsert[0m 
    [34minto[0m
        messages (author_id, channel_id, content, created_at, updated_at, id) 
    [34mvalues[0m
        (?, ?, ?, ?, ?, ?)
26-03-31 11:29:46.367 [Test worker] TRACE org.hibernate.orm.jdbc.bind - binding parameter (1:UUID) <- [e5bb8838-57bb-4d65-818d-57a8c9e1e353]
26-03-31 11:29:46.367 [Test worker] TRACE org.hibernate.orm.jdbc.bind - binding parameter (2:UUID) <- [c3ff0699-ce50-443c-a703-3d631deaf4f4]
26-03-31 11:29:46.367 [Test worker] TRACE org.hibernate.orm.jdbc.bind - binding parameter (3:VARCHAR) <- [new]
26-03-31 11:29:46.368 [Test worker] TRACE org.hibernate.orm.jdbc.bind - binding parameter (4:TIMESTAMP_UTC) <- [2026-03-31T02:29:46.311967100Z]
26-03-31 11:29:46.368 [Test worker] TRACE org.hibernate.orm.jdbc.bind - binding parameter (5:TIMESTAMP_UTC) <- [2026-03-31T02:29:46.311967100Z]
26-03-31 11:29:46.368 [Test worker] TRACE org.hibernate.orm.jdbc.bind - binding parameter (6:UUID) <- [b76edfa6-ea71-437b-8331-13a9e47b2147]
26-03-31 11:29:46.405 [Test worker] DEBUG org.hibernate.SQL - 
    /* [34mdynamic[0m native [34mSQL[0m query */ [34mUPDATE[0m
        messages 
    [34mSET[0m
        created_at = ? 
    [34mWHERE[0m
        id = ?
26-03-31 11:29:46.407 [Test worker] TRACE org.hibernate.orm.jdbc.bind - binding parameter (1:TIMESTAMP_UTC) <- [2026-03-31T10:00:00Z]
26-03-31 11:29:46.407 [Test worker] TRACE org.hibernate.orm.jdbc.bind - binding parameter (2:UUID) <- [74de4e38-f077-4902-84e6-1f3b86e494d7]
26-03-31 11:29:46.409 [Test worker] DEBUG org.hibernate.SQL - 
    /* [34mdynamic[0m native [34mSQL[0m query */ [34mUPDATE[0m
        messages 
    [34mSET[0m
        created_at = ? 
    [34mWHERE[0m
        id = ?
26-03-31 11:29:46.410 [Test worker] TRACE org.hibernate.orm.jdbc.bind - binding parameter (1:TIMESTAMP_UTC) <- [2026-03-31T10:00:02Z]
26-03-31 11:29:46.410 [Test worker] TRACE org.hibernate.orm.jdbc.bind - binding parameter (2:UUID) <- [b76edfa6-ea71-437b-8331-13a9e47b2147]
26-03-31 11:29:46.481 [Test worker] DEBUG org.hibernate.SQL - 
    /* [34mSELECT[0m
        m 
    [34mFROM[0m
        Message m 
    [34mWHERE[0m
        m.channel.id = :channelId 
        [34mAND[0m m.createdAt < :cursor 
    [34mORDER[0m [34mBY[0m
        m.createdAt DESC */ [34mselect[0m
            m1_0.id,
            m1_0.author_id,
            m1_0.channel_id,
            m1_0.content,
            m1_0.created_at,
            m1_0.updated_at 
        [34mfrom[0m
            messages m1_0 
        [34mwhere[0m
            m1_0.channel_id=? 
            [34mand[0m m1_0.created_at<? 
        [34morder[0m [34mby[0m
            m1_0.created_at desc 
        [34mfetch[0m
            first ? [34mrows[0m [34monly[0m
26-03-31 11:29:46.484 [Test worker] TRACE org.hibernate.orm.jdbc.bind - binding parameter (1:UUID) <- [c3ff0699-ce50-443c-a703-3d631deaf4f4]
26-03-31 11:29:46.484 [Test worker] TRACE org.hibernate.orm.jdbc.bind - binding parameter (2:TIMESTAMP_UTC) <- [2026-03-31T10:00:01Z]
26-03-31 11:29:46.485 [Test worker] TRACE org.hibernate.orm.jdbc.bind - binding parameter (3:INTEGER) <- [11]
26-03-31 11:29:46.606 [SpringApplicationShutdownHook] INFO  o.s.o.j.LocalContainerEntityManagerFactoryBean - Closing JPA EntityManagerFactory for persistence unit 'default'
26-03-31 11:29:46.607 [SpringApplicationShutdownHook] DEBUG org.hibernate.SQL - 
    [34mdrop[0m [34mtable[0m [34mif[0m [34mexists[0m binary_contents [34mcascade[0m 
26-03-31 11:29:46.609 [SpringApplicationShutdownHook] DEBUG org.hibernate.SQL - 
    [34mdrop[0m [34mtable[0m [34mif[0m [34mexists[0m channels [34mcascade[0m 
26-03-31 11:29:46.610 [SpringApplicationShutdownHook] DEBUG org.hibernate.SQL - 
    [34mdrop[0m [34mtable[0m [34mif[0m [34mexists[0m message_attachments [34mcascade[0m 
26-03-31 11:29:46.610 [SpringApplicationShutdownHook] DEBUG org.hibernate.SQL - 
    [34mdrop[0m [34mtable[0m [34mif[0m [34mexists[0m messages [34mcascade[0m 
26-03-31 11:29:46.610 [SpringApplicationShutdownHook] DEBUG org.hibernate.SQL - 
    [34mdrop[0m [34mtable[0m [34mif[0m [34mexists[0m read_statuses [34mcascade[0m 
26-03-31 11:29:46.611 [SpringApplicationShutdownHook] DEBUG org.hibernate.SQL - 
    [34mdrop[0m [34mtable[0m [34mif[0m [34mexists[0m user_statuses [34mcascade[0m 
26-03-31 11:29:46.612 [SpringApplicationShutdownHook] DEBUG org.hibernate.SQL - 
    [34mdrop[0m [34mtable[0m [34mif[0m [34mexists[0m users [34mcascade[0m 
26-03-31 11:29:56.725 [background-preinit] INFO  o.h.validator.internal.util.Version - HV000001: Hibernate Validator 8.0.3.Final
26-03-31 11:29:56.847 [Test worker] INFO  c.s.m.d.r.MessageRepositoryTest - Starting MessageRepositoryTest using Java 17.0.15 with PID 10528 (started by ASUS in C:\Users\ASUS\Desktop\dev\web\codeit_sprint_bootcamp\sprint-mission\9-sprint-mission\discodeit)
26-03-31 11:29:56.850 [Test worker] INFO  c.s.m.d.r.MessageRepositoryTest - The following 1 profile is active: "test"
26-03-31 11:29:58.489 [Test worker] INFO  o.s.d.r.c.RepositoryConfigurationDelegate - Bootstrapping Spring Data JPA repositories in DEFAULT mode.
26-03-31 11:29:58.802 [Test worker] INFO  o.s.d.r.c.RepositoryConfigurationDelegate - Finished Spring Data repository scanning in 273 ms. Found 6 JPA repository interfaces.
26-03-31 11:29:58.955 [Test worker] INFO  o.s.b.t.a.j.TestDatabaseAutoConfiguration$EmbeddedDataSourceBeanFactoryPostProcessor - Replacing 'dataSource' DataSource bean with embedded version
26-03-31 11:29:59.299 [Test worker] INFO  o.s.j.d.e.EmbeddedDatabaseFactory - Starting embedded database: url='jdbc:h2:mem:261ff0ea-f650-410e-9c00-03aabe938a13;DB_CLOSE_DELAY=-1;DB_CLOSE_ON_EXIT=false', username='sa'
26-03-31 11:29:59.998 [Test worker] INFO  o.h.jpa.internal.util.LogHelper - HHH000204: Processing PersistenceUnitInfo [name: default]
26-03-31 11:30:00.200 [Test worker] INFO  org.hibernate.Version - HHH000412: Hibernate ORM core version 6.6.41.Final
26-03-31 11:30:00.297 [Test worker] INFO  o.h.c.i.RegionFactoryInitiator - HHH000026: Second-level cache disabled
26-03-31 11:30:01.035 [Test worker] INFO  o.s.o.j.p.SpringPersistenceUnitInfo - No LoadTimeWeaver setup: ignoring JPA class transformer
26-03-31 11:30:01.167 [Test worker] WARN  org.hibernate.orm.deprecation - HHH90000025: H2Dialect does not need to be specified explicitly using 'hibernate.dialect' (remove the property setting and it will be selected by default)
26-03-31 11:30:01.228 [Test worker] INFO  o.hibernate.orm.connections.pooling - HHH10001005: Database info:
	Database JDBC URL [Connecting through datasource 'org.springframework.jdbc.datasource.embedded.EmbeddedDatabaseFactory$EmbeddedDataSourceProxy@25464154']
	Database driver: undefined/unknown
	Database version: 2.3.232
	Autocommit mode: undefined/unknown
	Isolation level: undefined/unknown
	Minimum pool size: undefined/unknown
	Maximum pool size: undefined/unknown
26-03-31 11:30:03.170 [Test worker] INFO  o.h.e.t.j.p.i.JtaPlatformInitiator - HHH000489: No JTA platform available (set 'hibernate.transaction.jta.platform' to enable JTA platform integration)
26-03-31 11:30:03.203 [Test worker] DEBUG org.hibernate.SQL - 
    [34mdrop[0m [34mtable[0m [34mif[0m [34mexists[0m binary_contents [34mcascade[0m 
26-03-31 11:30:03.209 [Test worker] DEBUG org.hibernate.SQL - 
    [34mdrop[0m [34mtable[0m [34mif[0m [34mexists[0m channels [34mcascade[0m 
26-03-31 11:30:03.211 [Test worker] DEBUG org.hibernate.SQL - 
    [34mdrop[0m [34mtable[0m [34mif[0m [34mexists[0m message_attachments [34mcascade[0m 
26-03-31 11:30:03.212 [Test worker] DEBUG org.hibernate.SQL - 
    [34mdrop[0m [34mtable[0m [34mif[0m [34mexists[0m messages [34mcascade[0m 
26-03-31 11:30:03.213 [Test worker] DEBUG org.hibernate.SQL - 
    [34mdrop[0m [34mtable[0m [34mif[0m [34mexists[0m read_statuses [34mcascade[0m 
26-03-31 11:30:03.213 [Test worker] DEBUG org.hibernate.SQL - 
    [34mdrop[0m [34mtable[0m [34mif[0m [34mexists[0m user_statuses [34mcascade[0m 
26-03-31 11:30:03.214 [Test worker] DEBUG org.hibernate.SQL - 
    [34mdrop[0m [34mtable[0m [34mif[0m [34mexists[0m users [34mcascade[0m 
26-03-31 11:30:03.224 [Test worker] DEBUG org.hibernate.SQL - 
    [34mcreate[0m [34mtable[0m binary_contents (
        created_at [34mtimestamp[0m [34mwith[0m [34mtime[0m zone [34mnot[0m [34mnull[0m,
        size [34mbigint[0m [34mnot[0m [34mnull[0m,
        id uuid [34mnot[0m [34mnull[0m,
        content_type [34mvarchar[0m(100) [34mnot[0m [34mnull[0m,
        file_name [34mvarchar[0m(255) [34mnot[0m [34mnull[0m,
        [34mprimary[0m [34mkey[0m (id)
    )
26-03-31 11:30:03.240 [Test worker] DEBUG org.hibernate.SQL - 
    [34mcreate[0m [34mtable[0m channels (
        created_at [34mtimestamp[0m [34mwith[0m [34mtime[0m zone [34mnot[0m [34mnull[0m,
        updated_at [34mtimestamp[0m [34mwith[0m [34mtime[0m zone,
        id uuid [34mnot[0m [34mnull[0m,
        name [34mvarchar[0m(100),
        description [34mvarchar[0m(500),
        type enum ([36m'PRIVATE'[0m,[36m'PUBLIC'[0m) [34mnot[0m [34mnull[0m,
        [34mprimary[0m [34mkey[0m (id)
    )
26-03-31 11:30:03.244 [Test worker] DEBUG org.hibernate.SQL - 
    [34mcreate[0m [34mtable[0m message_attachments (
        attachment_id uuid [34mnot[0m [34mnull[0m,
        message_id uuid [34mnot[0m [34mnull[0m
    )
26-03-31 11:30:03.246 [Test worker] DEBUG org.hibernate.SQL - 
    [34mcreate[0m [34mtable[0m messages (
        created_at [34mtimestamp[0m [34mwith[0m [34mtime[0m zone [34mnot[0m [34mnull[0m,
        updated_at [34mtimestamp[0m [34mwith[0m [34mtime[0m zone,
        author_id uuid [34mnot[0m [34mnull[0m,
        channel_id uuid [34mnot[0m [34mnull[0m,
        id uuid [34mnot[0m [34mnull[0m,
        content TEXT,
        [34mprimary[0m [34mkey[0m (id)
    )
26-03-31 11:30:03.250 [Test worker] DEBUG org.hibernate.SQL - 
    [34mcreate[0m [34mtable[0m read_statuses (
        created_at [34mtimestamp[0m [34mwith[0m [34mtime[0m zone [34mnot[0m [34mnull[0m,
        last_read_at [34mtimestamp[0m(6) [34mwith[0m [34mtime[0m zone [34mnot[0m [34mnull[0m,
        updated_at [34mtimestamp[0m [34mwith[0m [34mtime[0m zone,
        channel_id uuid [34mnot[0m [34mnull[0m,
        id uuid [34mnot[0m [34mnull[0m,
        user_id uuid [34mnot[0m [34mnull[0m,
        [34mprimary[0m [34mkey[0m (id),
        [34mconstraint[0m uk_user_channel [34munique[0m (user_id, channel_id)
    )
26-03-31 11:30:03.255 [Test worker] DEBUG org.hibernate.SQL - 
    [34mcreate[0m [34mtable[0m user_statuses (
        created_at [34mtimestamp[0m [34mwith[0m [34mtime[0m zone [34mnot[0m [34mnull[0m,
        last_active_at [34mtimestamp[0m(6) [34mwith[0m [34mtime[0m zone [34mnot[0m [34mnull[0m,
        updated_at [34mtimestamp[0m [34mwith[0m [34mtime[0m zone,
        id uuid [34mnot[0m [34mnull[0m,
        user_id uuid [34munique[0m,
        [34mprimary[0m [34mkey[0m (id)
    )
26-03-31 11:30:03.259 [Test worker] DEBUG org.hibernate.SQL - 
    [34mcreate[0m [34mtable[0m users (
        created_at [34mtimestamp[0m [34mwith[0m [34mtime[0m zone [34mnot[0m [34mnull[0m,
        updated_at [34mtimestamp[0m [34mwith[0m [34mtime[0m zone,
        id uuid [34mnot[0m [34mnull[0m,
        profile_id uuid [34munique[0m,
        username [34mvarchar[0m(50) [34mnot[0m [34mnull[0m [34munique[0m,
        password [34mvarchar[0m(60) [34mnot[0m [34mnull[0m,
        email [34mvarchar[0m(100) [34mnot[0m [34mnull[0m [34munique[0m,
        [34mprimary[0m [34mkey[0m (id)
    )
26-03-31 11:30:03.266 [Test worker] DEBUG org.hibernate.SQL - 
    [34malter[0m [34mtable[0m [34mif[0m [34mexists[0m message_attachments 
       [34madd[0m [34mconstraint[0m FKsd1m8rb8jcpbcnb7rpdue7ctc 
       [34mforeign[0m [34mkey[0m (attachment_id) 
       [34mreferences[0m binary_contents
26-03-31 11:30:03.288 [Test worker] DEBUG org.hibernate.SQL - 
    [34malter[0m [34mtable[0m [34mif[0m [34mexists[0m message_attachments 
       [34madd[0m [34mconstraint[0m FKj7twd218e2gqw9cmlhwvo1rth 
       [34mforeign[0m [34mkey[0m (message_id) 
       [34mreferences[0m messages
26-03-31 11:30:03.291 [Test worker] DEBUG org.hibernate.SQL - 
    [34malter[0m [34mtable[0m [34mif[0m [34mexists[0m messages 
       [34madd[0m [34mconstraint[0m FKowtlim26svclkatusptbgi7u1 
       [34mforeign[0m [34mkey[0m (author_id) 
       [34mreferences[0m users
26-03-31 11:30:03.294 [Test worker] DEBUG org.hibernate.SQL - 
    [34malter[0m [34mtable[0m [34mif[0m [34mexists[0m messages 
       [34madd[0m [34mconstraint[0m FK3u3ckbhwq9se1cmopk2pq05b2 
       [34mforeign[0m [34mkey[0m (channel_id) 
       [34mreferences[0m channels
26-03-31 11:30:03.297 [Test worker] DEBUG org.hibernate.SQL - 
    [34malter[0m [34mtable[0m [34mif[0m [34mexists[0m read_statuses 
       [34madd[0m [34mconstraint[0m FKa38ri44ml4gfdpklx4ahqr8gd 
       [34mforeign[0m [34mkey[0m (channel_id) 
       [34mreferences[0m channels
26-03-31 11:30:03.300 [Test worker] DEBUG org.hibernate.SQL - 
    [34malter[0m [34mtable[0m [34mif[0m [34mexists[0m read_statuses 
       [34madd[0m [34mconstraint[0m FKml3k4wr9sj5yxrmj6d0aoib2e 
       [34mforeign[0m [34mkey[0m (user_id) 
       [34mreferences[0m users
26-03-31 11:30:03.302 [Test worker] DEBUG org.hibernate.SQL - 
    [34malter[0m [34mtable[0m [34mif[0m [34mexists[0m user_statuses 
       [34madd[0m [34mconstraint[0m FK4lfl3ei2ubchgcxrrpo3pw4mm 
       [34mforeign[0m [34mkey[0m (user_id) 
       [34mreferences[0m users
26-03-31 11:30:03.305 [Test worker] DEBUG org.hibernate.SQL - 
    [34malter[0m [34mtable[0m [34mif[0m [34mexists[0m users 
       [34madd[0m [34mconstraint[0m FKtbudycgrip49xdptogmhfqnso 
       [34mforeign[0m [34mkey[0m (profile_id) 
       [34mreferences[0m binary_contents
26-03-31 11:30:03.315 [Test worker] INFO  o.s.o.j.LocalContainerEntityManagerFactoryBean - Initialized JPA EntityManagerFactory for persistence unit 'default'
26-03-31 11:30:04.401 [Test worker] INFO  o.s.d.j.r.query.QueryEnhancerFactory - Hibernate is in classpath; If applicable, HQL parser will be used.
26-03-31 11:30:06.225 [Test worker] INFO  c.s.m.d.r.MessageRepositoryTest - Started MessageRepositoryTest in 10.434 seconds (process running for 12.772)
26-03-31 11:30:07.174 [Test worker] DEBUG org.hibernate.SQL - 
    /* [34minsert[0m [34mfor[0m
        com.sprint.mission.discodeit.entity.[34mUser[0m */[34minsert[0m 
    [34minto[0m
        users (created_at, email, password, profile_id, updated_at, username, id) 
    [34mvalues[0m
        (?, ?, ?, ?, ?, ?, ?)
26-03-31 11:30:07.183 [Test worker] TRACE org.hibernate.orm.jdbc.bind - binding parameter (1:TIMESTAMP_UTC) <- [2026-03-31T02:30:07.044375300Z]
26-03-31 11:30:07.192 [Test worker] TRACE org.hibernate.orm.jdbc.bind - binding parameter (2:VARCHAR) <- [test@test.com]
26-03-31 11:30:07.192 [Test worker] TRACE org.hibernate.orm.jdbc.bind - binding parameter (3:VARCHAR) <- [test]
26-03-31 11:30:07.192 [Test worker] TRACE org.hibernate.orm.jdbc.bind - binding parameter (4:UUID) <- [null]
26-03-31 11:30:07.194 [Test worker] TRACE org.hibernate.orm.jdbc.bind - binding parameter (5:TIMESTAMP_UTC) <- [2026-03-31T02:30:07.044375300Z]
26-03-31 11:30:07.194 [Test worker] TRACE org.hibernate.orm.jdbc.bind - binding parameter (6:VARCHAR) <- [test]
26-03-31 11:30:07.194 [Test worker] TRACE org.hibernate.orm.jdbc.bind - binding parameter (7:UUID) <- [3ce25462-153f-4c41-a5ab-8e6043de5f77]
26-03-31 11:30:07.218 [Test worker] DEBUG org.hibernate.SQL - 
    /* [34minsert[0m [34mfor[0m
        com.sprint.mission.discodeit.entity.Channel */[34minsert[0m 
    [34minto[0m
        channels (created_at, description, name, type, updated_at, id) 
    [34mvalues[0m
        (?, ?, ?, ?, ?, ?)
26-03-31 11:30:07.220 [Test worker] TRACE org.hibernate.orm.jdbc.bind - binding parameter (1:TIMESTAMP_UTC) <- [2026-03-31T02:30:07.118856600Z]
26-03-31 11:30:07.220 [Test worker] TRACE org.hibernate.orm.jdbc.bind - binding parameter (2:VARCHAR) <- [null]
26-03-31 11:30:07.220 [Test worker] TRACE org.hibernate.orm.jdbc.bind - binding parameter (3:VARCHAR) <- [test]
26-03-31 11:30:07.221 [Test worker] TRACE org.hibernate.orm.jdbc.bind - binding parameter (4:ENUM) <- [PUBLIC]
26-03-31 11:30:07.221 [Test worker] TRACE org.hibernate.orm.jdbc.bind - binding parameter (5:TIMESTAMP_UTC) <- [2026-03-31T02:30:07.118856600Z]
26-03-31 11:30:07.221 [Test worker] TRACE org.hibernate.orm.jdbc.bind - binding parameter (6:UUID) <- [42dc4571-25f7-4acd-872e-0ff2ef63ddea]
26-03-31 11:30:07.223 [Test worker] DEBUG org.hibernate.SQL - 
    /* [34minsert[0m [34mfor[0m
        com.sprint.mission.discodeit.entity.Message */[34minsert[0m 
    [34minto[0m
        messages (author_id, channel_id, content, created_at, updated_at, id) 
    [34mvalues[0m
        (?, ?, ?, ?, ?, ?)
26-03-31 11:30:07.224 [Test worker] TRACE org.hibernate.orm.jdbc.bind - binding parameter (1:UUID) <- [3ce25462-153f-4c41-a5ab-8e6043de5f77]
26-03-31 11:30:07.224 [Test worker] TRACE org.hibernate.orm.jdbc.bind - binding parameter (2:UUID) <- [42dc4571-25f7-4acd-872e-0ff2ef63ddea]
26-03-31 11:30:07.224 [Test worker] TRACE org.hibernate.orm.jdbc.bind - binding parameter (3:VARCHAR) <- [1]
26-03-31 11:30:07.225 [Test worker] TRACE org.hibernate.orm.jdbc.bind - binding parameter (4:TIMESTAMP_UTC) <- [2026-03-31T02:30:07.126380200Z]
26-03-31 11:30:07.225 [Test worker] TRACE org.hibernate.orm.jdbc.bind - binding parameter (5:TIMESTAMP_UTC) <- [2026-03-31T02:30:07.126380200Z]
26-03-31 11:30:07.226 [Test worker] TRACE org.hibernate.orm.jdbc.bind - binding parameter (6:UUID) <- [4e56c09d-fb4e-4b2d-b7bd-cbf1bfd1045d]
26-03-31 11:30:07.227 [Test worker] DEBUG org.hibernate.SQL - 
    /* [34minsert[0m [34mfor[0m
        com.sprint.mission.discodeit.entity.Message */[34minsert[0m 
    [34minto[0m
        messages (author_id, channel_id, content, created_at, updated_at, id) 
    [34mvalues[0m
        (?, ?, ?, ?, ?, ?)
26-03-31 11:30:07.228 [Test worker] TRACE org.hibernate.orm.jdbc.bind - binding parameter (1:UUID) <- [3ce25462-153f-4c41-a5ab-8e6043de5f77]
26-03-31 11:30:07.228 [Test worker] TRACE org.hibernate.orm.jdbc.bind - binding parameter (2:UUID) <- [42dc4571-25f7-4acd-872e-0ff2ef63ddea]
26-03-31 11:30:07.229 [Test worker] TRACE org.hibernate.orm.jdbc.bind - binding parameter (3:VARCHAR) <- [2]
26-03-31 11:30:07.229 [Test worker] TRACE org.hibernate.orm.jdbc.bind - binding parameter (4:TIMESTAMP_UTC) <- [2026-03-31T02:30:07.138449400Z]
26-03-31 11:30:07.229 [Test worker] TRACE org.hibernate.orm.jdbc.bind - binding parameter (5:TIMESTAMP_UTC) <- [2026-03-31T02:30:07.138449400Z]
26-03-31 11:30:07.229 [Test worker] TRACE org.hibernate.orm.jdbc.bind - binding parameter (6:UUID) <- [f23cdfcb-8963-49d4-ba4a-60f2b5d285a2]
26-03-31 11:30:07.381 [Test worker] DEBUG org.hibernate.SQL - 
    /* <criteria> */ [34mselect[0m
        m1_0.id,
        m1_0.author_id,
        m1_0.channel_id,
        m1_0.content,
        m1_0.created_at,
        m1_0.updated_at 
    [34mfrom[0m
        messages m1_0 
    [34mleft[0m [34mjoin[0m
        channels c1_0 
            [34mon[0m c1_0.id=m1_0.channel_id 
    [34mwhere[0m
        c1_0.id=?
26-03-31 11:30:07.386 [Test worker] TRACE org.hibernate.orm.jdbc.bind - binding parameter (1:UUID) <- [42dc4571-25f7-4acd-872e-0ff2ef63ddea]
26-03-31 11:30:07.462 [Test worker] DEBUG org.hibernate.SQL - 
    /* [34mdelete[0m [34mfor[0m com.sprint.mission.discodeit.entity.Message */[34mdelete[0m 
    [34mfrom[0m
        messages 
    [34mwhere[0m
        id=?
26-03-31 11:30:07.464 [Test worker] TRACE org.hibernate.orm.jdbc.bind - binding parameter (1:UUID) <- [4e56c09d-fb4e-4b2d-b7bd-cbf1bfd1045d]
26-03-31 11:30:07.470 [Test worker] DEBUG org.hibernate.SQL - 
    /* [34mdelete[0m [34mfor[0m com.sprint.mission.discodeit.entity.Message */[34mdelete[0m 
    [34mfrom[0m
        messages 
    [34mwhere[0m
        id=?
26-03-31 11:30:07.471 [Test worker] TRACE org.hibernate.orm.jdbc.bind - binding parameter (1:UUID) <- [f23cdfcb-8963-49d4-ba4a-60f2b5d285a2]
26-03-31 11:30:07.490 [Test worker] DEBUG org.hibernate.SQL - 
    /* <criteria> */ [34mselect[0m
        m1_0.id,
        m1_0.author_id,
        m1_0.channel_id,
        m1_0.content,
        m1_0.created_at,
        m1_0.updated_at 
    [34mfrom[0m
        messages m1_0
26-03-31 11:30:07.647 [Test worker] DEBUG org.hibernate.SQL - 
    /* [34minsert[0m [34mfor[0m
        com.sprint.mission.discodeit.entity.[34mUser[0m */[34minsert[0m 
    [34minto[0m
        users (created_at, email, password, profile_id, updated_at, username, id) 
    [34mvalues[0m
        (?, ?, ?, ?, ?, ?, ?)
26-03-31 11:30:07.648 [Test worker] TRACE org.hibernate.orm.jdbc.bind - binding parameter (1:TIMESTAMP_UTC) <- [2026-03-31T02:30:07.641013100Z]
26-03-31 11:30:07.648 [Test worker] TRACE org.hibernate.orm.jdbc.bind - binding parameter (2:VARCHAR) <- [t@t.com]
26-03-31 11:30:07.648 [Test worker] TRACE org.hibernate.orm.jdbc.bind - binding parameter (3:VARCHAR) <- [p]
26-03-31 11:30:07.648 [Test worker] TRACE org.hibernate.orm.jdbc.bind - binding parameter (4:UUID) <- [null]
26-03-31 11:30:07.649 [Test worker] TRACE org.hibernate.orm.jdbc.bind - binding parameter (5:TIMESTAMP_UTC) <- [2026-03-31T02:30:07.641013100Z]
26-03-31 11:30:07.649 [Test worker] TRACE org.hibernate.orm.jdbc.bind - binding parameter (6:VARCHAR) <- [test]
26-03-31 11:30:07.649 [Test worker] TRACE org.hibernate.orm.jdbc.bind - binding parameter (7:UUID) <- [842780d3-23d8-48b8-b3f4-0cb0476fc0b4]
26-03-31 11:30:07.654 [Test worker] DEBUG org.hibernate.SQL - 
    /* [34minsert[0m [34mfor[0m
        com.sprint.mission.discodeit.entity.Channel */[34minsert[0m 
    [34minto[0m
        channels (created_at, description, name, type, updated_at, id) 
    [34mvalues[0m
        (?, ?, ?, ?, ?, ?)
26-03-31 11:30:07.655 [Test worker] TRACE org.hibernate.orm.jdbc.bind - binding parameter (1:TIMESTAMP_UTC) <- [2026-03-31T02:30:07.642013100Z]
26-03-31 11:30:07.655 [Test worker] TRACE org.hibernate.orm.jdbc.bind - binding parameter (2:VARCHAR) <- [null]
26-03-31 11:30:07.656 [Test worker] TRACE org.hibernate.orm.jdbc.bind - binding parameter (3:VARCHAR) <- [test]
26-03-31 11:30:07.656 [Test worker] TRACE org.hibernate.orm.jdbc.bind - binding parameter (4:ENUM) <- [PUBLIC]
26-03-31 11:30:07.656 [Test worker] TRACE org.hibernate.orm.jdbc.bind - binding parameter (5:TIMESTAMP_UTC) <- [2026-03-31T02:30:07.642013100Z]
26-03-31 11:30:07.657 [Test worker] TRACE org.hibernate.orm.jdbc.bind - binding parameter (6:UUID) <- [127570ed-ff08-46c3-8dce-de708a3f958f]
26-03-31 11:30:07.657 [Test worker] DEBUG org.hibernate.SQL - 
    /* [34minsert[0m [34mfor[0m
        com.sprint.mission.discodeit.entity.Message */[34minsert[0m 
    [34minto[0m
        messages (author_id, channel_id, content, created_at, updated_at, id) 
    [34mvalues[0m
        (?, ?, ?, ?, ?, ?)
26-03-31 11:30:07.658 [Test worker] TRACE org.hibernate.orm.jdbc.bind - binding parameter (1:UUID) <- [842780d3-23d8-48b8-b3f4-0cb0476fc0b4]
26-03-31 11:30:07.659 [Test worker] TRACE org.hibernate.orm.jdbc.bind - binding parameter (2:UUID) <- [127570ed-ff08-46c3-8dce-de708a3f958f]
26-03-31 11:30:07.659 [Test worker] TRACE org.hibernate.orm.jdbc.bind - binding parameter (3:VARCHAR) <- [old]
26-03-31 11:30:07.659 [Test worker] TRACE org.hibernate.orm.jdbc.bind - binding parameter (4:TIMESTAMP_UTC) <- [2026-03-31T02:30:07.645538500Z]
26-03-31 11:30:07.659 [Test worker] TRACE org.hibernate.orm.jdbc.bind - binding parameter (5:TIMESTAMP_UTC) <- [2026-03-31T02:30:07.645538500Z]
26-03-31 11:30:07.660 [Test worker] TRACE org.hibernate.orm.jdbc.bind - binding parameter (6:UUID) <- [6d12c257-4875-418d-882b-08719defe06f]
26-03-31 11:30:07.661 [Test worker] DEBUG org.hibernate.SQL - 
    /* [34minsert[0m [34mfor[0m
        com.sprint.mission.discodeit.entity.Message */[34minsert[0m 
    [34minto[0m
        messages (author_id, channel_id, content, created_at, updated_at, id) 
    [34mvalues[0m
        (?, ?, ?, ?, ?, ?)
26-03-31 11:30:07.662 [Test worker] TRACE org.hibernate.orm.jdbc.bind - binding parameter (1:UUID) <- [842780d3-23d8-48b8-b3f4-0cb0476fc0b4]
26-03-31 11:30:07.662 [Test worker] TRACE org.hibernate.orm.jdbc.bind - binding parameter (2:UUID) <- [127570ed-ff08-46c3-8dce-de708a3f958f]
26-03-31 11:30:07.662 [Test worker] TRACE org.hibernate.orm.jdbc.bind - binding parameter (3:VARCHAR) <- [new]
26-03-31 11:30:07.662 [Test worker] TRACE org.hibernate.orm.jdbc.bind - binding parameter (4:TIMESTAMP_UTC) <- [2026-03-31T02:30:07.645538500Z]
26-03-31 11:30:07.662 [Test worker] TRACE org.hibernate.orm.jdbc.bind - binding parameter (5:TIMESTAMP_UTC) <- [2026-03-31T02:30:07.645538500Z]
26-03-31 11:30:07.662 [Test worker] TRACE org.hibernate.orm.jdbc.bind - binding parameter (6:UUID) <- [52f61c98-7383-4108-b636-830918822751]
26-03-31 11:30:07.713 [Test worker] DEBUG org.hibernate.SQL - 
    /* [34mdynamic[0m native [34mSQL[0m query */ [34mUPDATE[0m
        messages 
    [34mSET[0m
        created_at = ? 
    [34mWHERE[0m
        id = ?
26-03-31 11:30:07.717 [Test worker] TRACE org.hibernate.orm.jdbc.bind - binding parameter (1:TIMESTAMP_UTC) <- [2026-03-31T10:00:00Z]
26-03-31 11:30:07.718 [Test worker] TRACE org.hibernate.orm.jdbc.bind - binding parameter (2:UUID) <- [6d12c257-4875-418d-882b-08719defe06f]
26-03-31 11:30:07.721 [Test worker] DEBUG org.hibernate.SQL - 
    /* [34mdynamic[0m native [34mSQL[0m query */ [34mUPDATE[0m
        messages 
    [34mSET[0m
        created_at = ? 
    [34mWHERE[0m
        id = ?
26-03-31 11:30:07.722 [Test worker] TRACE org.hibernate.orm.jdbc.bind - binding parameter (1:TIMESTAMP_UTC) <- [2026-03-31T10:00:02Z]
26-03-31 11:30:07.722 [Test worker] TRACE org.hibernate.orm.jdbc.bind - binding parameter (2:UUID) <- [52f61c98-7383-4108-b636-830918822751]
26-03-31 11:30:07.749 [Test worker] DEBUG org.hibernate.SQL - 
    /* [34mSELECT[0m
        m 
    [34mFROM[0m
        Message m 
    [34mWHERE[0m
        m.channel.id = :channelId 
        [34mAND[0m m.createdAt < :cursor 
    [34mORDER[0m [34mBY[0m
        m.createdAt DESC */ [34mselect[0m
            m1_0.id,
            m1_0.author_id,
            m1_0.channel_id,
            m1_0.content,
            m1_0.created_at,
            m1_0.updated_at 
        [34mfrom[0m
            messages m1_0 
        [34mwhere[0m
            m1_0.channel_id=? 
            [34mand[0m m1_0.created_at<? 
        [34morder[0m [34mby[0m
            m1_0.created_at desc 
        [34mfetch[0m
            first ? [34mrows[0m [34monly[0m
26-03-31 11:30:07.752 [Test worker] TRACE org.hibernate.orm.jdbc.bind - binding parameter (1:UUID) <- [127570ed-ff08-46c3-8dce-de708a3f958f]
26-03-31 11:30:07.752 [Test worker] TRACE org.hibernate.orm.jdbc.bind - binding parameter (2:TIMESTAMP_UTC) <- [2026-03-31T10:00:01Z]
26-03-31 11:30:07.752 [Test worker] TRACE org.hibernate.orm.jdbc.bind - binding parameter (3:INTEGER) <- [11]
26-03-31 11:30:07.820 [SpringApplicationShutdownHook] INFO  o.s.o.j.LocalContainerEntityManagerFactoryBean - Closing JPA EntityManagerFactory for persistence unit 'default'
26-03-31 11:30:07.822 [SpringApplicationShutdownHook] DEBUG org.hibernate.SQL - 
    [34mdrop[0m [34mtable[0m [34mif[0m [34mexists[0m binary_contents [34mcascade[0m 
26-03-31 11:30:07.825 [SpringApplicationShutdownHook] DEBUG org.hibernate.SQL - 
    [34mdrop[0m [34mtable[0m [34mif[0m [34mexists[0m channels [34mcascade[0m 
26-03-31 11:30:07.827 [SpringApplicationShutdownHook] DEBUG org.hibernate.SQL - 
    [34mdrop[0m [34mtable[0m [34mif[0m [34mexists[0m message_attachments [34mcascade[0m 
26-03-31 11:30:07.828 [SpringApplicationShutdownHook] DEBUG org.hibernate.SQL - 
    [34mdrop[0m [34mtable[0m [34mif[0m [34mexists[0m messages [34mcascade[0m 
26-03-31 11:30:07.830 [SpringApplicationShutdownHook] DEBUG org.hibernate.SQL - 
    [34mdrop[0m [34mtable[0m [34mif[0m [34mexists[0m read_statuses [34mcascade[0m 
26-03-31 11:30:07.832 [SpringApplicationShutdownHook] DEBUG org.hibernate.SQL - 
    [34mdrop[0m [34mtable[0m [34mif[0m [34mexists[0m user_statuses [34mcascade[0m 
26-03-31 11:30:07.834 [SpringApplicationShutdownHook] DEBUG org.hibernate.SQL - 
    [34mdrop[0m [34mtable[0m [34mif[0m [34mexists[0m users [34mcascade[0m 
